,nickName,TargetType_descr,dropBack,FP_yards,FP_TD,FP_intercept,FP_total,FP/DB
0,49ers,Angle,4,1.08,0,0,1.08,0.27
1,49ers,Beneath,2,0.88,0,0,0.88,0.44
2,49ers,Broken Play,27,10.040000000000001,4,-1,13.04,0.4829629629629629
3,49ers,Check & Release,16,4.64,0,0,4.64,0.29
4,49ers,Chip - Curl,6,1.2,0,0,1.2,0.19999999999999998
5,49ers,Chip - Drag,5,1.12,0,-1,0.12,0.024
6,49ers,Chip - Flat,19,3.8400000000000003,0,0,3.8400000000000003,0.20210526315789476
7,49ers,Chip - Seam,4,2.08,4,0,6.080000000000001,1.5200000000000002
8,49ers,Comeback,12,3.52,0,0,3.52,0.29333333333333333
9,49ers,Corner,15,7.559999999999999,16,0,23.560000000000002,1.5706666666666669
10,49ers,Curl,89,24.35999999999999,8,-2,30.35999999999999,0.3411235955056178
11,49ers,Deep Cross,8,7.68,4,0,11.68,1.46
12,49ers,Dig,41,12.040000000000001,0,-1,11.04,0.2692682926829268
13,49ers,Drag,16,2.6400000000000006,0,-1,1.6400000000000006,0.10250000000000004
14,49ers,Fade,18,5.88,12,0,17.88,0.9933333333333333
15,49ers,Fade - Back Shoulder,12,4.52,4,0,8.52,0.71
16,49ers,Flat - Left,17,3.4400000000000013,0,0,3.4400000000000013,0.20235294117647065
17,49ers,Flat - Right,15,1.52,0,0,1.52,0.10133333333333333
18,49ers,Go/Fly,28,11.76,0,-2,9.76,0.3485714285714286
19,49ers,Hitch & Go,5,1.12,4,0,5.12,1.024
20,49ers,Jet Sweep Pass,1,-0.12,0,0,-0.12,-0.12
21,49ers,No Video,1,0.0,0,0,0.0,0.0
22,49ers,Out,62,17.120000000000005,4,0,21.119999999999997,0.3406451612903225
23,49ers,Out & Up,4,3.4400000000000004,0,0,3.4400000000000004,0.8600000000000001
24,49ers,Over Ball,7,1.48,0,-1,0.48,0.06857142857142857
25,49ers,Post,21,8.92,4,-1,11.919999999999998,0.5676190476190476
26,49ers,Quick,1,0.28,0,0,0.28,0.28
27,49ers,Screen - Bubble,8,0.52,0,0,0.52,0.065
28,49ers,Screen - Drag,3,0.72,0,0,0.72,0.24
29,49ers,Screen - Quick,1,0.04,0,0,0.04,0.04
30,49ers,Screen - RB,6,1.8,0,0,1.8,0.3
31,49ers,Screen - TE,3,0.6,0,0,0.6,0.19999999999999998
32,49ers,Screen - Tunnel,16,2.0399999999999996,0,-1,1.0399999999999996,0.06499999999999997
33,49ers,Seam,3,0.32,4,0,4.32,1.4400000000000002
34,49ers,Slant,34,8.840000000000003,0,-2,6.840000000000001,0.20117647058823532
35,49ers,Sluggo,1,1.28,4,0,5.28,5.28
36,49ers,Stick - Nod,3,1.0,0,0,1.0,0.3333333333333333
37,49ers,Swing - Left,3,0.16,0,0,0.16,0.05333333333333334
38,49ers,Swing - Right,7,1.44,0,0,1.44,0.2057142857142857
39,49ers,Wheel,4,3.0,4,0,7.0,1.75
40,49ers,Whip,3,0.6,4,0,4.6000000000000005,1.5333333333333334
41,Bears,Angle,6,1.96,0,0,1.96,0.32666666666666666
42,Bears,Beneath,1,0.28,0,0,0.28,0.28
43,Bears,Broken Play,21,8.52,0,0,8.52,0.4057142857142857
44,Bears,Check & Release,7,1.44,4,0,5.440000000000001,0.7771428571428574
45,Bears,Chip - Drag,2,0.76,0,0,0.76,0.38
46,Bears,Chip - Flat,14,3.08,0,0,3.08,0.22
47,Bears,Comeback,4,0.0,0,0,0.0,0.0
48,Bears,Corner,20,7.64,12,0,19.640000000000004,0.9820000000000002
49,Bears,Corner Post,1,0.0,0,0,0.0,0.0
50,Bears,Curl,38,9.36,4,-2,11.359999999999998,0.2989473684210526
51,Bears,Deep Cross,10,4.36,4,0,8.36,0.836
52,Bears,Dig,31,7.8,4,0,11.800000000000002,0.38064516129032266
53,Bears,Drag,10,1.04,0,0,1.04,0.10400000000000001
54,Bears,Fade,10,1.6400000000000001,4,0,5.64,0.564
55,Bears,Fade - Back Shoulder,5,1.88,0,0,1.88,0.376
56,Bears,Flat - Left,5,1.76,0,0,1.76,0.352
57,Bears,Flat - Right,12,2.64,0,0,2.64,0.22
58,Bears,Go/Fly,18,6.32,8,0,14.32,0.7955555555555556
59,Bears,Hitch & Go,2,0.72,0,0,0.72,0.36
60,Bears,Jerk,2,0.52,0,0,0.52,0.26
61,Bears,Jet Sweep Pass,3,0.4,0,0,0.4,0.13333333333333333
62,Bears,Out,43,10.64,0,0,10.64,0.2474418604651163
63,Bears,Out & Up,3,2.12,8,0,10.12,3.373333333333333
64,Bears,Over Ball,3,0.84,0,0,0.84,0.27999999999999997
65,Bears,Post,11,7.3999999999999995,8,-2,13.4,1.2181818181818183
66,Bears,Quick,4,0.64,0,0,0.64,0.16
67,Bears,Screen - Beneath,1,0.0,0,0,0.0,0.0
68,Bears,Screen - Bubble,3,1.4,0,0,1.4,0.4666666666666666
69,Bears,Screen - Quick,2,0.52,0,0,0.52,0.26
70,Bears,Screen - RB,3,0.8,0,0,0.8,0.26666666666666666
71,Bears,Screen - Shovel,1,0.04,4,0,4.04,4.04
72,Bears,Screen - Tunnel,9,5.36,0,0,5.36,0.5955555555555556
73,Bears,Seam,17,4.6,12,-1,15.6,0.9176470588235294
74,Bears,Slant,34,12.160000000000002,8,0,20.160000000000007,0.5929411764705884
75,Bears,Sluggo,1,1.56,4,0,5.5600000000000005,5.5600000000000005
76,Bears,Swing - Left,3,0.48,0,0,0.48,0.16
77,Bears,Swing - Right,10,1.72,4,0,5.720000000000001,0.5720000000000001
78,Bears,Wheel,2,0.0,0,0,0.0,0.0
79,Bears,Whip,7,2.6799999999999997,0,0,2.6799999999999997,0.38285714285714284
80,Bengals,Angle,9,1.9199999999999997,0,0,1.9199999999999997,0.2133333333333333
81,Bengals,Beneath,1,0.28,0,0,0.28,0.28
82,Bengals,Broken Play,46,9.72,8,-2,15.720000000000002,0.34173913043478266
83,Bengals,Check & Release,19,4.960000000000002,4,0,8.96,0.4715789473684211
84,Bengals,Chip - Curl,3,0.28,0,-1,-0.72,-0.24
85,Bengals,Chip - Drag,4,1.04,4,0,5.040000000000001,1.2600000000000002
86,Bengals,Chip - Flat,17,3.04,0,0,3.04,0.17882352941176471
87,Bengals,Comeback,4,1.08,0,0,1.08,0.27
88,Bengals,Corner,13,3.56,0,0,3.56,0.27384615384615385
89,Bengals,Corner Post,3,2.76,4,0,6.76,2.2533333333333334
90,Bengals,Curl,81,21.91999999999999,0,-3,18.919999999999995,0.23358024691358018
91,Bengals,Deep Cross,29,13.4,12,-1,24.4,0.8413793103448275
92,Bengals,Dig,42,13.6,0,-1,12.6,0.3
93,Bengals,Drag,27,6.360000000000001,0,-1,5.36,0.19851851851851854
94,Bengals,Fade,18,8.76,12,0,20.76,1.1533333333333333
95,Bengals,Fade - Back Shoulder,5,2.44,0,0,2.44,0.488
96,Bengals,Flat - Left,15,3.7600000000000007,4,0,7.76,0.5173333333333333
97,Bengals,Flat - Right,8,2.4000000000000004,0,0,2.4000000000000004,0.30000000000000004
98,Bengals,Go/Fly,14,5.6,12,-1,16.6,1.1857142857142857
99,Bengals,Hitch & Go,5,3.6799999999999997,4,0,7.68,1.536
100,Bengals,Jet Sweep Pass,3,0.11999999999999998,0,0,0.11999999999999998,0.039999999999999994
101,Bengals,Out,71,18.0,12,-1,28.999999999999993,0.408450704225352
102,Bengals,Out & Up,1,0.0,0,0,0.0,0.0
103,Bengals,Over Ball,15,3.16,0,0,3.16,0.21066666666666667
104,Bengals,Post,12,7.6000000000000005,8,0,15.600000000000003,1.3000000000000003
105,Bengals,Post Corner,2,1.6400000000000001,0,0,1.6400000000000001,0.8200000000000001
106,Bengals,Quick,3,0.76,0,0,0.76,0.25333333333333335
107,Bengals,Screen - Bubble,5,1.0799999999999998,0,0,1.0799999999999998,0.21599999999999997
108,Bengals,Screen - Quick,1,0.08,0,0,0.08,0.08
109,Bengals,Screen - RB,3,1.1600000000000001,0,0,1.1600000000000001,0.3866666666666667
110,Bengals,Screen - Shovel,1,0.08,0,0,0.08,0.08
111,Bengals,Screen - TE,2,1.08,0,0,1.08,0.54
112,Bengals,Screen - Tunnel,8,1.12,4,0,5.120000000000001,0.6400000000000001
113,Bengals,Seam,17,9.56,0,-2,7.56,0.4447058823529412
114,Bengals,Slant,38,10.719999999999999,12,-1,21.72,0.5715789473684211
115,Bengals,Stick - Nod,1,0.52,4,0,4.52,4.52
116,Bengals,Swing - Left,16,4.680000000000001,0,0,4.680000000000001,0.29250000000000004
117,Bengals,Swing - Right,8,1.36,0,0,1.36,0.17
118,Bengals,Wheel,6,0.04,0,0,0.04,0.006666666666666667
119,Bengals,Whip,9,2.4000000000000004,0,0,2.4000000000000004,0.2666666666666667
120,Bills,Angle,10,2.04,0,0,2.04,0.20400000000000001
121,Bills,Beneath,1,0.36,0,0,0.36,0.36
122,Bills,Broken Play,39,8.6,4,-3,9.6,0.24615384615384614
123,Bills,Check & Release,4,0.6,0,0,0.6,0.15
124,Bills,Chip - Curl,11,1.92,0,0,1.92,0.17454545454545453
125,Bills,Chip - Drag,4,1.5999999999999999,0,0,1.5999999999999999,0.39999999999999997
126,Bills,Chip - Flat,9,1.96,0,0,1.96,0.21777777777777776
127,Bills,Comeback,8,1.6,0,0,1.6,0.2
128,Bills,Corner,17,4.0,12,0,16.0,0.9411764705882353
129,Bills,Curl,68,15.879999999999994,4,-3,16.879999999999992,0.24823529411764694
130,Bills,Deep Cross,12,7.08,0,0,7.08,0.59
131,Bills,Dig,50,16.0,4,-2,18.0,0.36
132,Bills,Drag,36,10.919999999999998,4,-1,13.919999999999998,0.3866666666666666
133,Bills,Fade,11,0.92,0,0,0.92,0.08363636363636363
134,Bills,Fade - Back Shoulder,4,2.08,4,0,6.08,1.52
135,Bills,Flat - Left,11,1.76,0,0,1.76,0.16
136,Bills,Flat - Right,8,1.84,0,0,1.84,0.23
137,Bills,Go/Fly,8,0.0,0,-2,-2.0,-0.25
138,Bills,Hitch & Go,2,0.0,0,-1,-1.0,-0.5
139,Bills,Out,45,9.799999999999999,4,-1,12.799999999999997,0.2844444444444444
140,Bills,Out & Up,4,1.12,0,0,1.12,0.28
141,Bills,Over Ball,4,0.56,0,0,0.56,0.14
142,Bills,Post,4,0.88,0,-2,-1.12,-0.28
143,Bills,Quick,2,0.4,0,0,0.4,0.2
144,Bills,Screen - Bubble,7,1.72,0,0,1.72,0.24571428571428572
145,Bills,Screen - Quick,3,1.0,0,0,1.0,0.3333333333333333
146,Bills,Screen - Shovel,1,0.04,4,0,4.04,4.04
147,Bills,Screen - TE,2,0.2,0,0,0.2,0.1
148,Bills,Screen - Tunnel,19,6.68,0,0,6.68,0.35157894736842105
149,Bills,Seam,7,3.2399999999999998,0,0,3.2399999999999998,0.4628571428571428
150,Bills,Slant,31,8.520000000000001,4,-3,9.52,0.30709677419354836
151,Bills,Sluggo,2,0.0,0,-1,-1.0,-0.5
152,Bills,Stick - Nod,2,0.0,0,0,0.0,0.0
153,Bills,Swing - Left,2,0.32,0,0,0.32,0.16
154,Bills,Swing - Right,6,1.0,0,0,1.0,0.16666666666666666
155,Bills,Wheel,7,1.96,4,-1,4.96,0.7085714285714285
156,Bills,Whip,9,3.84,0,0,3.84,0.42666666666666664
157,Broncos,Angle,13,1.48,4,0,5.48,0.4215384615384616
158,Broncos,Broken Play,38,9.6,4,-2,11.6,0.30526315789473685
159,Broncos,Check & Release,7,2.48,0,0,2.48,0.35428571428571426
160,Broncos,Chip - Curl,6,1.24,0,0,1.24,0.20666666666666667
161,Broncos,Chip - Drag,4,0.84,4,0,4.84,1.21
162,Broncos,Chip - Flat,5,0.28,0,0,0.28,0.05600000000000001
163,Broncos,Chip - Seam,1,0.36,0,0,0.36,0.36
164,Broncos,Comeback,12,1.6400000000000001,0,0,1.6400000000000001,0.1366666666666667
165,Broncos,Corner,12,4.04,8,0,12.04,1.0033333333333332
166,Broncos,Corner Post,1,0.0,0,0,0.0,0.0
167,Broncos,Curl,41,7.840000000000003,0,0,7.840000000000003,0.19121951219512204
168,Broncos,Deep Cross,13,7.639999999999999,4,0,11.64,0.8953846153846154
169,Broncos,Dig,41,16.880000000000003,0,-1,15.879999999999999,0.38731707317073166
170,Broncos,Drag,20,6.320000000000002,4,0,10.32,0.516
171,Broncos,Fade,6,2.04,0,0,2.04,0.34
172,Broncos,Fade - Back Shoulder,4,1.08,0,0,1.08,0.27
173,Broncos,Flat - Left,15,3.56,4,0,7.560000000000001,0.5040000000000001
174,Broncos,Flat - Right,12,4.200000000000001,0,0,4.200000000000001,0.3500000000000001
175,Broncos,Go/Fly,14,4.4799999999999995,8,-3,9.48,0.6771428571428572
176,Broncos,Hitch & Go,5,0.0,0,0,0.0,0.0
177,Broncos,Jerk,3,0.92,0,0,0.92,0.3066666666666667
178,Broncos,Jet Sweep Pass,3,0.04000000000000001,0,0,0.04000000000000001,0.013333333333333336
179,Broncos,Leak,2,2.24,4,-1,5.24,2.62
180,Broncos,Out,70,16.56,0,-2,14.56,0.20800000000000002
181,Broncos,Out & Up,4,1.24,4,0,5.24,1.31
182,Broncos,Over Ball,6,1.9600000000000002,0,0,1.9600000000000002,0.3266666666666667
183,Broncos,Post,13,8.24,4,0,12.239999999999998,0.9415384615384614
184,Broncos,Post Corner,2,0.0,0,0,0.0,0.0
185,Broncos,Quick,1,0.0,0,-1,-1.0,-1.0
186,Broncos,Screen - Bubble,3,0.56,0,0,0.56,0.18666666666666668
187,Broncos,Screen - RB,4,1.2,0,0,1.2,0.3
188,Broncos,Screen - TE,1,0.32,0,0,0.32,0.32
189,Broncos,Screen - Tunnel,5,0.72,0,0,0.72,0.144
190,Broncos,Seam,7,4.24,4,0,8.24,1.1771428571428573
191,Broncos,Slant,32,7.680000000000003,4,0,11.68,0.365
192,Broncos,Swing - Left,13,2.1600000000000006,8,0,10.160000000000002,0.7815384615384617
193,Broncos,Swing - Right,6,0.88,0,0,0.88,0.14666666666666667
194,Broncos,Wheel,4,0.52,0,-1,-0.48,-0.12
195,Broncos,Whip,12,2.92,4,0,6.920000000000001,0.5766666666666668
196,Browns,Angle,5,1.48,0,0,1.48,0.296
197,Browns,Beneath,3,0.32,0,0,0.32,0.10666666666666667
198,Browns,Broken Play,25,10.96,8,-1,17.96,0.7184
199,Browns,Check & Release,4,0.8,0,0,0.8,0.2
200,Browns,Chip - Curl,3,0.56,0,0,0.56,0.18666666666666668
201,Browns,Chip - Drag,1,0.0,0,0,0.0,0.0
202,Browns,Chip - Flat,15,3.0000000000000004,0,0,3.0000000000000004,0.20000000000000004
203,Browns,Comeback,8,3.0,0,0,3.0,0.375
204,Browns,Corner,8,3.8799999999999994,4,0,7.88,0.985
205,Browns,Curl,68,19.039999999999992,8,-2,25.039999999999996,0.368235294117647
206,Browns,Deep Cross,11,5.56,0,-1,4.56,0.4145454545454545
207,Browns,Dig,21,4.96,4,-2,6.96,0.3314285714285714
208,Browns,Drag,13,1.4400000000000002,0,-1,0.4400000000000001,0.03384615384615385
209,Browns,Fade,9,5.72,0,0,5.72,0.6355555555555555
210,Browns,Fade - Back Shoulder,5,1.0,4,0,5.0,1.0
211,Browns,Flat - Left,21,3.56,4,0,7.5600000000000005,0.36000000000000004
212,Browns,Flat - Right,10,2.7600000000000007,4,0,6.760000000000001,0.676
213,Browns,Go/Fly,18,4.960000000000001,0,0,4.960000000000001,0.2755555555555556
214,Browns,Hitch & Go,5,0.0,0,0,0.0,0.0
215,Browns,Jerk,2,0.28,0,0,0.28,0.14
216,Browns,Jet Sweep Pass,1,-0.24,0,0,-0.24,-0.24
217,Browns,Leak,1,0.0,0,0,0.0,0.0
218,Browns,Out,45,11.120000000000003,16,0,27.12,0.6026666666666667
219,Browns,Out & Up,2,0.0,0,0,0.0,0.0
220,Browns,Over Ball,2,0.24,0,0,0.24,0.12
221,Browns,Post,14,5.0,4,-5,4.0,0.2857142857142857
222,Browns,Post Corner,2,0.0,0,0,0.0,0.0
223,Browns,Quick,1,0.16,0,0,0.16,0.16
224,Browns,Screen - Bubble,6,2.12,4,0,6.120000000000001,1.0200000000000002
225,Browns,Screen - Drag,5,1.7600000000000002,0,0,1.7600000000000002,0.35200000000000004
226,Browns,Screen - Quick,2,0.39999999999999997,0,0,0.39999999999999997,0.19999999999999998
227,Browns,Screen - RB,7,1.96,4,0,5.960000000000001,0.8514285714285715
228,Browns,Screen - TE,3,0.8,0,0,0.8,0.26666666666666666
229,Browns,Screen - Tunnel,4,0.28,0,0,0.28,0.07
230,Browns,Seam,9,4.4,12,0,16.4,1.822222222222222
231,Browns,Slant,29,7.440000000000001,4,-2,9.44,0.3255172413793103
232,Browns,Swing - Left,9,1.6,0,0,1.6,0.17777777777777778
233,Browns,Swing - Right,5,0.15999999999999998,0,0,0.15999999999999998,0.031999999999999994
234,Browns,Wheel,2,0.0,0,0,0.0,0.0
235,Browns,Whip,6,0.52,0,-1,-0.4799999999999999,-0.07999999999999999
236,Buccaneers,Angle,8,1.8800000000000001,4,0,5.88,0.735
237,Buccaneers,Beneath,5,0.92,0,0,0.92,0.184
238,Buccaneers,Broken Play,44,11.840000000000003,0,-4,7.839999999999999,0.17818181818181816
239,Buccaneers,Check & Release,12,2.52,4,0,6.520000000000002,0.5433333333333336
240,Buccaneers,Chip - Curl,7,1.44,0,0,1.44,0.2057142857142857
241,Buccaneers,Chip - Drag,5,1.3199999999999998,0,0,1.3199999999999998,0.26399999999999996
242,Buccaneers,Chip - Flat,16,3.160000000000001,0,0,3.160000000000001,0.19750000000000006
243,Buccaneers,Chip - Seam,1,0.96,0,0,0.96,0.96
244,Buccaneers,Comeback,9,1.08,0,0,1.08,0.12000000000000001
245,Buccaneers,Corner,18,5.92,12,0,17.919999999999998,0.9955555555555554
246,Buccaneers,Corner Post,1,0.0,0,-1,-1.0,-1.0
247,Buccaneers,Curl,117,30.679999999999996,0,-4,26.679999999999996,0.228034188034188
248,Buccaneers,Deep Cross,17,6.319999999999999,4,0,10.319999999999999,0.6070588235294117
249,Buccaneers,Dig,27,10.439999999999998,0,-1,9.439999999999998,0.34962962962962957
250,Buccaneers,Drag,14,4.680000000000001,0,0,4.680000000000001,0.33428571428571435
251,Buccaneers,Fade,11,0.76,4,0,4.76,0.4327272727272727
252,Buccaneers,Fade - Back Shoulder,11,1.3199999999999998,4,0,5.32,0.48363636363636364
253,Buccaneers,Flat - Left,18,1.76,8,0,9.76,0.5422222222222222
254,Buccaneers,Flat - Right,20,2.7200000000000006,0,-1,1.72,0.086
255,Buccaneers,Go/Fly,18,5.44,4,-3,6.440000000000001,0.35777777777777786
256,Buccaneers,Hitch & Go,3,2.4,4,0,6.3999999999999995,2.1333333333333333
257,Buccaneers,Jet Sweep Pass,3,1.1600000000000001,0,0,1.1600000000000001,0.3866666666666667
258,Buccaneers,No Video,2,0.0,0,0,0.0,0.0
259,Buccaneers,Out,70,19.4,8,-1,26.399999999999995,0.37714285714285706
260,Buccaneers,Out & Up,3,0.0,0,0,0.0,0.0
261,Buccaneers,Over Ball,15,3.7600000000000002,0,0,3.7600000000000002,0.2506666666666667
262,Buccaneers,Post,22,12.840000000000002,4,-1,15.840000000000002,0.7200000000000001
263,Buccaneers,Post Corner,2,0.0,0,0,0.0,0.0
264,Buccaneers,Quick,3,0.56,0,0,0.56,0.18666666666666668
265,Buccaneers,Screen - Beneath,1,-0.08,0,0,-0.08,-0.08
266,Buccaneers,Screen - Bubble,9,1.2400000000000002,0,0,1.2400000000000002,0.1377777777777778
267,Buccaneers,Screen - Drag,1,0.76,0,0,0.76,0.76
268,Buccaneers,Screen - Quick,1,0.08,0,0,0.08,0.08
269,Buccaneers,Screen - RB,5,1.6,0,0,1.6,0.32
270,Buccaneers,Screen - Shovel,1,0.04,0,0,0.04,0.04
271,Buccaneers,Screen - TE,5,2.16,0,0,2.16,0.43200000000000005
272,Buccaneers,Screen - Tunnel,13,2.32,0,0,2.32,0.17846153846153845
273,Buccaneers,Seam,15,4.12,8,-1,11.12,0.7413333333333333
274,Buccaneers,Slant,35,7.800000000000003,8,0,15.800000000000002,0.4514285714285715
275,Buccaneers,Sluggo,2,3.92,4,0,7.92,3.96
276,Buccaneers,Swing - Left,10,1.28,0,0,1.28,0.128
277,Buccaneers,Swing - Right,9,1.0,0,0,1.0,0.1111111111111111
278,Buccaneers,Wheel,6,3.88,4,0,7.88,1.3133333333333332
279,Buccaneers,Whip,5,1.1199999999999999,0,0,1.1199999999999999,0.22399999999999998
280,Cardinals,Angle,6,1.56,0,0,1.56,0.26
281,Cardinals,Beneath,3,0.72,4,0,4.720000000000001,1.5733333333333335
282,Cardinals,Broken Play,25,11.320000000000002,8,-1,18.32,0.7328
283,Cardinals,Check & Release,9,2.16,0,0,2.16,0.24000000000000002
284,Cardinals,Chip - Curl,4,0.76,0,0,0.76,0.19
285,Cardinals,Chip - Drag,2,0.36,0,0,0.36,0.18
286,Cardinals,Chip - Flat,13,2.48,0,-1,1.48,0.11384615384615385
287,Cardinals,Chip - Seam,2,0.56,0,0,0.56,0.28
288,Cardinals,Comeback,5,1.3599999999999999,0,0,1.3599999999999999,0.27199999999999996
289,Cardinals,Corner,6,2.2,8,0,10.2,1.7
290,Cardinals,Curl,76,17.959999999999997,0,-2,15.959999999999996,0.20999999999999994
291,Cardinals,Deep Cross,13,6.32,4,0,10.32,0.7938461538461539
292,Cardinals,Dig,29,10.84,0,-3,7.840000000000001,0.2703448275862069
293,Cardinals,Drag,21,6.720000000000001,4,-1,9.72,0.4628571428571429
294,Cardinals,Fade,8,1.4,4,0,5.4,0.675
295,Cardinals,Fade - Back Shoulder,5,2.0,4,0,6.0,1.2
296,Cardinals,Flat - Left,12,3.5599999999999996,0,0,3.5599999999999996,0.29666666666666663
297,Cardinals,Flat - Right,12,1.96,0,0,1.96,0.16333333333333333
298,Cardinals,Go/Fly,14,4.84,8,0,12.84,0.9171428571428571
299,Cardinals,Hitch & Go,2,1.0,4,0,5.0,2.5
300,Cardinals,Jet Sweep Pass,1,0.12,0,0,0.12,0.12
301,Cardinals,Leak,1,1.48,4,0,5.48,5.48
302,Cardinals,No Video,1,0.0,0,0,0.0,0.0
303,Cardinals,Out,88,24.080000000000005,16,0,40.080000000000005,0.4554545454545455
304,Cardinals,Out & Up,2,0.0,0,0,0.0,0.0
305,Cardinals,Over Ball,4,1.92,0,0,1.92,0.48
306,Cardinals,Post,17,8.48,12,-1,19.480000000000004,1.1458823529411768
307,Cardinals,Post Corner,1,0.96,0,0,0.96,0.96
308,Cardinals,Quick,1,0.12,0,0,0.12,0.12
309,Cardinals,Screen - Bubble,12,2.960000000000001,0,0,2.960000000000001,0.24666666666666673
310,Cardinals,Screen - Drag,1,0.12,0,0,0.12,0.12
311,Cardinals,Screen - Quick,1,-0.08,0,0,-0.08,-0.08
312,Cardinals,Screen - RB,3,0.48000000000000004,0,0,0.48000000000000004,0.16
313,Cardinals,Screen - TE,2,0.6799999999999999,0,0,0.6799999999999999,0.33999999999999997
314,Cardinals,Screen - Tunnel,16,2.8000000000000007,0,0,2.8000000000000007,0.17500000000000004
315,Cardinals,Seam,6,0.88,4,0,4.88,0.8133333333333334
316,Cardinals,Slant,34,7.400000000000001,8,-2,13.399999999999999,0.39411764705882346
317,Cardinals,Swing - Left,5,0.9600000000000001,0,0,0.9600000000000001,0.192
318,Cardinals,Swing - Right,5,1.0,0,0,1.0,0.2
319,Cardinals,Wheel,2,0.0,0,0,0.0,0.0
320,Cardinals,Whip,9,1.84,0,0,1.84,0.20444444444444446
321,Chargers,Angle,3,0.52,4,0,4.5200000000000005,1.5066666666666668
322,Chargers,Beneath,1,0.04,0,0,0.04,0.04
323,Chargers,Broken Play,24,7.4799999999999995,4,-2,9.48,0.395
324,Chargers,Check & Release,1,0.0,0,0,0.0,0.0
325,Chargers,Chip - Curl,4,1.64,0,0,1.64,0.41
326,Chargers,Chip - Drag,4,0.72,0,0,0.72,0.18
327,Chargers,Chip - Flat,11,2.2399999999999998,0,0,2.2399999999999998,0.20363636363636362
328,Chargers,Chip - Seam,1,1.76,0,0,1.76,1.76
329,Chargers,Comeback,7,1.92,0,0,1.92,0.2742857142857143
330,Chargers,Corner,12,7.32,0,-1,6.32,0.5266666666666667
331,Chargers,Curl,43,11.120000000000001,4,-1,14.12,0.3283720930232558
332,Chargers,Deep Cross,25,10.64,20,-1,29.64,1.1856
333,Chargers,Dig,33,12.600000000000001,4,-1,15.600000000000001,0.4727272727272728
334,Chargers,Drag,14,4.04,8,0,12.040000000000001,0.8600000000000001
335,Chargers,Fade,6,3.2,0,0,3.2,0.5333333333333333
336,Chargers,Fade - Back Shoulder,5,1.6,0,0,1.6,0.32
337,Chargers,Flat - Left,13,2.5200000000000005,0,0,2.5200000000000005,0.1938461538461539
338,Chargers,Flat - Right,13,4.440000000000001,0,0,4.440000000000001,0.3415384615384616
339,Chargers,Go/Fly,15,4.08,4,-1,7.080000000000001,0.4720000000000001
340,Chargers,Hitch & Go,1,0.0,0,0,0.0,0.0
341,Chargers,Jet Sweep Pass,6,1.76,4,0,5.760000000000001,0.9600000000000001
342,Chargers,Leak,1,0.0,0,0,0.0,0.0
343,Chargers,Out,62,18.320000000000004,8,0,26.32,0.42451612903225805
344,Chargers,Out & Up,5,1.6,0,0,1.6,0.32
345,Chargers,Over Ball,5,1.1600000000000001,0,0,1.1600000000000001,0.23200000000000004
346,Chargers,Post,11,5.92,4,0,9.92,0.9018181818181819
347,Chargers,Post Corner,2,1.36,0,0,1.36,0.68
348,Chargers,Quick,4,0.27999999999999997,0,0,0.27999999999999997,0.06999999999999999
349,Chargers,Screen - Bubble,3,0.6000000000000001,0,0,0.6000000000000001,0.20000000000000004
350,Chargers,Screen - RB,6,1.48,4,0,5.48,0.9133333333333334
351,Chargers,Screen - TE,2,1.2,0,0,1.2,0.6
352,Chargers,Screen - Tunnel,5,0.8,0,0,0.8,0.16
353,Chargers,Seam,5,1.16,4,0,5.16,1.032
354,Chargers,Slant,24,8.600000000000001,0,-1,7.600000000000001,0.3166666666666667
355,Chargers,Swing - Left,9,1.84,0,0,1.84,0.20444444444444446
356,Chargers,Swing - Right,8,2.28,0,-1,1.28,0.16
357,Chargers,Whip,11,1.6,0,0,1.6,0.14545454545454548
358,Chiefs,Beneath,2,0.64,0,0,0.64,0.32
359,Chiefs,Broken Play,39,11.760000000000003,4,-2,13.760000000000003,0.3528205128205129
360,Chiefs,Check & Release,12,3.4800000000000004,4,0,7.48,0.6233333333333334
361,Chiefs,Chip - Curl,10,2.48,4,0,6.48,0.648
362,Chiefs,Chip - Drag,8,1.12,0,-1,0.12000000000000008,0.01500000000000001
363,Chiefs,Chip - Flat,11,2.16,0,0,2.16,0.19636363636363638
364,Chiefs,Chip - Seam,1,0.84,0,0,0.84,0.84
365,Chiefs,Comeback,7,2.24,0,0,2.24,0.32
366,Chiefs,Corner,14,7.4799999999999995,8,-1,14.48,1.0342857142857143
367,Chiefs,Corner Post,3,5.52,4,0,9.52,3.1733333333333333
368,Chiefs,Curl,89,24.159999999999997,12,-3,33.160000000000004,0.3725842696629214
369,Chiefs,Deep Cross,12,8.36,0,0,8.36,0.6966666666666667
370,Chiefs,Dig,31,9.040000000000001,0,-1,8.040000000000001,0.25935483870967746
371,Chiefs,Drag,14,4.6000000000000005,0,-1,3.5999999999999996,0.2571428571428571
372,Chiefs,Fade,27,4.48,4,-1,7.48,0.277037037037037
373,Chiefs,Fade - Back Shoulder,16,4.680000000000001,12,0,16.68,1.0425
374,Chiefs,Flat - Left,11,1.8,0,0,1.8,0.16363636363636364
375,Chiefs,Flat - Right,23,5.600000000000001,0,0,5.600000000000001,0.24347826086956528
376,Chiefs,Go/Fly,20,8.96,8,-1,15.96,0.798
377,Chiefs,Hitch & Go,1,0.0,0,0,0.0,0.0
378,Chiefs,Jet Sweep Pass,2,0.12,0,0,0.12,0.06
379,Chiefs,Leak,1,0.0,0,0,0.0,0.0
380,Chiefs,Out,51,14.359999999999998,16,0,30.359999999999992,0.5952941176470586
381,Chiefs,Out & Up,3,3.12,4,0,7.12,2.3733333333333335
382,Chiefs,Over Ball,5,1.0,0,0,1.0,0.2
383,Chiefs,Post,18,11.16,20,-2,29.159999999999997,1.6199999999999999
384,Chiefs,Quick,2,0.6799999999999999,0,0,0.6799999999999999,0.33999999999999997
385,Chiefs,Screen - Bubble,9,1.2000000000000002,0,0,1.2000000000000002,0.13333333333333336
386,Chiefs,Screen - Quick,3,1.7599999999999998,0,0,1.7599999999999998,0.5866666666666666
387,Chiefs,Screen - RB,5,4.08,4,0,8.08,1.616
388,Chiefs,Screen - TE,1,0.28,0,0,0.28,0.28
389,Chiefs,Screen - Tunnel,12,4.200000000000001,0,0,4.200000000000001,0.3500000000000001
390,Chiefs,Seam,10,4.16,4,-1,7.159999999999999,0.716
391,Chiefs,Slant,37,7.920000000000001,0,0,7.920000000000001,0.2140540540540541
392,Chiefs,Sluggo,3,0.0,0,0,0.0,0.0
393,Chiefs,Stick - Nod,1,0.0,0,0,0.0,0.0
394,Chiefs,Swing - Left,14,3.4,0,0,3.4,0.24285714285714285
395,Chiefs,Swing - Right,17,4.36,0,-1,3.3600000000000008,0.19764705882352945
396,Chiefs,Wheel,4,0.92,0,0,0.92,0.23
397,Chiefs,Whip,3,0.32,4,0,4.32,1.4400000000000002
398,Colts,Angle,7,2.36,4,0,6.359999999999999,0.9085714285714285
399,Colts,Beneath,3,0.72,0,0,0.72,0.24
400,Colts,Broken Play,29,9.64,16,0,25.639999999999997,0.8841379310344827
401,Colts,Check & Release,16,4.200000000000001,0,0,4.200000000000001,0.26250000000000007
402,Colts,Chip - Curl,6,1.1600000000000001,0,-1,0.16000000000000003,0.026666666666666672
403,Colts,Chip - Drag,4,0.8400000000000001,0,0,0.8400000000000001,0.21000000000000002
404,Colts,Chip - Flat,15,4.8,0,0,4.8,0.32
405,Colts,Comeback,10,2.0,4,0,6.000000000000001,0.6000000000000001
406,Colts,Corner,11,4.56,0,0,4.56,0.4145454545454545
407,Colts,Corner Post,1,2.7600000000000002,4,0,6.76,6.76
408,Colts,Curl,88,19.680000000000003,4,-5,18.680000000000007,0.21227272727272736
409,Colts,Deep Cross,23,7.640000000000001,0,-1,6.640000000000001,0.2886956521739131
410,Colts,Dig,39,14.520000000000003,8,-5,17.52,0.4492307692307692
411,Colts,Drag,16,3.16,12,0,15.16,0.9475
412,Colts,Fade,12,2.2,4,0,6.2,0.5166666666666667
413,Colts,Fade - Back Shoulder,4,1.92,0,0,1.92,0.48
414,Colts,Flat - Left,15,2.2399999999999998,8,0,10.240000000000002,0.6826666666666668
415,Colts,Flat - Right,11,2.5200000000000005,4,0,6.520000000000001,0.5927272727272729
416,Colts,Go/Fly,15,1.32,0,-3,-1.68,-0.112
417,Colts,Hitch & Go,1,1.76,0,0,1.76,1.76
418,Colts,Jerk,2,0.6000000000000001,0,0,0.6000000000000001,0.30000000000000004
419,Colts,Jet Sweep Pass,3,-0.72,0,0,-0.72,-0.24
420,Colts,Out,66,19.28,8,-1,26.28,0.3981818181818182
421,Colts,Out & Up,5,0.76,4,0,4.76,0.952
422,Colts,Over Ball,7,1.48,0,0,1.48,0.21142857142857144
423,Colts,Post,13,8.56,12,0,20.56,1.5815384615384613
424,Colts,Post Corner,1,0.0,0,0,0.0,0.0
425,Colts,Quick,2,0.28,0,0,0.28,0.14
426,Colts,Screen - Bubble,7,1.24,0,0,1.24,0.17714285714285713
427,Colts,Screen - Drag,1,0.0,0,0,0.0,0.0
428,Colts,Screen - RB,2,0.64,0,0,0.64,0.32
429,Colts,Screen - TE,2,0.64,0,0,0.64,0.32
430,Colts,Screen - Tunnel,12,0.6000000000000001,0,0,0.6000000000000001,0.05000000000000001
431,Colts,Seam,12,4.680000000000001,8,-1,11.680000000000001,0.9733333333333335
432,Colts,Slant,28,9.880000000000003,12,-1,20.879999999999992,0.7457142857142854
433,Colts,Sluggo,1,1.72,4,0,5.72,5.72
434,Colts,Stick - Nod,1,0.52,4,0,4.52,4.52
435,Colts,Swing - Left,10,1.7599999999999998,0,0,1.7599999999999998,0.176
436,Colts,Swing - Right,6,1.0,0,0,1.0,0.16666666666666666
437,Colts,Wheel,7,3.4400000000000004,0,0,3.4400000000000004,0.4914285714285715
438,Colts,Whip,5,0.7200000000000001,0,0,0.7200000000000001,0.14400000000000002
439,Cowboys,Angle,6,2.8000000000000003,0,0,2.8000000000000003,0.46666666666666673
440,Cowboys,Beneath,2,0.27999999999999997,0,0,0.27999999999999997,0.13999999999999999
441,Cowboys,Broken Play,37,11.96,12,-1,22.96,0.6205405405405405
442,Cowboys,Check & Release,14,2.08,4,0,6.08,0.4342857142857143
443,Cowboys,Chip - Flat,15,2.84,0,0,2.84,0.18933333333333333
444,Cowboys,Chip - Seam,1,0.44,4,0,4.44,4.44
445,Cowboys,Comeback,8,2.44,0,0,2.44,0.305
446,Cowboys,Corner,11,6.28,0,-2,4.28,0.3890909090909091
447,Cowboys,Curl,50,16.519999999999996,0,-1,15.519999999999994,0.3103999999999999
448,Cowboys,Deep Cross,21,8.64,8,-2,14.64,0.6971428571428572
449,Cowboys,Dig,32,14.56,8,-2,20.56,0.6425
450,Cowboys,Drag,29,7.920000000000003,0,-2,5.920000000000003,0.20413793103448286
451,Cowboys,Fade,8,0.76,4,-1,3.76,0.47
452,Cowboys,Fade - Back Shoulder,6,0.96,0,0,0.96,0.16
453,Cowboys,Flat - Left,19,4.120000000000001,4,0,8.120000000000001,0.4273684210526316
454,Cowboys,Flat - Right,9,2.68,4,0,6.680000000000001,0.7422222222222223
455,Cowboys,Go/Fly,20,4.8,4,-2,6.8,0.33999999999999997
456,Cowboys,Hitch & Go,8,4.24,8,-1,11.239999999999998,1.4049999999999998
457,Cowboys,Jerk,1,0.2,0,0,0.2,0.2
458,Cowboys,Jet Sweep Pass,1,0.36,0,0,0.36,0.36
459,Cowboys,Out,47,10.200000000000001,0,-4,6.200000000000001,0.1319148936170213
460,Cowboys,Out & Up,6,5.32,4,0,9.32,1.5533333333333335
461,Cowboys,Over Ball,7,2.0,0,0,2.0,0.2857142857142857
462,Cowboys,Post,7,3.6799999999999997,0,0,3.6799999999999997,0.5257142857142857
463,Cowboys,Post Corner,3,1.08,0,0,1.08,0.36000000000000004
464,Cowboys,Quick,2,0.36,0,0,0.36,0.18
465,Cowboys,Screen - Bubble,7,1.8800000000000001,0,0,1.8800000000000001,0.26857142857142857
466,Cowboys,Screen - Quick,1,0.12,0,0,0.12,0.12
467,Cowboys,Screen - RB,2,0.6,0,0,0.6,0.3
468,Cowboys,Screen - Shovel,2,0.2,4,0,4.2,2.1
469,Cowboys,Screen - TE,3,0.28,0,0,0.28,0.09333333333333334
470,Cowboys,Screen - Tunnel,12,3.1999999999999997,4,-1,6.199999999999999,0.5166666666666666
471,Cowboys,Seam,12,5.52,8,0,13.52,1.1266666666666667
472,Cowboys,Slant,31,6.24,4,-3,7.240000000000002,0.23354838709677425
473,Cowboys,Sluggo,2,1.12,0,0,1.12,0.56
474,Cowboys,Swing - Left,7,1.4400000000000002,0,0,1.4400000000000002,0.20571428571428574
475,Cowboys,Swing - Right,8,0.36,0,0,0.36,0.045
476,Cowboys,Wheel,4,1.6800000000000002,0,0,1.6800000000000002,0.42000000000000004
477,Cowboys,Whip,13,2.5200000000000005,0,0,2.5200000000000005,0.1938461538461539
478,Dolphins,Angle,3,1.44,4,0,5.44,1.8133333333333335
479,Dolphins,Beneath,2,0.39999999999999997,0,0,0.39999999999999997,0.19999999999999998
480,Dolphins,Broken Play,32,5.760000000000001,8,-2,11.760000000000002,0.36750000000000005
481,Dolphins,Check & Release,3,0.36,0,0,0.36,0.12
482,Dolphins,Chip - Curl,8,1.2,0,0,1.2,0.15
483,Dolphins,Chip - Drag,3,0.6799999999999999,0,0,0.6799999999999999,0.22666666666666666
484,Dolphins,Chip - Flat,6,0.68,4,0,4.68,0.7799999999999999
485,Dolphins,Comeback,4,2.04,0,0,2.04,0.51
486,Dolphins,Corner,9,4.68,4,-1,7.680000000000001,0.8533333333333334
487,Dolphins,Corner Post,1,0.0,0,0,0.0,0.0
488,Dolphins,Curl,63,16.919999999999998,4,-1,19.919999999999998,0.3161904761904762
489,Dolphins,Deep Cross,21,8.839999999999998,8,0,16.84,0.8019047619047619
490,Dolphins,Dig,16,4.2,0,0,4.2,0.2625
491,Dolphins,Drag,28,9.76,4,-1,12.76,0.4557142857142857
492,Dolphins,Fade,8,3.2800000000000002,0,0,3.2800000000000002,0.41000000000000003
493,Dolphins,Fade - Back Shoulder,7,4.12,4,0,8.12,1.16
494,Dolphins,Flat - Left,11,4.32,4,0,8.32,0.7563636363636363
495,Dolphins,Flat - Right,10,2.5599999999999996,8,0,10.56,1.056
496,Dolphins,Go/Fly,15,10.960000000000003,4,0,14.96,0.9973333333333334
497,Dolphins,Jerk,3,0.32,0,-1,-0.6799999999999999,-0.22666666666666666
498,Dolphins,Jet Sweep Pass,5,0.39999999999999997,0,0,0.39999999999999997,0.07999999999999999
499,Dolphins,Leak,1,0.0,0,0,0.0,0.0
500,Dolphins,Out,60,17.599999999999998,0,-2,15.599999999999998,0.25999999999999995
501,Dolphins,Out & Up,7,1.0,0,0,1.0,0.14285714285714285
502,Dolphins,Over Ball,7,2.84,0,0,2.84,0.4057142857142857
503,Dolphins,Post,13,5.64,4,0,9.64,0.7415384615384616
504,Dolphins,Quick,4,0.48000000000000004,0,0,0.48000000000000004,0.12000000000000001
505,Dolphins,Screen - Bubble,9,1.2,0,0,1.2,0.13333333333333333
506,Dolphins,Screen - Drag,1,0.04,0,0,0.04,0.04
507,Dolphins,Screen - Quick,1,0.12,0,0,0.12,0.12
508,Dolphins,Screen - RB,1,0.12,0,0,0.12,0.12
509,Dolphins,Screen - TE,1,0.12,0,0,0.12,0.12
510,Dolphins,Screen - Tunnel,20,4.28,0,0,4.28,0.21400000000000002
511,Dolphins,Seam,10,5.479999999999999,4,0,9.48,0.9480000000000001
512,Dolphins,Slant,30,9.72,8,-2,15.72,0.524
513,Dolphins,Sluggo,2,0.0,0,0,0.0,0.0
514,Dolphins,Swing - Left,10,2.3200000000000003,0,0,2.3200000000000003,0.23200000000000004
515,Dolphins,Swing - Right,5,0.96,0,0,0.96,0.192
516,Dolphins,Wheel,10,2.56,0,0,2.56,0.256
517,Dolphins,Whip,8,2.4800000000000004,4,0,6.480000000000001,0.8100000000000002
518,Eagles,Angle,6,1.4,0,0,1.4,0.2333333333333333
519,Eagles,Broken Play,17,2.4400000000000004,12,-1,13.439999999999998,0.7905882352941175
520,Eagles,Check & Release,6,2.2800000000000002,0,0,2.2800000000000002,0.38000000000000006
521,Eagles,Chip - Curl,5,0.52,4,-1,3.52,0.704
522,Eagles,Chip - Drag,1,0.0,0,0,0.0,0.0
523,Eagles,Chip - Flat,15,3.2800000000000002,0,0,3.2800000000000002,0.21866666666666668
524,Eagles,Comeback,6,0.0,0,-2,-2.0,-0.3333333333333333
525,Eagles,Corner,10,2.3600000000000003,8,0,10.36,1.036
526,Eagles,Corner Post,3,1.76,4,0,5.76,1.92
527,Eagles,Curl,101,30.079999999999988,8,-2,36.079999999999984,0.35722772277227705
528,Eagles,Deep Cross,12,6.799999999999999,8,-2,12.799999999999999,1.0666666666666667
529,Eagles,Dig,33,14.600000000000001,0,0,14.600000000000001,0.44242424242424244
530,Eagles,Drag,19,5.24,0,0,5.24,0.27578947368421053
531,Eagles,Fade,7,1.68,8,-1,8.68,1.24
532,Eagles,Fade - Back Shoulder,1,0.0,0,0,0.0,0.0
533,Eagles,Flat - Left,19,4.840000000000001,8,0,12.84,0.6757894736842105
534,Eagles,Flat - Right,10,1.88,0,0,1.88,0.188
535,Eagles,Go/Fly,6,2.3200000000000003,0,0,2.3200000000000003,0.3866666666666667
536,Eagles,Hitch & Go,3,1.72,0,0,1.72,0.5733333333333334
537,Eagles,Jerk,2,0.0,0,0,0.0,0.0
538,Eagles,Jet Sweep Pass,1,-0.16,0,0,-0.16,-0.16
539,Eagles,Out,55,10.880000000000006,4,0,14.880000000000004,0.27054545454545464
540,Eagles,Out & Up,1,0.0,0,0,0.0,0.0
541,Eagles,Over Ball,10,4.84,0,-1,3.84,0.384
542,Eagles,Post,18,9.8,0,-1,8.799999999999999,0.4888888888888888
543,Eagles,Quick,6,1.4000000000000001,0,0,1.4000000000000001,0.23333333333333336
544,Eagles,Screen - Bubble,4,0.48,0,0,0.48,0.12
545,Eagles,Screen - Drag,1,0.4,0,0,0.4,0.4
546,Eagles,Screen - Quick,1,0.0,0,0,0.0,0.0
547,Eagles,Screen - RB,6,1.52,0,0,1.52,0.25333333333333335
548,Eagles,Screen - Shovel,2,0.16,0,0,0.16,0.08
549,Eagles,Screen - TE,8,2.8,0,0,2.8,0.35
550,Eagles,Screen - Tunnel,11,2.12,0,0,2.12,0.19272727272727275
551,Eagles,Seam,11,8.6,8,0,16.6,1.5090909090909093
552,Eagles,Slant,25,7.720000000000002,8,0,15.719999999999999,0.6287999999999999
553,Eagles,Sluggo,1,0.0,0,0,0.0,0.0
554,Eagles,Swing - Left,6,2.04,0,0,2.04,0.34
555,Eagles,Swing - Right,10,1.1600000000000001,0,0,1.1600000000000001,0.11600000000000002
556,Eagles,Wheel,2,1.56,0,0,1.56,0.78
557,Eagles,Whip,4,1.1600000000000001,4,0,5.16,1.29
558,Falcons,Angle,1,0.44,0,0,0.44,0.44
559,Falcons,Broken Play,24,7.440000000000001,12,-1,18.44,0.7683333333333334
560,Falcons,Check & Release,7,0.48,0,0,0.48,0.06857142857142857
561,Falcons,Chip - Curl,6,2.2,0,0,2.2,0.3666666666666667
562,Falcons,Chip - Drag,2,0.88,0,0,0.88,0.44
563,Falcons,Chip - Flat,8,3.2800000000000002,0,0,3.2800000000000002,0.41000000000000003
564,Falcons,Chip - Seam,1,0.0,0,0,0.0,0.0
565,Falcons,Comeback,4,0.8,0,0,0.8,0.2
566,Falcons,Corner,13,2.88,20,-2,20.880000000000003,1.6061538461538463
567,Falcons,Curl,89,27.479999999999986,4,0,31.479999999999986,0.3537078651685392
568,Falcons,Deep Cross,18,9.719999999999999,4,0,13.719999999999999,0.7622222222222221
569,Falcons,Dig,27,12.240000000000002,0,-1,11.240000000000002,0.4162962962962964
570,Falcons,Drag,12,3.360000000000001,4,0,7.360000000000001,0.6133333333333334
571,Falcons,Fade,15,2.96,20,0,22.96,1.5306666666666666
572,Falcons,Fade - Back Shoulder,5,1.44,0,0,1.44,0.288
573,Falcons,Flat - Left,16,3.4000000000000004,0,0,3.4000000000000004,0.21250000000000002
574,Falcons,Flat - Right,12,1.6,0,0,1.6,0.13333333333333333
575,Falcons,Go/Fly,13,3.2399999999999998,4,0,7.24,0.556923076923077
576,Falcons,Hitch & Go,2,0.88,0,0,0.88,0.44
577,Falcons,Jet Sweep Pass,1,0.24,0,0,0.24,0.24
578,Falcons,Leak,1,0.72,4,0,4.72,4.72
579,Falcons,No Video,1,0.36,0,0,0.36,0.36
580,Falcons,Out,47,16.04,4,-1,19.04,0.40510638297872337
581,Falcons,Out & Up,2,1.12,0,0,1.12,0.56
582,Falcons,Over Ball,18,3.5200000000000005,4,-1,6.5200000000000005,0.3622222222222222
583,Falcons,Post,12,6.48,4,0,10.479999999999999,0.8733333333333332
584,Falcons,Quick,5,1.4,0,0,1.4,0.27999999999999997
585,Falcons,Screen - Bubble,6,0.6400000000000001,0,0,0.6400000000000001,0.10666666666666669
586,Falcons,Screen - Drag,2,1.3599999999999999,0,0,1.3599999999999999,0.6799999999999999
587,Falcons,Screen - Quick,1,0.04,0,0,0.04,0.04
588,Falcons,Screen - RB,5,1.1600000000000001,0,0,1.1600000000000001,0.23200000000000004
589,Falcons,Screen - TE,1,-0.12,0,0,-0.12,-0.12
590,Falcons,Screen - Tunnel,12,3.4800000000000004,0,0,3.4800000000000004,0.29000000000000004
591,Falcons,Seam,13,4.12,0,-3,1.1199999999999997,0.08615384615384612
592,Falcons,Slant,25,6.4,4,0,10.4,0.41600000000000004
593,Falcons,Stick - Nod,1,0.0,0,0,0.0,0.0
594,Falcons,Swing - Left,7,0.52,0,0,0.52,0.07428571428571429
595,Falcons,Swing - Right,10,1.28,4,0,5.28,0.528
596,Falcons,Wheel,5,1.0,0,0,1.0,0.2
597,Falcons,Whip,2,0.52,4,0,4.5200000000000005,2.2600000000000002
598,Football Team,Angle,7,2.7199999999999998,0,0,2.7199999999999998,0.3885714285714285
599,Football Team,Beneath,1,0.0,0,0,0.0,0.0
600,Football Team,Broken Play,25,11.640000000000002,4,0,15.640000000000002,0.6256
601,Football Team,Check & Release,4,0.24000000000000002,0,0,0.24000000000000002,0.060000000000000005
602,Football Team,Chip - Curl,4,0.8400000000000001,0,0,0.8400000000000001,0.21000000000000002
603,Football Team,Chip - Drag,3,0.6,0,0,0.6,0.19999999999999998
604,Football Team,Chip - Flat,4,0.52,4,0,4.5200000000000005,1.1300000000000001
605,Football Team,Chip - Seam,1,0.24,4,0,4.24,4.24
606,Football Team,Comeback,10,2.96,0,0,2.96,0.296
607,Football Team,Corner,11,5.4399999999999995,4,-1,8.44,0.7672727272727272
608,Football Team,Corner Post,2,0.0,0,0,0.0,0.0
609,Football Team,Curl,69,20.39999999999999,0,-1,19.39999999999999,0.28115942028985497
610,Football Team,Deep Cross,17,9.08,0,-1,8.079999999999998,0.4752941176470587
611,Football Team,Dig,32,12.200000000000001,0,-2,10.200000000000001,0.31875000000000003
612,Football Team,Drag,14,2.880000000000001,4,0,6.880000000000001,0.4914285714285715
613,Football Team,Fade,11,0.72,0,0,0.72,0.06545454545454545
614,Football Team,Fade - Back Shoulder,5,1.6400000000000001,16,0,17.64,3.528
615,Football Team,Flat - Left,22,3.5200000000000005,4,0,7.520000000000001,0.34181818181818185
616,Football Team,Flat - Right,11,2.96,4,0,6.96,0.6327272727272727
617,Football Team,Go/Fly,21,12.879999999999999,16,0,28.880000000000003,1.3752380952380954
618,Football Team,Hitch & Go,3,0.64,0,0,0.64,0.21333333333333335
619,Football Team,Jerk,2,0.52,0,0,0.52,0.26
620,Football Team,Leak,1,1.28,0,0,1.28,1.28
621,Football Team,Out,52,13.879999999999997,12,0,25.879999999999992,0.49769230769230755
622,Football Team,Out & Up,2,1.8,0,0,1.8,0.9
623,Football Team,Over Ball,5,1.36,0,0,1.36,0.272
624,Football Team,Post,12,8.16,8,0,16.16,1.3466666666666667
625,Football Team,Post Corner,1,0.72,0,0,0.72,0.72
626,Football Team,Quick,5,1.6,0,0,1.6,0.32
627,Football Team,Screen - Bubble,5,0.9199999999999999,0,0,0.9199999999999999,0.184
628,Football Team,Screen - Drag,2,0.28,0,0,0.28,0.14
629,Football Team,Screen - Quick,1,0.12,0,0,0.12,0.12
630,Football Team,Screen - RB,1,0.0,0,0,0.0,0.0
631,Football Team,Screen - Shovel,1,0.0,0,0,0.0,0.0
632,Football Team,Screen - TE,3,1.12,0,0,1.12,0.37333333333333335
633,Football Team,Screen - Tunnel,9,2.96,0,0,2.96,0.3288888888888889
634,Football Team,Seam,12,7.52,4,0,11.520000000000001,0.9600000000000001
635,Football Team,Slant,35,9.32,8,0,17.319999999999997,0.4948571428571428
636,Football Team,Sluggo,4,1.84,0,0,1.84,0.46
637,Football Team,Swing - Left,11,2.5199999999999996,4,0,6.520000000000001,0.5927272727272729
638,Football Team,Swing - Right,4,0.64,0,0,0.64,0.16
639,Football Team,Wheel,6,2.16,4,0,6.16,1.0266666666666666
640,Football Team,Whip,9,4.640000000000001,4,0,8.64,0.9600000000000001
641,Giants,Angle,7,2.0,0,0,2.0,0.2857142857142857
642,Giants,Beneath,2,0.6,4,0,4.6,2.3
643,Giants,Broken Play,33,9.64,4,-2,11.639999999999999,0.35272727272727267
644,Giants,Check & Release,14,2.8800000000000003,0,0,2.8800000000000003,0.20571428571428574
645,Giants,Chip - Curl,4,1.04,4,0,5.04,1.26
646,Giants,Chip - Drag,3,0.48,0,0,0.48,0.16
647,Giants,Chip - Flat,8,1.8799999999999997,0,0,1.8799999999999997,0.23499999999999996
648,Giants,Chip - Seam,1,0.04,4,0,4.04,4.04
649,Giants,Comeback,5,0.36,0,0,0.36,0.072
650,Giants,Corner,9,2.16,4,0,6.16,0.6844444444444444
651,Giants,Corner Post,1,0.0,0,-1,-1.0,-1.0
652,Giants,Curl,74,21.359999999999992,4,-2,23.359999999999996,0.3156756756756756
653,Giants,Deep Cross,23,5.44,4,-1,8.440000000000001,0.3669565217391305
654,Giants,Dig,30,8.44,4,-2,10.440000000000001,0.34800000000000003
655,Giants,Drag,17,4.720000000000001,0,0,4.720000000000001,0.27764705882352947
656,Giants,Fade,3,0.0,0,0,0.0,0.0
657,Giants,Fade - Back Shoulder,6,2.16,0,0,2.16,0.36000000000000004
658,Giants,Flat - Left,20,4.12,0,-1,3.12,0.156
659,Giants,Flat - Right,14,3.0800000000000005,0,0,3.0800000000000005,0.22000000000000003
660,Giants,Go/Fly,15,9.16,8,-1,16.16,1.0773333333333333
661,Giants,Hitch & Go,6,0.84,0,0,0.84,0.13999999999999999
662,Giants,Jerk,3,0.32,4,0,4.32,1.4400000000000002
663,Giants,Jet Sweep Pass,6,1.9599999999999997,0,0,1.9599999999999997,0.3266666666666666
664,Giants,Leak,1,1.0,0,0,1.0,1.0
665,Giants,Out,51,15.0,8,-1,22.000000000000004,0.4313725490196079
666,Giants,Out & Up,4,3.04,0,-1,2.04,0.51
667,Giants,Over Ball,15,3.5599999999999996,4,-1,6.560000000000002,0.43733333333333346
668,Giants,Post,13,7.68,8,-1,14.68,1.1292307692307693
669,Giants,Quick,1,0.4,0,0,0.4,0.4
670,Giants,Screen - Bubble,8,1.04,0,0,1.04,0.13
671,Giants,Screen - Drag,2,0.7200000000000001,0,0,0.7200000000000001,0.36000000000000004
672,Giants,Screen - Quick,3,0.68,4,0,4.68,1.5599999999999998
673,Giants,Screen - TE,2,-0.12,0,0,-0.12,-0.06
674,Giants,Screen - Tunnel,12,3.44,0,0,3.44,0.2866666666666667
675,Giants,Seam,11,3.32,0,0,3.32,0.3018181818181818
676,Giants,Slant,30,8.320000000000002,4,0,12.32,0.4106666666666667
677,Giants,Sluggo,1,1.0,4,0,5.0,5.0
678,Giants,Stick - Nod,2,0.6,4,0,4.6,2.3
679,Giants,Swing - Left,4,1.2000000000000002,0,0,1.2000000000000002,0.30000000000000004
680,Giants,Swing - Right,7,1.2000000000000002,4,0,5.200000000000001,0.742857142857143
681,Giants,Wheel,2,0.76,4,0,4.76,2.38
682,Giants,Whip,8,1.1600000000000001,0,0,1.1600000000000001,0.14500000000000002
683,Jaguars,Angle,2,0.04,0,0,0.04,0.02
684,Jaguars,Broken Play,30,11.799999999999999,8,0,19.799999999999997,0.6599999999999999
685,Jaguars,Check & Release,7,0.9199999999999999,0,0,0.9199999999999999,0.13142857142857142
686,Jaguars,Chip - Curl,6,1.8399999999999999,0,0,1.8399999999999999,0.30666666666666664
687,Jaguars,Chip - Drag,4,1.52,0,0,1.52,0.38
688,Jaguars,Chip - Flat,13,2.56,0,-1,1.56,0.12000000000000001
689,Jaguars,Comeback,1,0.0,0,0,0.0,0.0
690,Jaguars,Corner,18,9.760000000000002,4,0,13.760000000000002,0.7644444444444445
691,Jaguars,Curl,78,21.11999999999999,4,-1,24.11999999999999,0.3092307692307691
692,Jaguars,Deep Cross,19,11.040000000000001,4,-1,14.040000000000001,0.7389473684210527
693,Jaguars,Dig,30,7.8,4,-1,10.800000000000002,0.3600000000000001
694,Jaguars,Drag,24,6.320000000000003,8,0,14.320000000000002,0.5966666666666668
695,Jaguars,Fade,9,2.8000000000000003,4,0,6.8,0.7555555555555555
696,Jaguars,Fade - Back Shoulder,5,1.1600000000000001,0,0,1.1600000000000001,0.23200000000000004
697,Jaguars,Flat - Left,22,3.96,8,0,11.96,0.5436363636363637
698,Jaguars,Flat - Right,11,2.5200000000000005,0,0,2.5200000000000005,0.22909090909090912
699,Jaguars,Go/Fly,10,1.76,0,0,1.76,0.176
700,Jaguars,Hitch & Go,1,0.8,4,0,4.8,4.8
701,Jaguars,Jerk,1,0.48,0,0,0.48,0.48
702,Jaguars,Jet Sweep Pass,2,0.36,0,0,0.36,0.18
703,Jaguars,Leak,1,0.0,0,0,0.0,0.0
704,Jaguars,Out,51,11.400000000000004,8,-2,17.399999999999995,0.3411764705882352
705,Jaguars,Out & Up,1,1.0,0,0,1.0,1.0
706,Jaguars,Over Ball,14,4.6,0,0,4.6,0.32857142857142857
707,Jaguars,Post,11,4.4,0,-1,3.4000000000000004,0.30909090909090914
708,Jaguars,Quick,3,0.68,0,0,0.68,0.22666666666666668
709,Jaguars,Screen - Bubble,4,0.43999999999999995,0,0,0.43999999999999995,0.10999999999999999
710,Jaguars,Screen - RB,3,0.6,0,0,0.6,0.19999999999999998
711,Jaguars,Screen - TE,1,0.8,0,0,0.8,0.8
712,Jaguars,Screen - Tunnel,12,4.96,0,0,4.96,0.41333333333333333
713,Jaguars,Seam,7,5.000000000000001,0,0,5.000000000000001,0.7142857142857144
714,Jaguars,Slant,34,12.08,16,0,28.08,0.8258823529411764
715,Jaguars,Stick - Nod,1,0.0,0,0,0.0,0.0
716,Jaguars,Swing - Left,5,1.72,0,0,1.72,0.344
717,Jaguars,Swing - Right,5,1.32,0,0,1.32,0.264
718,Jaguars,Wheel,4,1.04,0,0,1.04,0.26
719,Jaguars,Whip,9,1.8400000000000003,0,0,1.8400000000000003,0.20444444444444448
720,Jets,Angle,5,1.72,4,0,5.720000000000001,1.1440000000000001
721,Jets,Beneath,3,0.36,0,0,0.36,0.12
722,Jets,Broken Play,20,7.000000000000001,16,0,23.0,1.15
723,Jets,Check & Release,4,0.48,0,0,0.48,0.12
724,Jets,Chip - Curl,3,0.6000000000000001,0,0,0.6000000000000001,0.20000000000000004
725,Jets,Chip - Drag,1,0.76,0,0,0.76,0.76
726,Jets,Chip - Flat,13,1.9200000000000002,4,0,5.920000000000002,0.4553846153846155
727,Jets,Comeback,5,0.9600000000000001,0,0,0.9600000000000001,0.192
728,Jets,Corner,14,3.64,0,0,3.64,0.26
729,Jets,Curl,66,19.159999999999997,4,-1,22.15999999999999,0.3357575757575756
730,Jets,Deep Cross,28,14.2,4,-2,16.200000000000003,0.5785714285714286
731,Jets,Dig,20,6.640000000000001,0,0,6.640000000000001,0.332
732,Jets,Drag,27,7.44,0,0,7.44,0.27555555555555555
733,Jets,Fade,15,5.800000000000001,8,0,13.8,0.92
734,Jets,Fade - Back Shoulder,10,2.4800000000000004,4,0,6.48,0.648
735,Jets,Flat - Left,23,4.16,12,0,16.16,0.7026086956521739
736,Jets,Flat - Right,16,4.040000000000001,0,0,4.040000000000001,0.25250000000000006
737,Jets,Go/Fly,17,10.6,12,0,22.6,1.3294117647058825
738,Jets,Hitch & Go,4,1.12,0,0,1.12,0.28
739,Jets,Jet Sweep Pass,3,-0.2,0,0,-0.2,-0.06666666666666667
740,Jets,Leak,1,1.44,0,0,1.44,1.44
741,Jets,Out,60,20.200000000000003,4,0,24.200000000000003,0.4033333333333334
742,Jets,Out & Up,2,0.0,0,0,0.0,0.0
743,Jets,Over Ball,2,0.72,4,0,4.72,2.36
744,Jets,Post,11,7.04,4,0,11.04,1.0036363636363637
745,Jets,Post Corner,2,0.0,0,0,0.0,0.0
746,Jets,Quick,5,0.84,0,0,0.84,0.16799999999999998
747,Jets,Screen - Bubble,3,0.8800000000000001,0,0,0.8800000000000001,0.2933333333333334
748,Jets,Screen - Drag,2,0.0,0,0,0.0,0.0
749,Jets,Screen - Quick,1,-0.08,0,0,-0.08,-0.08
750,Jets,Screen - RB,6,2.56,0,0,2.56,0.4266666666666667
751,Jets,Screen - Shovel,2,0.16,4,0,4.16,2.08
752,Jets,Screen - TE,3,1.7600000000000002,0,0,1.7600000000000002,0.5866666666666668
753,Jets,Screen - Tunnel,8,1.2000000000000002,0,-1,0.20000000000000007,0.02500000000000001
754,Jets,Seam,14,3.0,4,0,7.0,0.5
755,Jets,Slant,35,10.719999999999999,8,0,18.720000000000002,0.5348571428571429
756,Jets,Sluggo,1,0.0,0,-1,-1.0,-1.0
757,Jets,Stick - Nod,1,0.04,4,0,4.04,4.04
758,Jets,Swing - Left,7,1.7600000000000002,0,0,1.7600000000000002,0.25142857142857145
759,Jets,Swing - Right,3,1.12,0,0,1.12,0.37333333333333335
760,Jets,Wheel,6,1.7600000000000002,0,0,1.7600000000000002,0.2933333333333334
761,Jets,Whip,3,0.6,0,0,0.6,0.19999999999999998
762,Lions,Angle,5,2.0,4,0,6.0,1.2
763,Lions,Beneath,2,0.48000000000000004,4,0,4.48,2.24
764,Lions,Broken Play,21,5.6000000000000005,0,-2,3.5999999999999996,0.1714285714285714
765,Lions,Check & Release,8,1.76,0,0,1.76,0.22
766,Lions,Chip - Curl,4,0.96,0,0,0.96,0.24
767,Lions,Chip - Flat,10,1.72,0,-1,0.7200000000000002,0.07200000000000002
768,Lions,Comeback,5,1.84,0,0,1.84,0.368
769,Lions,Corner,19,7.32,4,0,11.32,0.5957894736842105
770,Lions,Curl,69,20.160000000000004,0,-1,19.160000000000007,0.27768115942029
771,Lions,Deep Cross,15,16.04,0,0,16.04,1.0693333333333332
772,Lions,Dig,34,14.040000000000001,0,-1,13.040000000000001,0.3835294117647059
773,Lions,Drag,12,2.7199999999999998,8,0,10.72,0.8933333333333334
774,Lions,Fade,13,4.16,12,0,16.16,1.2430769230769232
775,Lions,Fade - Back Shoulder,4,0.0,0,0,0.0,0.0
776,Lions,Flat - Left,10,3.08,8,0,11.079999999999998,1.1079999999999999
777,Lions,Flat - Right,11,3.5200000000000005,0,0,3.5200000000000005,0.32000000000000006
778,Lions,Go/Fly,19,7.800000000000001,0,0,7.800000000000001,0.41052631578947374
779,Lions,Hitch & Go,3,4.44,4,0,8.44,2.813333333333333
780,Lions,Jet Sweep Pass,8,0.92,4,0,4.92,0.615
781,Lions,Out,48,12.4,0,0,12.4,0.25833333333333336
782,Lions,Out & Up,4,3.0,0,0,3.0,0.75
783,Lions,Over Ball,10,2.3600000000000003,0,0,2.3600000000000003,0.23600000000000004
784,Lions,Post,11,6.76,4,-2,8.76,0.7963636363636364
785,Lions,Quick,1,-0.08,0,0,-0.08,-0.08
786,Lions,Screen - Bubble,8,1.52,0,0,1.52,0.19
787,Lions,Screen - Quick,2,0.32,0,0,0.32,0.16
788,Lions,Screen - Shovel,1,0.04,4,0,4.04,4.04
789,Lions,Screen - TE,7,3.12,0,0,3.12,0.44571428571428573
790,Lions,Screen - Tunnel,8,2.56,0,0,2.56,0.32
791,Lions,Seam,14,4.08,8,-1,11.08,0.7914285714285715
792,Lions,Slant,37,7.800000000000001,4,-2,9.8,0.2648648648648649
793,Lions,Sluggo,1,0.52,4,0,4.52,4.52
794,Lions,Swing - Left,1,0.12,0,0,0.12,0.12
795,Lions,Swing - Right,3,0.76,0,0,0.76,0.25333333333333335
796,Lions,Wheel,3,0.48,4,0,4.48,1.4933333333333334
797,Lions,Whip,9,1.88,4,0,5.880000000000002,0.6533333333333335
798,Packers,Angle,14,6.280000000000001,16,0,22.279999999999998,1.5914285714285712
799,Packers,Beneath,2,0.28,0,0,0.28,0.14
800,Packers,Broken Play,40,11.520000000000001,12,-4,19.52,0.488
801,Packers,Check & Release,10,1.8399999999999999,0,0,1.8399999999999999,0.184
802,Packers,Chip - Curl,4,1.0,0,0,1.0,0.25
803,Packers,Chip - Drag,5,1.12,0,0,1.12,0.22400000000000003
804,Packers,Chip - Flat,11,3.1200000000000006,0,0,3.1200000000000006,0.2836363636363637
805,Packers,Comeback,3,0.0,0,0,0.0,0.0
806,Packers,Corner,17,7.88,12,0,19.880000000000006,1.1694117647058828
807,Packers,Corner Post,4,0.0,0,-2,-2.0,-0.5
808,Packers,Curl,85,21.03999999999999,8,-2,27.039999999999996,0.3181176470588235
809,Packers,Deep Cross,14,8.879999999999999,8,0,16.880000000000003,1.205714285714286
810,Packers,Dig,41,9.599999999999998,0,-2,7.6000000000000005,0.1853658536585366
811,Packers,Drag,19,6.48,0,0,6.48,0.3410526315789474
812,Packers,Fade,10,3.76,16,-1,18.76,1.8760000000000001
813,Packers,Fade - Back Shoulder,5,2.2,0,0,2.2,0.44000000000000006
814,Packers,Flat - Left,14,3.6400000000000006,0,0,3.6400000000000006,0.26000000000000006
815,Packers,Flat - Right,12,1.8000000000000003,4,0,5.800000000000002,0.48333333333333345
816,Packers,Go/Fly,14,1.6,4,0,5.6,0.39999999999999997
817,Packers,Hitch & Go,4,0.0,0,0,0.0,0.0
818,Packers,Jerk,1,0.12,0,0,0.12,0.12
819,Packers,Jet Sweep Pass,9,2.3600000000000003,8,0,10.36,1.151111111111111
820,Packers,No Video,2,0.0,0,0,0.0,0.0
821,Packers,Out,60,13.599999999999996,4,-1,16.599999999999994,0.27666666666666656
822,Packers,Out & Up,3,2.32,0,0,2.32,0.7733333333333333
823,Packers,Over Ball,7,2.1599999999999997,0,0,2.1599999999999997,0.30857142857142855
824,Packers,Post,13,4.0,4,-2,6.0,0.46153846153846156
825,Packers,Quick,1,0.36,0,0,0.36,0.36
826,Packers,Screen - Bubble,3,0.52,0,0,0.52,0.17333333333333334
827,Packers,Screen - Drag,1,0.36,0,0,0.36,0.36
828,Packers,Screen - Quick,2,0.48,0,0,0.48,0.24
829,Packers,Screen - RB,3,1.76,0,0,1.76,0.5866666666666667
830,Packers,Screen - Shovel,1,0.24,0,0,0.24,0.24
831,Packers,Screen - TE,2,0.24,0,0,0.24,0.12
832,Packers,Screen - Tunnel,2,1.0,0,0,1.0,0.5
833,Packers,Seam,7,1.2,4,-2,3.2,0.4571428571428572
834,Packers,Slant,40,12.000000000000002,4,0,16.0,0.4
835,Packers,Sluggo,1,2.16,4,0,6.16,6.16
836,Packers,Swing - Left,6,0.6,0,0,0.6,0.09999999999999999
837,Packers,Swing - Right,6,0.7599999999999999,0,0,0.7599999999999999,0.12666666666666665
838,Packers,Wheel,3,0.0,0,-1,-1.0,-0.3333333333333333
839,Packers,Whip,12,1.8000000000000003,0,-1,0.8000000000000002,0.06666666666666668
840,Panthers,Angle,2,0.2,0,0,0.2,0.1
841,Panthers,Beneath,3,0.88,4,0,4.88,1.6266666666666667
842,Panthers,Broken Play,23,5.280000000000001,4,-1,8.280000000000001,0.36000000000000004
843,Panthers,Check & Release,3,2.16,0,0,2.16,0.7200000000000001
844,Panthers,Chip - Curl,3,0.52,0,0,0.52,0.17333333333333334
845,Panthers,Chip - Drag,1,0.16,0,0,0.16,0.16
846,Panthers,Chip - Flat,8,1.7999999999999998,4,0,5.8,0.725
847,Panthers,Comeback,3,0.56,0,0,0.56,0.18666666666666668
848,Panthers,Corner,7,3.04,4,0,7.04,1.0057142857142858
849,Panthers,Curl,70,16.88,12,0,28.879999999999992,0.4125714285714285
850,Panthers,Deep Cross,13,5.16,0,-1,4.16,0.32
851,Panthers,Dig,35,15.04,0,-1,14.040000000000003,0.40114285714285725
852,Panthers,Drag,10,1.76,0,0,1.76,0.176
853,Panthers,Fade,10,2.84,4,0,6.84,0.6839999999999999
854,Panthers,Fade - Back Shoulder,4,1.4,4,0,5.4,1.35
855,Panthers,Flat - Left,14,3.120000000000001,0,0,3.120000000000001,0.22285714285714292
856,Panthers,Flat - Right,11,0.8800000000000001,0,0,0.8800000000000001,0.08000000000000002
857,Panthers,Go/Fly,13,4.6,0,0,4.6,0.3538461538461538
858,Panthers,Hitch & Go,2,0.92,4,0,4.92,2.46
859,Panthers,Jerk,2,0.48,0,0,0.48,0.24
860,Panthers,Jet Sweep Pass,2,-0.16,0,0,-0.16,-0.08
861,Panthers,Out,50,12.519999999999998,12,-1,23.520000000000003,0.47040000000000004
862,Panthers,Out & Up,6,3.88,4,0,7.880000000000001,1.3133333333333335
863,Panthers,Over Ball,4,0.48000000000000004,0,0,0.48000000000000004,0.12000000000000001
864,Panthers,Post,10,4.84,0,-1,3.8400000000000003,0.384
865,Panthers,Post Corner,1,0.0,0,0,0.0,0.0
866,Panthers,Quick,7,2.04,0,0,2.04,0.2914285714285714
867,Panthers,Screen - Bubble,5,1.3199999999999998,0,0,1.3199999999999998,0.26399999999999996
868,Panthers,Screen - Quick,1,0.28,0,0,0.28,0.28
869,Panthers,Screen - RB,1,0.12,0,0,0.12,0.12
870,Panthers,Screen - Tunnel,14,2.3200000000000003,0,0,2.3200000000000003,0.16571428571428573
871,Panthers,Seam,5,3.4000000000000004,0,0,3.4000000000000004,0.68
872,Panthers,Slant,43,16.839999999999996,20,-1,35.839999999999996,0.8334883720930232
873,Panthers,Sluggo,4,2.24,4,0,6.24,1.56
874,Panthers,Stick - Nod,2,0.0,0,-1,-1.0,-0.5
875,Panthers,Swing - Left,2,0.0,0,0,0.0,0.0
876,Panthers,Swing - Right,2,0.2,0,0,0.2,0.1
877,Panthers,Wheel,3,0.0,0,-1,-1.0,-0.3333333333333333
878,Panthers,Whip,9,1.44,4,0,5.44,0.6044444444444445
879,Patriots,Angle,5,1.8,4,-1,4.800000000000001,0.9600000000000002
880,Patriots,Broken Play,46,15.999999999999998,8,-1,23.000000000000004,0.5000000000000001
881,Patriots,Check & Release,10,2.52,0,0,2.52,0.252
882,Patriots,Chip - Curl,1,0.0,0,-1,-1.0,-1.0
883,Patriots,Chip - Flat,8,1.92,0,0,1.92,0.24
884,Patriots,Chip - Seam,2,0.76,4,0,4.760000000000001,2.3800000000000003
885,Patriots,Comeback,5,1.04,0,-1,0.040000000000000036,0.008000000000000007
886,Patriots,Corner,16,4.36,4,-3,5.360000000000001,0.3350000000000001
887,Patriots,Curl,74,19.239999999999995,0,-4,15.24,0.20594594594594595
888,Patriots,Deep Cross,22,9.92,0,-2,7.92,0.36
889,Patriots,Dig,22,7.36,0,0,7.36,0.33454545454545453
890,Patriots,Drag,21,5.68,4,0,9.68,0.46095238095238095
891,Patriots,Fade,7,0.96,4,-1,3.96,0.5657142857142857
892,Patriots,Fade - Back Shoulder,3,1.04,0,0,1.04,0.3466666666666667
893,Patriots,Flat - Left,16,4.240000000000001,0,0,4.240000000000001,0.26500000000000007
894,Patriots,Flat - Right,14,4.4,0,0,4.4,0.31428571428571433
895,Patriots,Go/Fly,22,8.6,4,0,12.6,0.5727272727272728
896,Patriots,Hitch & Go,3,0.0,0,0,0.0,0.0
897,Patriots,Jet Sweep Pass,4,0.84,0,0,0.84,0.21
898,Patriots,Out,61,13.639999999999999,0,-3,10.639999999999999,0.1744262295081967
899,Patriots,Out & Up,2,1.08,0,0,1.08,0.54
900,Patriots,Over Ball,4,0.8800000000000001,0,0,0.8800000000000001,0.22000000000000003
901,Patriots,Post,10,3.04,4,0,7.040000000000001,0.7040000000000001
902,Patriots,Post Corner,1,1.4000000000000001,0,0,1.4000000000000001,1.4000000000000001
903,Patriots,Quick,4,0.39999999999999997,0,0,0.39999999999999997,0.09999999999999999
904,Patriots,Screen - Bubble,4,1.0,0,0,1.0,0.25
905,Patriots,Screen - Quick,2,0.04,4,0,4.04,2.02
906,Patriots,Screen - RB,1,0.0,0,0,0.0,0.0
907,Patriots,Screen - Tunnel,7,0.8,0,0,0.8,0.1142857142857143
908,Patriots,Seam,18,4.720000000000001,8,-1,11.72,0.6511111111111112
909,Patriots,Slant,19,4.920000000000001,8,0,12.919999999999998,0.6799999999999999
910,Patriots,Sluggo,1,0.0,0,0,0.0,0.0
911,Patriots,Stick - Nod,1,0.08,4,0,4.08,4.08
912,Patriots,Swing - Left,9,0.8400000000000001,0,0,0.8400000000000001,0.09333333333333334
913,Patriots,Swing - Right,14,2.88,0,0,2.88,0.2057142857142857
914,Patriots,Wheel,3,1.92,0,0,1.92,0.64
915,Patriots,Whip,8,2.6,0,0,2.6,0.325
916,Raiders,Angle,6,1.6,4,0,5.6,0.9333333333333332
917,Raiders,Beneath,1,0.4,0,0,0.4,0.4
918,Raiders,Broken Play,46,13.560000000000002,24,-1,36.56,0.7947826086956522
919,Raiders,Check & Release,10,2.12,0,0,2.12,0.21200000000000002
920,Raiders,Chip - Curl,5,1.72,0,0,1.72,0.344
921,Raiders,Chip - Drag,2,0.6,0,0,0.6,0.3
922,Raiders,Chip - Flat,10,2.0,0,0,2.0,0.2
923,Raiders,Comeback,8,2.16,0,0,2.16,0.27
924,Raiders,Corner,16,7.32,8,0,15.32,0.9575
925,Raiders,Curl,115,27.67999999999998,8,-2,33.67999999999999,0.2928695652173912
926,Raiders,Deep Cross,20,7.840000000000001,8,0,15.840000000000002,0.792
927,Raiders,Dig,32,11.8,8,-1,18.799999999999994,0.5874999999999998
928,Raiders,Drag,22,5.320000000000001,0,0,5.320000000000001,0.24181818181818188
929,Raiders,Fade,6,0.0,0,0,0.0,0.0
930,Raiders,Fade - Back Shoulder,7,3.6399999999999997,0,0,3.6399999999999997,0.5199999999999999
931,Raiders,Flat - Left,16,3.4400000000000013,0,0,3.4400000000000013,0.21500000000000008
932,Raiders,Flat - Right,16,3.2400000000000007,4,0,7.240000000000001,0.45250000000000007
933,Raiders,Go/Fly,21,2.92,0,0,2.92,0.13904761904761903
934,Raiders,Hitch & Go,4,1.76,0,0,1.76,0.44
935,Raiders,Jerk,2,0.6000000000000001,0,0,0.6000000000000001,0.30000000000000004
936,Raiders,Jet Sweep Pass,3,0.96,0,0,0.96,0.32
937,Raiders,Out,43,11.44,4,0,15.439999999999996,0.35906976744186037
938,Raiders,Out & Up,5,3.6799999999999997,4,-1,6.68,1.3359999999999999
939,Raiders,Over Ball,17,3.08,0,0,3.08,0.1811764705882353
940,Raiders,Post,10,0.68,0,0,0.68,0.068
941,Raiders,Post Corner,1,0.32,4,0,4.32,4.32
942,Raiders,Quick,1,-0.04,0,0,-0.04,-0.04
943,Raiders,Screen - Bubble,2,0.28,0,0,0.28,0.14
944,Raiders,Screen - Drag,1,0.36,0,0,0.36,0.36
945,Raiders,Screen - Quick,1,0.28,0,0,0.28,0.28
946,Raiders,Screen - RB,4,1.3599999999999999,0,0,1.3599999999999999,0.33999999999999997
947,Raiders,Screen - Shovel,3,0.24000000000000002,0,0,0.24000000000000002,0.08
948,Raiders,Screen - TE,1,0.12,0,0,0.12,0.12
949,Raiders,Screen - Tunnel,9,1.3600000000000003,4,0,5.36,0.5955555555555556
950,Raiders,Seam,10,3.12,12,0,15.120000000000001,1.512
951,Raiders,Slant,24,8.240000000000002,0,0,8.240000000000002,0.34333333333333343
952,Raiders,Sluggo,1,0.88,4,0,4.88,4.88
953,Raiders,Stick - Nod,1,0.88,0,0,0.88,0.88
954,Raiders,Swing - Left,9,1.5999999999999999,0,0,1.5999999999999999,0.17777777777777776
955,Raiders,Swing - Right,11,2.2,0,0,2.2,0.2
956,Raiders,Wheel,7,5.4,8,0,13.4,1.9142857142857144
957,Raiders,Whip,6,1.28,0,0,1.28,0.21333333333333335
958,Rams,Angle,10,3.7199999999999998,12,0,15.719999999999999,1.5719999999999998
959,Rams,Beneath,1,0.0,0,0,0.0,0.0
960,Rams,Broken Play,52,12.24,0,-2,10.24,0.19692307692307692
961,Rams,Check & Release,9,2.3600000000000003,0,0,2.3600000000000003,0.26222222222222225
962,Rams,Chip - Curl,2,0.6,0,0,0.6,0.3
963,Rams,Chip - Drag,4,1.12,0,0,1.12,0.28
964,Rams,Chip - Flat,9,0.7600000000000001,0,0,0.7600000000000001,0.08444444444444446
965,Rams,Chip - Seam,1,0.4,0,0,0.4,0.4
966,Rams,Comeback,17,2.88,0,-1,1.8800000000000001,0.11058823529411765
967,Rams,Corner,18,7.48,8,-2,13.48,0.7488888888888889
968,Rams,Curl,114,33.519999999999996,0,-3,30.519999999999992,0.26771929824561397
969,Rams,Deep Cross,16,9.12,4,-3,10.12,0.6325
970,Rams,Dig,59,18.879999999999995,12,-3,27.87999999999999,0.47254237288135575
971,Rams,Drag,22,5.440000000000001,0,0,5.440000000000001,0.24727272727272734
972,Rams,Fade,15,3.6,4,0,7.6,0.5066666666666666
973,Rams,Fade - Back Shoulder,2,0.44,0,0,0.44,0.22
974,Rams,Flat - Left,15,1.7200000000000002,0,0,1.7200000000000002,0.11466666666666668
975,Rams,Flat - Right,7,0.8,0,0,0.8,0.1142857142857143
976,Rams,Go/Fly,17,9.440000000000001,8,-1,16.44,0.9670588235294119
977,Rams,Hitch & Go,6,1.68,0,0,1.68,0.27999999999999997
978,Rams,Jet Sweep Pass,5,0.9600000000000001,0,0,0.9600000000000001,0.192
979,Rams,Out,73,17.759999999999994,4,-1,20.76,0.28438356164383566
980,Rams,Out & Up,4,1.8,4,0,5.8,1.45
981,Rams,Over Ball,13,3.7200000000000006,0,0,3.7200000000000006,0.2861538461538462
982,Rams,Post,12,7.0,8,-1,13.999999999999998,1.1666666666666665
983,Rams,Quick,9,1.44,0,0,1.44,0.16
984,Rams,Screen - Bubble,2,-0.08,0,0,-0.08,-0.04
985,Rams,Screen - Drag,2,0.8,0,0,0.8,0.4
986,Rams,Screen - Quick,5,0.8,0,0,0.8,0.16
987,Rams,Screen - RB,4,0.6,0,0,0.6,0.15
988,Rams,Screen - TE,5,1.52,0,0,1.52,0.304
989,Rams,Screen - Tunnel,15,4.28,4,0,8.28,0.5519999999999999
990,Rams,Seam,15,7.96,8,-3,12.96,0.8640000000000001
991,Rams,Slant,55,19.759999999999998,0,0,19.759999999999998,0.35927272727272724
992,Rams,Sluggo,3,0.0,0,-1,-1.0,-0.3333333333333333
993,Rams,Stick - Nod,1,0.56,0,0,0.56,0.56
994,Rams,Swing - Left,14,2.6400000000000006,0,0,2.6400000000000006,0.1885714285714286
995,Rams,Swing - Right,14,1.56,0,0,1.56,0.11142857142857143
996,Rams,Wheel,9,4.92,4,0,8.92,0.991111111111111
997,Rams,Whip,7,1.56,0,0,1.56,0.22285714285714286
998,Ravens,Angle,4,2.24,0,0,2.24,0.56
999,Ravens,Beneath,3,0.08000000000000002,0,0,0.08000000000000002,0.026666666666666672
1000,Ravens,Broken Play,32,9.16,8,-1,16.160000000000004,0.5050000000000001
1001,Ravens,Check & Release,7,2.04,0,0,2.04,0.2914285714285714
1002,Ravens,Chip - Curl,3,1.24,0,0,1.24,0.41333333333333333
1003,Ravens,Chip - Drag,2,0.36,0,0,0.36,0.18
1004,Ravens,Chip - Flat,6,1.2000000000000002,4,0,5.2,0.8666666666666667
1005,Ravens,Chip - Seam,1,0.0,0,0,0.0,0.0
1006,Ravens,Comeback,11,2.72,0,0,2.72,0.24727272727272728
1007,Ravens,Corner,16,9.16,8,-2,15.16,0.9475
1008,Ravens,Corner Post,2,1.32,4,0,5.32,2.66
1009,Ravens,Curl,67,18.04,4,0,22.039999999999992,0.3289552238805969
1010,Ravens,Deep Cross,15,6.24,4,0,10.240000000000002,0.6826666666666668
1011,Ravens,Dig,38,13.4,4,0,17.4,0.45789473684210524
1012,Ravens,Drag,25,5.840000000000001,0,0,5.840000000000001,0.23360000000000003
1013,Ravens,Fade,17,1.48,4,-1,4.4799999999999995,0.26352941176470585
1014,Ravens,Fade - Back Shoulder,10,2.88,0,0,2.88,0.288
1015,Ravens,Flat - Left,15,3.4400000000000004,0,0,3.4400000000000004,0.22933333333333336
1016,Ravens,Flat - Right,11,1.92,0,0,1.92,0.17454545454545453
1017,Ravens,Go/Fly,18,11.28,8,0,19.28,1.0711111111111111
1018,Ravens,Hitch & Go,4,1.08,0,0,1.08,0.27
1019,Ravens,Jerk,1,0.32,0,0,0.32,0.32
1020,Ravens,Jet Sweep Pass,2,0.0,0,0,0.0,0.0
1021,Ravens,No Video,1,0.0,0,0,0.0,0.0
1022,Ravens,Out,65,18.199999999999996,8,-2,24.199999999999992,0.3723076923076922
1023,Ravens,Out & Up,3,2.72,4,0,6.720000000000001,2.24
1024,Ravens,Over Ball,2,0.52,0,0,0.52,0.26
1025,Ravens,Post,17,7.199999999999999,4,-1,10.2,0.6
1026,Ravens,Post Corner,1,1.24,0,0,1.24,1.24
1027,Ravens,Quick,2,0.28,0,0,0.28,0.14
1028,Ravens,Screen - Beneath,2,0.32,0,0,0.32,0.16
1029,Ravens,Screen - Bubble,5,0.8,0,0,0.8,0.16
1030,Ravens,Screen - Quick,1,0.08,0,0,0.08,0.08
1031,Ravens,Screen - RB,3,1.2000000000000002,0,0,1.2000000000000002,0.4000000000000001
1032,Ravens,Screen - TE,3,1.08,0,0,1.08,0.36000000000000004
1033,Ravens,Screen - Tunnel,11,2.8400000000000003,0,0,2.8400000000000003,0.25818181818181823
1034,Ravens,Seam,7,5.32,4,-1,8.32,1.1885714285714286
1035,Ravens,Slant,31,13.24,20,0,33.24,1.072258064516129
1036,Ravens,Sluggo,1,0.0,0,0,0.0,0.0
1037,Ravens,Swing - Left,5,0.88,0,0,0.88,0.176
1038,Ravens,Swing - Right,3,0.56,0,0,0.56,0.18666666666666668
1039,Ravens,Wheel,5,1.28,0,0,1.28,0.256
1040,Ravens,Whip,7,2.16,4,-1,5.16,0.7371428571428572
1041,Saints,Angle,5,1.88,0,0,1.88,0.376
1042,Saints,Beneath,1,0.2,0,0,0.2,0.2
1043,Saints,Broken Play,34,6.08,0,-1,5.08,0.14941176470588236
1044,Saints,Check & Release,4,0.48,0,0,0.48,0.12
1045,Saints,Chip - Curl,5,0.68,0,0,0.68,0.136
1046,Saints,Chip - Drag,5,0.76,0,0,0.76,0.152
1047,Saints,Chip - Flat,7,0.04000000000000001,4,0,4.04,0.5771428571428572
1048,Saints,Chip - Seam,3,1.12,0,-1,0.12,0.04
1049,Saints,Comeback,12,5.16,0,0,5.16,0.43
1050,Saints,Corner,19,10.440000000000001,12,0,22.440000000000005,1.1810526315789476
1051,Saints,Curl,44,11.760000000000002,4,-2,13.759999999999998,0.3127272727272727
1052,Saints,Deep Cross,17,5.16,0,-3,2.16,0.12705882352941178
1053,Saints,Dig,29,7.760000000000001,0,-2,5.760000000000001,0.19862068965517243
1054,Saints,Drag,23,5.560000000000001,0,-2,3.5600000000000005,0.1547826086956522
1055,Saints,Fade,11,0.8,0,-1,-0.19999999999999996,-0.018181818181818177
1056,Saints,Fade - Back Shoulder,8,3.4400000000000004,4,0,7.4399999999999995,0.9299999999999999
1057,Saints,Flat - Left,13,1.6800000000000002,0,-1,0.68,0.05230769230769231
1058,Saints,Flat - Right,12,2.84,0,0,2.84,0.23666666666666666
1059,Saints,Go/Fly,28,15.0,8,-2,21.0,0.75
1060,Saints,Hitch & Go,6,2.4800000000000004,0,0,2.4800000000000004,0.4133333333333334
1061,Saints,Jerk,4,1.16,0,0,1.16,0.29
1062,Saints,Jet Sweep Pass,9,2.48,0,0,2.48,0.27555555555555555
1063,Saints,Out,69,18.159999999999997,4,-1,21.159999999999997,0.30666666666666664
1064,Saints,Out & Up,4,0.0,0,0,0.0,0.0
1065,Saints,Over Ball,10,2.6,0,0,2.6,0.26
1066,Saints,Post,11,5.2,0,-1,4.2,0.38181818181818183
1067,Saints,Quick,2,0.32,0,0,0.32,0.16
1068,Saints,Screen - Beneath,1,0.28,4,0,4.28,4.28
1069,Saints,Screen - Bubble,3,0.64,0,0,0.64,0.21333333333333335
1070,Saints,Screen - Drag,1,0.0,0,0,0.0,0.0
1071,Saints,Screen - Quick,1,0.0,0,0,0.0,0.0
1072,Saints,Screen - RB,3,-0.08,0,0,-0.08,-0.02666666666666667
1073,Saints,Screen - TE,2,0.4,0,0,0.4,0.2
1074,Saints,Screen - Tunnel,10,2.0,0,0,2.0,0.2
1075,Saints,Seam,12,2.3200000000000003,0,-2,0.3200000000000003,0.02666666666666669
1076,Saints,Slant,58,22.55999999999999,12,0,34.56,0.5958620689655173
1077,Saints,Stick - Nod,1,0.0,0,0,0.0,0.0
1078,Saints,Swing - Left,11,0.52,0,0,0.52,0.04727272727272727
1079,Saints,Swing - Right,3,0.6,0,0,0.6,0.19999999999999998
1080,Saints,Wheel,5,1.44,0,0,1.44,0.288
1081,Saints,Whip,13,2.08,4,0,6.080000000000001,0.46769230769230774
1082,Seahawks,Angle,7,3.4000000000000004,4,0,7.4,1.0571428571428572
1083,Seahawks,Broken Play,38,5.08,4,-2,7.080000000000001,0.18631578947368424
1084,Seahawks,Check & Release,9,2.4400000000000004,0,0,2.4400000000000004,0.27111111111111114
1085,Seahawks,Chip - Curl,9,2.64,0,0,2.64,0.29333333333333333
1086,Seahawks,Chip - Drag,3,0.04,0,0,0.04,0.013333333333333334
1087,Seahawks,Chip - Flat,11,2.6,4,0,6.6000000000000005,0.6000000000000001
1088,Seahawks,Comeback,5,0.76,0,0,0.76,0.152
1089,Seahawks,Corner,10,3.24,4,0,7.239999999999999,0.724
1090,Seahawks,Curl,103,31.999999999999996,16,-2,46.00000000000002,0.446601941747573
1091,Seahawks,Deep Cross,12,4.96,0,-2,2.96,0.24666666666666667
1092,Seahawks,Dig,47,17.72,0,-1,16.72,0.3557446808510638
1093,Seahawks,Drag,23,6.880000000000001,0,0,6.880000000000001,0.29913043478260876
1094,Seahawks,Fade,14,4.04,4,-1,7.04,0.5028571428571429
1095,Seahawks,Fade - Back Shoulder,2,0.0,0,0,0.0,0.0
1096,Seahawks,Flat - Left,9,4.760000000000001,4,0,8.76,0.9733333333333333
1097,Seahawks,Flat - Right,12,3.3200000000000003,0,0,3.3200000000000003,0.27666666666666667
1098,Seahawks,Go/Fly,15,9.76,0,0,9.76,0.6506666666666666
1099,Seahawks,Hitch & Go,3,3.96,4,0,7.96,2.6533333333333333
1100,Seahawks,Jerk,2,0.64,0,0,0.64,0.32
1101,Seahawks,Jet Sweep Pass,2,0.44000000000000006,0,0,0.44000000000000006,0.22000000000000003
1102,Seahawks,Leak,1,0.52,0,0,0.52,0.52
1103,Seahawks,Out,51,10.640000000000002,4,0,14.639999999999995,0.28705882352941164
1104,Seahawks,Out & Up,2,0.0,0,0,0.0,0.0
1105,Seahawks,Over Ball,16,3.16,0,-1,2.16,0.135
1106,Seahawks,Post,12,7.880000000000001,16,0,23.88,1.99
1107,Seahawks,Quick,2,0.0,0,0,0.0,0.0
1108,Seahawks,Screen - Bubble,3,1.4,4,0,5.4,1.8
1109,Seahawks,Screen - Quick,1,0.28,0,0,0.28,0.28
1110,Seahawks,Screen - RB,12,6.080000000000001,0,0,6.080000000000001,0.5066666666666667
1111,Seahawks,Screen - Shovel,1,0.04,4,0,4.04,4.04
1112,Seahawks,Screen - TE,4,0.68,0,0,0.68,0.17
1113,Seahawks,Screen - Tunnel,9,3.3600000000000003,0,0,3.3600000000000003,0.37333333333333335
1114,Seahawks,Seam,11,2.56,0,-2,0.56,0.05090909090909091
1115,Seahawks,Slant,28,7.520000000000001,0,0,7.520000000000001,0.2685714285714286
1116,Seahawks,Sluggo,2,0.0,0,0,0.0,0.0
1117,Seahawks,Stick - Nod,1,0.4,4,0,4.4,4.4
1118,Seahawks,Swing - Left,8,0.9600000000000001,0,0,0.9600000000000001,0.12000000000000001
1119,Seahawks,Swing - Right,6,0.28,0,0,0.28,0.04666666666666667
1120,Seahawks,Wheel,3,0.84,4,0,4.84,1.6133333333333333
1121,Seahawks,Whip,12,3.0,4,0,7.000000000000002,0.5833333333333335
1122,Steelers,Angle,4,0.48,0,0,0.48,0.12
1123,Steelers,Beneath,1,0.16,0,0,0.16,0.16
1124,Steelers,Broken Play,30,8.040000000000001,12,0,20.04,0.6679999999999999
1125,Steelers,Check & Release,7,2.5200000000000005,4,0,6.5200000000000005,0.9314285714285715
1126,Steelers,Chip,1,0.28,0,0,0.28,0.28
1127,Steelers,Chip - Curl,4,1.0,0,0,1.0,0.25
1128,Steelers,Chip - Drag,3,1.48,0,0,1.48,0.49333333333333335
1129,Steelers,Chip - Flat,11,2.08,0,0,2.08,0.1890909090909091
1130,Steelers,Chip - Seam,2,1.04,0,0,1.04,0.52
1131,Steelers,Comeback,4,2.2,0,0,2.2,0.55
1132,Steelers,Corner,22,12.52,16,0,28.520000000000003,1.2963636363636366
1133,Steelers,Corner Post,3,0.0,0,0,0.0,0.0
1134,Steelers,Curl,112,26.39999999999999,0,-2,24.39999999999999,0.21785714285714278
1135,Steelers,Deep Cross,16,6.92,8,-2,12.92,0.8075
1136,Steelers,Dig,37,16.8,4,0,20.800000000000004,0.5621621621621623
1137,Steelers,Drag,15,4.760000000000002,0,0,4.760000000000002,0.3173333333333334
1138,Steelers,Fade,7,1.56,0,-1,0.56,0.08
1139,Steelers,Fade - Back Shoulder,6,1.8399999999999999,4,0,5.84,0.9733333333333333
1140,Steelers,Flat - Left,11,2.6000000000000005,0,-1,1.6000000000000003,0.14545454545454548
1141,Steelers,Flat - Right,17,3.2800000000000002,0,0,3.2800000000000002,0.19294117647058825
1142,Steelers,Go/Fly,12,7.5600000000000005,20,-1,26.560000000000002,2.2133333333333334
1143,Steelers,Hitch & Go,4,1.4,4,0,5.4,1.35
1144,Steelers,Jerk,2,0.36,0,0,0.36,0.18
1145,Steelers,Jet Sweep Pass,1,-0.04,0,0,-0.04,-0.04
1146,Steelers,Out,55,16.519999999999996,0,-1,15.519999999999998,0.28218181818181814
1147,Steelers,Out & Up,2,0.0,0,0,0.0,0.0
1148,Steelers,Over Ball,7,1.2,0,0,1.2,0.17142857142857143
1149,Steelers,Post,16,7.92,4,-2,9.92,0.62
1150,Steelers,Post Corner,1,1.08,0,0,1.08,1.08
1151,Steelers,Quick,1,0.44,0,0,0.44,0.44
1152,Steelers,Screen - Bubble,4,0.36,0,0,0.36,0.09
1153,Steelers,Screen - Drag,2,0.48,0,0,0.48,0.24
1154,Steelers,Screen - Quick,1,0.0,0,0,0.0,0.0
1155,Steelers,Screen - RB,4,0.8,4,0,4.8,1.2
1156,Steelers,Screen - TE,1,0.0,0,0,0.0,0.0
1157,Steelers,Screen - Tunnel,9,1.76,0,0,1.76,0.19555555555555557
1158,Steelers,Seam,26,5.199999999999999,0,-2,3.1999999999999993,0.12307692307692306
1159,Steelers,Slant,38,13.72,8,-2,19.72,0.5189473684210526
1160,Steelers,Sluggo,1,0.0,0,0,0.0,0.0
1161,Steelers,Stick - Nod,1,0.84,0,0,0.84,0.84
1162,Steelers,Swing - Left,5,1.6,0,0,1.6,0.32
1163,Steelers,Swing - Right,7,2.16,4,0,6.16,0.88
1164,Steelers,Wheel,3,1.0,0,0,1.0,0.3333333333333333
1165,Steelers,Whip,11,3.7600000000000002,4,0,7.760000000000001,0.7054545454545456
1166,Texans,Angle,2,0.36,0,0,0.36,0.18
1167,Texans,Beneath,3,0.44,4,0,4.44,1.4800000000000002
1168,Texans,Broken Play,30,7.440000000000001,0,-3,4.4399999999999995,0.148
1169,Texans,Check & Release,7,1.24,0,0,1.24,0.17714285714285713
1170,Texans,Chip - Curl,6,1.6400000000000001,0,0,1.6400000000000001,0.2733333333333334
1171,Texans,Chip - Drag,3,0.56,0,0,0.56,0.18666666666666668
1172,Texans,Chip - Flat,16,3.6400000000000006,0,0,3.6400000000000006,0.22750000000000004
1173,Texans,Comeback,5,2.3200000000000003,0,0,2.3200000000000003,0.4640000000000001
1174,Texans,Corner,15,6.64,12,-1,17.64,1.176
1175,Texans,Corner Post,1,2.2,4,0,6.2,6.2
1176,Texans,Curl,95,29.27999999999999,12,-3,38.28,0.40294736842105267
1177,Texans,Deep Cross,19,11.399999999999999,8,-1,18.4,0.9684210526315788
1178,Texans,Dig,34,10.96,8,-2,16.96,0.4988235294117647
1179,Texans,Drag,14,4.360000000000001,4,-1,7.360000000000001,0.5257142857142858
1180,Texans,Fade,5,0.0,0,0,0.0,0.0
1181,Texans,Fade - Back Shoulder,4,1.2,0,0,1.2,0.3
1182,Texans,Flat - Left,14,1.8800000000000001,0,0,1.8800000000000001,0.13428571428571429
1183,Texans,Flat - Right,6,0.8400000000000001,0,0,0.8400000000000001,0.14
1184,Texans,Go/Fly,9,5.92,4,0,9.920000000000002,1.1022222222222224
1185,Texans,Hitch & Go,2,0.96,0,0,0.96,0.48
1186,Texans,Jet Sweep Pass,4,0.44000000000000006,0,0,0.44000000000000006,0.11000000000000001
1187,Texans,Leak,1,0.0,0,-1,-1.0,-1.0
1188,Texans,Out,27,8.600000000000001,0,-2,6.6,0.24444444444444444
1189,Texans,Out & Up,1,0.0,0,0,0.0,0.0
1190,Texans,Over Ball,5,0.8,0,0,0.8,0.16
1191,Texans,Post,18,13.120000000000001,12,-2,23.12,1.2844444444444445
1192,Texans,Quick,1,0.08,0,0,0.08,0.08
1193,Texans,Screen - Bubble,4,0.56,0,0,0.56,0.14
1194,Texans,Screen - Drag,1,0.52,0,0,0.52,0.52
1195,Texans,Screen - Quick,3,0.76,0,0,0.76,0.25333333333333335
1196,Texans,Screen - RB,3,0.72,0,0,0.72,0.24
1197,Texans,Screen - TE,1,0.2,0,0,0.2,0.2
1198,Texans,Screen - Tunnel,6,2.16,4,0,6.160000000000001,1.0266666666666668
1199,Texans,Seam,18,8.440000000000001,4,0,12.440000000000001,0.6911111111111112
1200,Texans,Slant,41,13.799999999999999,4,-1,16.799999999999997,0.40975609756097553
1201,Texans,Sluggo,1,0.0,0,0,0.0,0.0
1202,Texans,Stick - Nod,1,0.16,4,0,4.16,4.16
1203,Texans,Swing - Left,2,0.0,0,0,0.0,0.0
1204,Texans,Swing - Right,4,1.08,0,0,1.08,0.27
1205,Texans,Wheel,4,3.3600000000000003,0,0,3.3600000000000003,0.8400000000000001
1206,Texans,Whip,6,0.8800000000000001,0,0,0.8800000000000001,0.1466666666666667
1207,Titans,Angle,5,0.56,0,0,0.56,0.11200000000000002
1208,Titans,Beneath,3,0.96,0,0,0.96,0.32
1209,Titans,Broken Play,38,11.679999999999998,16,-4,23.68,0.6231578947368421
1210,Titans,Check & Release,12,2.6400000000000006,0,-1,1.6400000000000001,0.1366666666666667
1211,Titans,Chip - Curl,4,1.44,0,0,1.44,0.36
1212,Titans,Chip - Drag,5,1.64,0,0,1.64,0.32799999999999996
1213,Titans,Chip - Flat,8,1.04,0,0,1.04,0.13
1214,Titans,Chip - Seam,1,0.28,0,0,0.28,0.28
1215,Titans,Comeback,4,1.52,0,0,1.52,0.38
1216,Titans,Corner,25,13.280000000000003,16,-1,28.280000000000005,1.1312000000000002
1217,Titans,Corner Post,1,0.0,0,0,0.0,0.0
1218,Titans,Curl,94,22.96,0,-1,21.96,0.23361702127659575
1219,Titans,Deep Cross,17,7.4799999999999995,8,-1,14.48,0.851764705882353
1220,Titans,Dig,41,14.439999999999996,8,-5,17.439999999999998,0.4253658536585365
1221,Titans,Drag,24,6.080000000000001,4,0,10.08,0.42
1222,Titans,Fade,15,3.2800000000000002,8,0,11.28,0.752
1223,Titans,Fade - Back Shoulder,6,2.08,4,0,6.080000000000001,1.0133333333333334
1224,Titans,Flat - Left,14,3.920000000000001,0,-1,2.920000000000001,0.20857142857142863
1225,Titans,Flat - Right,10,2.4400000000000004,0,0,2.4400000000000004,0.24400000000000005
1226,Titans,Go/Fly,17,8.68,4,0,12.680000000000001,0.7458823529411766
1227,Titans,Jerk,2,0.32,0,0,0.32,0.16
1228,Titans,Jet Sweep Pass,4,0.68,0,0,0.68,0.17
1229,Titans,Out,78,15.64,0,-1,14.64,0.18769230769230769
1230,Titans,Out & Up,2,0.0,0,0,0.0,0.0
1231,Titans,Over Ball,6,1.6400000000000001,0,0,1.6400000000000001,0.2733333333333334
1232,Titans,Post,15,4.8,0,-1,3.8,0.2533333333333333
1233,Titans,Post Corner,3,3.04,0,0,3.04,1.0133333333333334
1234,Titans,Quick,5,2.7600000000000002,0,0,2.7600000000000002,0.552
1235,Titans,Screen - Bubble,5,1.4400000000000002,0,0,1.4400000000000002,0.28800000000000003
1236,Titans,Screen - Drag,2,0.48,0,-1,-0.52,-0.26
1237,Titans,Screen - Quick,1,0.12,0,0,0.12,0.12
1238,Titans,Screen - RB,7,1.72,0,0,1.72,0.24571428571428572
1239,Titans,Screen - Shovel,1,0.36,0,0,0.36,0.36
1240,Titans,Screen - TE,1,0.72,0,0,0.72,0.72
1241,Titans,Screen - Tunnel,16,4.5600000000000005,0,0,4.5600000000000005,0.28500000000000003
1242,Titans,Seam,5,2.3200000000000003,0,0,2.3200000000000003,0.4640000000000001
1243,Titans,Slant,27,6.760000000000001,4,-2,8.760000000000003,0.3244444444444446
1244,Titans,Stick - Nod,1,1.48,0,0,1.48,1.48
1245,Titans,Swing - Left,6,0.48,0,0,0.48,0.08
1246,Titans,Swing - Right,8,1.48,0,0,1.48,0.185
1247,Titans,Wheel,4,2.84,0,0,2.84,0.71
1248,Titans,Whip,9,2.68,0,0,2.68,0.2977777777777778
1249,Vikings,Angle,2,0.0,0,0,0.0,0.0
1250,Vikings,Beneath,1,0.04,4,0,4.04,4.04
1251,Vikings,Broken Play,29,8.84,20,-4,24.839999999999996,0.8565517241379309
1252,Vikings,Check & Release,6,1.6400000000000001,0,0,1.6400000000000001,0.2733333333333334
1253,Vikings,Chip - Curl,2,0.36000000000000004,0,0,0.36000000000000004,0.18000000000000002
1254,Vikings,Chip - Drag,3,0.08,0,0,0.08,0.02666666666666667
1255,Vikings,Chip - Flat,18,5.08,0,0,5.08,0.2822222222222222
1256,Vikings,Comeback,6,2.7600000000000002,0,0,2.7600000000000002,0.46
1257,Vikings,Corner,9,2.56,4,0,6.56,0.7288888888888888
1258,Vikings,Curl,71,23.439999999999998,8,-2,29.439999999999994,0.4146478873239436
1259,Vikings,Deep Cross,12,5.760000000000001,8,-1,12.760000000000002,1.0633333333333335
1260,Vikings,Dig,30,9.6,0,-1,8.6,0.2866666666666667
1261,Vikings,Drag,22,6.760000000000001,0,0,6.760000000000001,0.3072727272727273
1262,Vikings,Fade,16,3.12,0,0,3.12,0.195
1263,Vikings,Fade - Back Shoulder,2,1.44,0,0,1.44,0.72
1264,Vikings,Flat - Left,9,1.4,0,-1,0.4,0.044444444444444446
1265,Vikings,Flat - Right,11,2.0400000000000005,4,0,6.040000000000001,0.5490909090909092
1266,Vikings,Go/Fly,20,4.32,4,0,8.32,0.41600000000000004
1267,Vikings,Hitch & Go,6,1.52,8,0,9.52,1.5866666666666667
1268,Vikings,Jet Sweep Pass,8,2.4800000000000004,0,0,2.4800000000000004,0.31000000000000005
1269,Vikings,Out,55,17.24,4,0,21.24,0.3861818181818181
1270,Vikings,Out & Up,2,0.0,0,0,0.0,0.0
1271,Vikings,Over Ball,7,1.56,0,-1,0.56,0.08
1272,Vikings,Post,16,13.68,8,-2,19.68,1.23
1273,Vikings,Post Corner,2,0.8,0,0,0.8,0.4
1274,Vikings,Quick,2,0.9600000000000001,0,0,0.9600000000000001,0.48000000000000004
1275,Vikings,Screen - Bubble,10,1.8399999999999999,0,0,1.8399999999999999,0.184
1276,Vikings,Screen - Drag,1,0.32,0,0,0.32,0.32
1277,Vikings,Screen - Quick,5,0.88,0,0,0.88,0.176
1278,Vikings,Screen - RB,2,0.48000000000000004,0,0,0.48000000000000004,0.24000000000000002
1279,Vikings,Screen - TE,1,0.28,0,0,0.28,0.28
1280,Vikings,Screen - Tunnel,4,0.6399999999999999,0,0,0.6399999999999999,0.15999999999999998
1281,Vikings,Seam,16,9.160000000000002,8,-2,15.16,0.9475
1282,Vikings,Slant,45,11.559999999999999,4,0,15.560000000000002,0.34577777777777785
1283,Vikings,Sluggo,4,2.44,4,0,6.44,1.61
1284,Vikings,Stick - Nod,1,1.12,0,0,1.12,1.12
1285,Vikings,Swing - Left,10,2.96,0,0,2.96,0.296
1286,Vikings,Swing - Right,5,0.7200000000000001,0,0,0.7200000000000001,0.14400000000000002
1287,Vikings,Wheel,4,1.4,4,0,5.4,1.35
1288,Vikings,Whip,11,2.0799999999999996,0,0,2.0799999999999996,0.18909090909090906
