,team,playerName,route,dropBack,FP_yards,FP_TD,FP_intercept,FP_total,FP/DB,plays,totalPlays,freq
0,GB,Aaron Rodgers,1.0,54,11.079999999999998,12,0,23.079999999999995,0.4274074074074073,54,391,0.13810741687979539
1,GB,Aaron Rodgers,2.0,67,21.279999999999994,12,-2,31.28,0.46686567164179105,67,391,0.17135549872122763
2,GB,Aaron Rodgers,3.0,4,0.64,0,0,0.64,0.16,4,391,0.010230179028132993
3,GB,Aaron Rodgers,4.0,48,14.96,16,-1,29.96,0.6241666666666666,48,391,0.12276214833759591
4,GB,Aaron Rodgers,5.0,51,12.040000000000001,4,-1,15.039999999999997,0.2949019607843137,51,391,0.13043478260869565
5,GB,Aaron Rodgers,6.0,30,15.2,12,-1,26.200000000000003,0.8733333333333334,30,391,0.07672634271099744
6,GB,Aaron Rodgers,7.0,9,2.88,8,0,10.879999999999999,1.2088888888888887,9,391,0.023017902813299233
7,GB,Aaron Rodgers,8.0,11,8.68,4,-1,11.68,1.0618181818181818,11,391,0.028132992327365727
8,GB,Aaron Rodgers,9.0,73,42.0,36,-1,77.0,1.0547945205479452,73,391,0.1867007672634271
9,GB,Aaron Rodgers,10.0,26,5.040000000000001,4,0,9.040000000000001,0.34769230769230774,26,391,0.06649616368286446
10,GB,Aaron Rodgers,11.0,18,3.3200000000000003,8,0,11.32,0.6288888888888889,18,391,0.04603580562659847
11,NO,Andy Dalton,1.0,26,4.44,0,-1,3.4400000000000004,0.13230769230769232,26,267,0.09737827715355805
12,NO,Andy Dalton,2.0,47,12.839999999999998,16,-4,24.840000000000007,0.5285106382978725,47,267,0.1760299625468165
13,NO,Andy Dalton,3.0,2,0.0,0,0,0.0,0.0,2,267,0.00749063670411985
14,NO,Andy Dalton,4.0,60,15.680000000000001,4,0,19.679999999999993,0.3279999999999999,60,267,0.2247191011235955
15,NO,Andy Dalton,5.0,38,11.16,0,-2,9.16,0.24105263157894738,38,267,0.14232209737827714
16,NO,Andy Dalton,6.0,23,6.840000000000001,0,0,6.840000000000001,0.2973913043478261,23,267,0.08614232209737828
17,NO,Andy Dalton,7.0,8,2.64,4,0,6.64,0.83,8,267,0.0299625468164794
18,NO,Andy Dalton,8.0,8,3.72,0,0,3.72,0.465,8,267,0.0299625468164794
19,NO,Andy Dalton,9.0,30,7.5200000000000005,20,-1,26.520000000000003,0.8840000000000001,30,267,0.11235955056179775
20,NO,Andy Dalton,10.0,17,2.7600000000000007,4,0,6.7600000000000025,0.3976470588235296,17,267,0.06367041198501873
21,NO,Andy Dalton,11.0,8,2.2,0,0,2.2,0.275,8,267,0.0299625468164794
22,CAR,Baker Mayfield,1.0,32,8.600000000000001,8,0,16.599999999999998,0.5187499999999999,32,393,0.08142493638676845
23,CAR,Baker Mayfield,2.0,55,16.16,12,-2,26.159999999999997,0.4756363636363636,55,393,0.13994910941475827
24,CAR,Baker Mayfield,3.0,7,1.24,0,0,1.24,0.17714285714285713,7,393,0.017811704834605598
25,CAR,Baker Mayfield,4.0,77,21.639999999999997,4,-1,24.639999999999997,0.31999999999999995,77,393,0.19592875318066158
26,CAR,Baker Mayfield,5.0,65,17.160000000000004,8,0,25.160000000000004,0.38707692307692315,65,393,0.16539440203562342
27,CAR,Baker Mayfield,6.0,45,16.92,16,-1,31.919999999999998,0.7093333333333333,45,393,0.11450381679389313
28,CAR,Baker Mayfield,7.0,14,4.36,12,0,16.360000000000003,1.1685714285714288,14,393,0.035623409669211195
29,CAR,Baker Mayfield,8.0,15,2.2,0,-1,1.2,0.08,15,393,0.03816793893129771
30,CAR,Baker Mayfield,9.0,52,14.919999999999998,28,-2,40.92,0.786923076923077,52,393,0.13231552162849872
31,CAR,Baker Mayfield,10.0,16,3.96,0,0,3.96,0.2475,16,393,0.04071246819338423
32,CAR,Baker Mayfield,11.0,15,3.5600000000000005,8,0,11.559999999999999,0.7706666666666666,15,393,0.03816793893129771
33,TB,Blaine Gabbert,1.0,1,0.28,0,0,0.28,0.28,1,14,0.07142857142857142
34,TB,Blaine Gabbert,3.0,1,1.2,0,0,1.2,1.2,1,14,0.07142857142857142
35,TB,Blaine Gabbert,4.0,1,0.0,0,0,0.0,0.0,1,14,0.07142857142857142
36,TB,Blaine Gabbert,5.0,3,0.0,0,0,0.0,0.0,3,14,0.21428571428571427
37,TB,Blaine Gabbert,6.0,1,0.2,0,0,0.2,0.2,1,14,0.07142857142857142
38,TB,Blaine Gabbert,7.0,1,0.0,0,0,0.0,0.0,1,14,0.07142857142857142
39,TB,Blaine Gabbert,9.0,3,1.0,4,0,5.0,1.6666666666666667,3,14,0.21428571428571427
40,TB,Blaine Gabbert,10.0,2,1.8000000000000003,0,0,1.8000000000000003,0.9000000000000001,2,14,0.14285714285714285
41,TB,Blaine Gabbert,11.0,1,0.0,0,0,0.0,0.0,1,14,0.07142857142857142
42,CIN,Brandon Allen,1.0,15,3.4800000000000004,4,0,7.48,0.4986666666666667,15,117,0.1282051282051282
43,CIN,Brandon Allen,2.0,20,5.52,4,-1,8.520000000000001,0.42600000000000005,20,117,0.17094017094017094
44,CIN,Brandon Allen,4.0,26,5.880000000000001,0,-1,4.880000000000001,0.1876923076923077,26,117,0.2222222222222222
45,CIN,Brandon Allen,5.0,14,3.7199999999999998,0,0,3.7199999999999998,0.2657142857142857,14,117,0.11965811965811966
46,CIN,Brandon Allen,6.0,10,3.04,4,0,7.04,0.704,10,117,0.08547008547008547
47,CIN,Brandon Allen,7.0,2,0.0,0,0,0.0,0.0,2,117,0.017094017094017096
48,CIN,Brandon Allen,8.0,3,2.32,0,0,2.32,0.7733333333333333,3,117,0.02564102564102564
49,CIN,Brandon Allen,9.0,15,2.6,4,-1,5.6,0.3733333333333333,15,117,0.1282051282051282
50,CIN,Brandon Allen,10.0,10,5.279999999999999,4,0,9.279999999999998,0.9279999999999997,10,117,0.08547008547008547
51,CIN,Brandon Allen,11.0,2,0.52,0,0,0.52,0.26,2,117,0.017094017094017096
52,DEN,Brett Rypien,1.0,5,1.12,0,0,1.12,0.22400000000000003,5,38,0.13157894736842105
53,DEN,Brett Rypien,2.0,6,0.92,0,0,0.92,0.15333333333333335,6,38,0.15789473684210525
54,DEN,Brett Rypien,4.0,8,1.4400000000000002,0,0,1.4400000000000002,0.18000000000000002,8,38,0.21052631578947367
55,DEN,Brett Rypien,5.0,3,0.2,0,-1,-0.8,-0.26666666666666666,3,38,0.07894736842105263
56,DEN,Brett Rypien,6.0,3,0.68,0,-1,-0.31999999999999995,-0.10666666666666665,3,38,0.07894736842105263
57,DEN,Brett Rypien,7.0,3,0.84,0,0,0.84,0.27999999999999997,3,38,0.07894736842105263
58,DEN,Brett Rypien,9.0,7,5.920000000000001,8,-1,12.92,1.8457142857142856,7,38,0.18421052631578946
59,DEN,Brett Rypien,10.0,2,0.039999999999999994,0,0,0.039999999999999994,0.019999999999999997,2,38,0.05263157894736842
60,DEN,Brett Rypien,11.0,1,0.28,0,0,0.28,0.28,1,38,0.02631578947368421
61,NE,Brian Hoyer,1.0,2,-0.16,0,0,-0.16,-0.08,2,20,0.1
62,NE,Brian Hoyer,2.0,5,1.56,0,0,1.56,0.312,5,20,0.25
63,NE,Brian Hoyer,3.0,1,0.0,0,0,0.0,0.0,1,20,0.05
64,NE,Brian Hoyer,4.0,2,0.52,0,0,0.52,0.26,2,20,0.1
65,NE,Brian Hoyer,5.0,1,0.32,0,0,0.32,0.32,1,20,0.05
66,NE,Brian Hoyer,6.0,3,0.6799999999999999,0,0,0.6799999999999999,0.22666666666666666,3,20,0.15
67,NE,Brian Hoyer,7.0,1,0.0,0,0,0.0,0.0,1,20,0.05
68,NE,Brian Hoyer,8.0,1,1.0,0,0,1.0,1.0,1,20,0.05
69,NE,Brian Hoyer,9.0,4,0.76,0,-1,-0.24,-0.06,4,20,0.2
70,JAX,C.J. Beathard,1.0,9,0.96,4,0,4.960000000000001,0.5511111111111112,9,85,0.10588235294117647
71,JAX,C.J. Beathard,2.0,23,8.360000000000001,4,0,12.360000000000001,0.5373913043478261,23,85,0.27058823529411763
72,JAX,C.J. Beathard,4.0,18,3.56,0,0,3.56,0.19777777777777777,18,85,0.21176470588235294
73,JAX,C.J. Beathard,5.0,12,3.64,4,0,7.640000000000001,0.6366666666666667,12,85,0.1411764705882353
74,JAX,C.J. Beathard,6.0,9,1.36,0,0,1.36,0.1511111111111111,9,85,0.10588235294117647
75,JAX,C.J. Beathard,8.0,3,1.6,0,0,1.6,0.5333333333333333,3,85,0.03529411764705882
76,JAX,C.J. Beathard,9.0,9,4.4,0,0,4.4,0.48888888888888893,9,85,0.10588235294117647
77,JAX,C.J. Beathard,10.0,1,0.32,0,0,0.32,0.32,1,85,0.011764705882352941
78,JAX,C.J. Beathard,11.0,1,0.2,0,0,0.2,0.2,1,85,0.011764705882352941
79,WAS,Carson Wentz,1.0,34,7.400000000000003,0,-1,6.400000000000003,0.18823529411764714,34,336,0.10119047619047619
80,WAS,Carson Wentz,2.0,47,9.08,4,0,13.079999999999998,0.2782978723404255,47,336,0.13988095238095238
81,WAS,Carson Wentz,3.0,10,1.8399999999999999,0,0,1.8399999999999999,0.184,10,336,0.02976190476190476
82,WAS,Carson Wentz,4.0,66,16.28,4,-4,16.28,0.24666666666666667,66,336,0.19642857142857142
83,WAS,Carson Wentz,5.0,57,14.360000000000001,4,-2,16.36,0.2870175438596491,57,336,0.16964285714285715
84,WAS,Carson Wentz,6.0,30,5.84,0,-1,4.840000000000001,0.16133333333333336,30,336,0.08928571428571429
85,WAS,Carson Wentz,7.0,5,2.6799999999999997,0,0,2.6799999999999997,0.5359999999999999,5,336,0.01488095238095238
86,WAS,Carson Wentz,8.0,13,1.48,4,-1,4.4799999999999995,0.3446153846153846,13,336,0.03869047619047619
87,WAS,Carson Wentz,9.0,43,19.72,24,-3,40.720000000000006,0.9469767441860466,43,336,0.12797619047619047
88,WAS,Carson Wentz,10.0,20,3.0,0,0,3.0,0.15,20,336,0.05952380952380952
89,WAS,Carson Wentz,11.0,11,1.8399999999999999,0,0,1.8399999999999999,0.16727272727272727,11,336,0.03273809523809524
90,BUF,Case Keenum,1.0,1,0.0,0,0,0.0,0.0,1,6,0.16666666666666666
91,BUF,Case Keenum,4.0,3,0.8,0,0,0.8,0.26666666666666666,3,6,0.5
92,BUF,Case Keenum,5.0,1,0.0,0,0,0.0,0.0,1,6,0.16666666666666666
93,BUF,Case Keenum,9.0,1,0.96,0,0,0.96,0.96,1,6,0.16666666666666666
94,KC,Chad Henne,1.0,7,1.72,4,0,5.720000000000001,0.8171428571428573,7,27,0.25925925925925924
95,KC,Chad Henne,2.0,2,0.6000000000000001,0,0,0.6000000000000001,0.30000000000000004,2,27,0.07407407407407407
96,KC,Chad Henne,4.0,8,3.9999999999999996,0,0,3.9999999999999996,0.49999999999999994,8,27,0.2962962962962963
97,KC,Chad Henne,5.0,2,0.44,0,0,0.44,0.22,2,27,0.07407407407407407
98,KC,Chad Henne,6.0,2,0.0,0,0,0.0,0.0,2,27,0.07407407407407407
99,KC,Chad Henne,8.0,1,0.0,0,-1,-1.0,-1.0,1,27,0.037037037037037035
100,KC,Chad Henne,9.0,3,0.0,0,0,0.0,0.0,3,27,0.1111111111111111
101,KC,Chad Henne,10.0,1,0.0,0,0,0.0,0.0,1,27,0.037037037037037035
102,KC,Chad Henne,11.0,1,-0.08,0,0,-0.08,-0.08,1,27,0.037037037037037035
103,LAC,Chase Daniel,1.0,1,0.08,0,0,0.08,0.08,1,36,0.027777777777777776
104,LAC,Chase Daniel,2.0,7,1.4000000000000001,0,0,1.4000000000000001,0.2,7,36,0.19444444444444445
105,LAC,Chase Daniel,4.0,9,3.2000000000000006,0,0,3.2000000000000006,0.3555555555555556,9,36,0.25
106,LAC,Chase Daniel,5.0,8,0.6400000000000001,0,-1,-0.36,-0.045,8,36,0.2222222222222222
107,LAC,Chase Daniel,6.0,3,1.76,0,0,1.76,0.5866666666666667,3,36,0.08333333333333333
108,LAC,Chase Daniel,7.0,2,1.56,0,0,1.56,0.78,2,36,0.05555555555555555
109,LAC,Chase Daniel,9.0,1,0.52,0,0,0.52,0.52,1,36,0.027777777777777776
110,LAC,Chase Daniel,10.0,3,0.12,0,0,0.12,0.04,3,36,0.08333333333333333
111,LAC,Chase Daniel,11.0,2,0.56,0,0,0.56,0.28,2,36,0.05555555555555555
112,ARI,Colt McCoy,1.0,3,0.68,0,0,0.68,0.22666666666666668,3,54,0.05555555555555555
113,ARI,Colt McCoy,2.0,6,1.6,0,0,1.6,0.26666666666666666,6,54,0.1111111111111111
114,ARI,Colt McCoy,3.0,1,0.6,0,0,0.6,0.6,1,54,0.018518518518518517
115,ARI,Colt McCoy,4.0,16,4.48,0,-1,3.4800000000000004,0.21750000000000003,16,54,0.2962962962962963
116,ARI,Colt McCoy,5.0,4,0.76,0,0,0.76,0.19,4,54,0.07407407407407407
117,ARI,Colt McCoy,6.0,5,0.76,0,0,0.76,0.152,5,54,0.09259259259259259
118,ARI,Colt McCoy,7.0,1,0.0,0,0,0.0,0.0,1,54,0.018518518518518517
119,ARI,Colt McCoy,8.0,1,0.84,0,0,0.84,0.84,1,54,0.018518518518518517
120,ARI,Colt McCoy,9.0,10,3.24,0,0,3.24,0.324,10,54,0.18518518518518517
121,ARI,Colt McCoy,10.0,2,0.39999999999999997,0,0,0.39999999999999997,0.19999999999999998,2,54,0.037037037037037035
122,ARI,Colt McCoy,11.0,5,1.56,0,0,1.56,0.312,5,54,0.09259259259259259
123,DAL,Dak Prescott,1.0,8,2.3200000000000003,4,0,6.319999999999999,0.7899999999999999,8,166,0.04819277108433735
124,DAL,Dak Prescott,2.0,24,8.720000000000002,4,-1,11.72,0.48833333333333334,24,166,0.14457831325301204
125,DAL,Dak Prescott,3.0,4,1.8000000000000003,0,0,1.8000000000000003,0.45000000000000007,4,166,0.024096385542168676
126,DAL,Dak Prescott,4.0,40,11.120000000000003,0,0,11.120000000000003,0.2780000000000001,40,166,0.24096385542168675
127,DAL,Dak Prescott,5.0,19,5.760000000000001,0,0,5.760000000000001,0.3031578947368421,19,166,0.1144578313253012
128,DAL,Dak Prescott,6.0,24,11.280000000000003,8,-2,17.279999999999998,0.7199999999999999,24,166,0.14457831325301204
129,DAL,Dak Prescott,7.0,2,0.2,4,0,4.2,2.1,2,166,0.012048192771084338
130,DAL,Dak Prescott,8.0,6,7.52,4,0,11.520000000000001,1.9200000000000002,6,166,0.03614457831325301
131,DAL,Dak Prescott,9.0,19,12.400000000000002,12,0,24.4,1.2842105263157895,19,166,0.1144578313253012
132,DAL,Dak Prescott,10.0,7,0.64,0,0,0.64,0.09142857142857143,7,166,0.04216867469879518
133,DAL,Dak Prescott,11.0,13,2.52,0,0,2.52,0.19384615384615383,13,166,0.0783132530120482
134,NYG,Daniel Jones,1.0,46,9.44,0,0,9.44,0.20521739130434782,46,376,0.12234042553191489
135,NYG,Daniel Jones,2.0,72,17.680000000000007,8,-1,24.68,0.3427777777777778,72,376,0.19148936170212766
136,NYG,Daniel Jones,3.0,11,2.9200000000000004,0,0,2.9200000000000004,0.2654545454545455,11,376,0.02925531914893617
137,NYG,Daniel Jones,4.0,90,21.48,8,-3,26.48,0.2942222222222222,90,376,0.2393617021276596
138,NYG,Daniel Jones,5.0,36,6.960000000000001,0,-1,5.960000000000001,0.16555555555555557,36,376,0.09574468085106383
139,NYG,Daniel Jones,6.0,29,11.640000000000002,0,-1,10.640000000000002,0.366896551724138,29,376,0.07712765957446809
140,NYG,Daniel Jones,7.0,4,1.8399999999999999,0,-2,-0.16000000000000003,-0.04000000000000001,4,376,0.010638297872340425
141,NYG,Daniel Jones,8.0,9,3.4000000000000004,4,0,7.4,0.8222222222222223,9,376,0.023936170212765957
142,NYG,Daniel Jones,9.0,45,23.6,28,-1,50.599999999999994,1.1244444444444444,45,376,0.1196808510638298
143,NYG,Daniel Jones,10.0,16,3.5199999999999996,0,0,3.5199999999999996,0.21999999999999997,16,376,0.0425531914893617
144,NYG,Daniel Jones,11.0,18,2.6399999999999997,0,0,2.6399999999999997,0.14666666666666664,18,376,0.047872340425531915
145,DET,David Blough,2.0,2,0.36,0,0,0.36,0.18,2,8,0.25
146,DET,David Blough,5.0,1,0.2,0,0,0.2,0.2,1,8,0.125
147,DET,David Blough,6.0,1,0.8,0,0,0.8,0.8,1,8,0.125
148,DET,David Blough,9.0,1,0.0,0,0,0.0,0.0,1,8,0.125
149,DET,David Blough,11.0,3,0.32,0,0,0.32,0.10666666666666667,3,8,0.375
150,LV,Derek Carr,1.0,47,9.8,4,0,13.799999999999999,0.2936170212765957,47,421,0.11163895486935867
151,LV,Derek Carr,2.0,64,20.08,12,0,32.08,0.50125,64,421,0.15201900237529692
152,LV,Derek Carr,3.0,3,1.12,0,0,1.12,0.37333333333333335,3,421,0.007125890736342043
153,LV,Derek Carr,4.0,79,24.799999999999994,8,-1,31.799999999999997,0.40253164556962023,79,421,0.1876484560570071
154,LV,Derek Carr,5.0,42,11.84,4,-1,14.839999999999996,0.3533333333333332,42,421,0.0997624703087886
155,LV,Derek Carr,6.0,53,21.76,4,-4,21.76,0.4105660377358491,53,421,0.12589073634204276
156,LV,Derek Carr,7.0,15,3.24,8,-1,10.24,0.6826666666666666,15,421,0.035629453681710214
157,LV,Derek Carr,8.0,17,7.92,12,-1,18.920000000000005,1.1129411764705885,17,421,0.040380047505938245
158,LV,Derek Carr,9.0,51,30.48,36,-1,65.48,1.283921568627451,51,421,0.12114014251781473
159,LV,Derek Carr,10.0,18,4.120000000000001,0,0,4.120000000000001,0.22888888888888895,18,421,0.04275534441805225
160,LV,Derek Carr,11.0,32,6.080000000000001,4,-1,9.080000000000002,0.28375000000000006,32,421,0.07600950118764846
161,CLE,Deshaun Watson,1.0,33,6.7200000000000015,4,0,10.719999999999997,0.3248484848484848,33,409,0.08068459657701711
162,CLE,Deshaun Watson,2.0,53,14.519999999999996,12,0,26.520000000000003,0.5003773584905661,53,409,0.1295843520782396
163,CLE,Deshaun Watson,3.0,7,2.8,0,0,2.8,0.39999999999999997,7,409,0.017114914425427872
164,CLE,Deshaun Watson,4.0,61,19.799999999999994,4,0,23.8,0.39016393442622954,61,409,0.1491442542787286
165,CLE,Deshaun Watson,5.0,57,16.159999999999997,0,-1,15.159999999999997,0.2659649122807017,57,409,0.1393643031784841
166,CLE,Deshaun Watson,6.0,67,34.279999999999994,20,-3,51.28000000000001,0.7653731343283583,67,409,0.16381418092909536
167,CLE,Deshaun Watson,7.0,17,5.24,0,-1,4.24,0.24941176470588236,17,409,0.04156479217603912
168,CLE,Deshaun Watson,8.0,15,2.72,0,-1,1.7200000000000002,0.11466666666666668,15,409,0.03667481662591687
169,CLE,Deshaun Watson,9.0,46,23.960000000000008,28,0,51.96000000000001,1.1295652173913044,46,409,0.11246943765281174
170,CLE,Deshaun Watson,10.0,37,12.879999999999999,4,0,16.879999999999995,0.4562162162162161,37,409,0.09046454767726161
171,CLE,Deshaun Watson,11.0,16,4.32,0,0,4.32,0.27,16,409,0.039119804400977995
172,SEA,Drew Lock,1.0,37,4.28,0,0,4.28,0.11567567567567569,37,342,0.10818713450292397
173,SEA,Drew Lock,2.0,48,10.080000000000002,0,-2,8.080000000000002,0.16833333333333336,48,342,0.14035087719298245
174,SEA,Drew Lock,3.0,1,0.0,0,0,0.0,0.0,1,342,0.0029239766081871343
175,SEA,Drew Lock,4.0,73,17.32,4,-1,20.319999999999993,0.27835616438356153,73,342,0.2134502923976608
176,SEA,Drew Lock,5.0,32,7.8400000000000025,0,-1,6.840000000000002,0.21375000000000005,32,342,0.0935672514619883
177,SEA,Drew Lock,6.0,45,16.44,8,-2,22.440000000000005,0.49866666666666676,45,342,0.13157894736842105
178,SEA,Drew Lock,7.0,16,1.12,4,0,5.12,0.32,16,342,0.04678362573099415
179,SEA,Drew Lock,8.0,13,9.6,16,-3,22.6,1.7384615384615385,13,342,0.038011695906432746
180,SEA,Drew Lock,9.0,46,13.880000000000003,8,-3,18.880000000000006,0.41043478260869576,46,342,0.13450292397660818
181,SEA,Drew Lock,10.0,11,2.1199999999999997,0,0,2.1199999999999997,0.1927272727272727,11,342,0.03216374269005848
182,SEA,Drew Lock,11.0,20,5.320000000000001,4,0,9.319999999999999,0.4659999999999999,20,342,0.05847953216374269
183,PHI,Gardner Minshew,1.0,27,5.6400000000000015,8,0,13.64,0.5051851851851852,27,272,0.09926470588235294
184,PHI,Gardner Minshew,2.0,39,7.880000000000003,12,0,19.88,0.5097435897435897,39,272,0.14338235294117646
185,PHI,Gardner Minshew,3.0,3,1.48,0,0,1.48,0.49333333333333335,3,272,0.011029411764705883
186,PHI,Gardner Minshew,4.0,61,17.279999999999994,4,-2,19.28,0.3160655737704918,61,272,0.22426470588235295
187,PHI,Gardner Minshew,5.0,28,9.960000000000003,0,0,9.960000000000003,0.3557142857142858,28,272,0.10294117647058823
188,PHI,Gardner Minshew,6.0,28,12.200000000000003,4,-1,15.200000000000003,0.5428571428571429,28,272,0.10294117647058823
189,PHI,Gardner Minshew,7.0,11,0.52,4,0,4.52,0.4109090909090909,11,272,0.04044117647058824
190,PHI,Gardner Minshew,8.0,4,0.56,0,0,0.56,0.14,4,272,0.014705882352941176
191,PHI,Gardner Minshew,9.0,44,13.240000000000002,24,-2,35.239999999999995,0.8009090909090908,44,272,0.16176470588235295
192,PHI,Gardner Minshew,10.0,16,5.08,0,0,5.08,0.3175,16,272,0.058823529411764705
193,PHI,Gardner Minshew,11.0,11,3.04,0,0,3.04,0.27636363636363637,11,272,0.04044117647058824
194,SEA,Geno Smith,4.0,2,0.24,0,0,0.24,0.12,2,3,0.6666666666666666
195,SEA,Geno Smith,5.0,1,0.4,0,0,0.4,0.4,1,3,0.3333333333333333
196,CLE,Jacoby Brissett,4.0,1,0.0,0,0,0.0,0.0,1,4,0.25
197,CLE,Jacoby Brissett,9.0,1,0.0,0,0,0.0,0.0,1,4,0.25
198,CLE,Jacoby Brissett,10.0,1,0.16,0,0,0.16,0.16,1,4,0.25
199,CLE,Jacoby Brissett,11.0,1,0.0,0,0,0.0,0.0,1,4,0.25
200,JAX,Jake Luton,1.0,9,1.4400000000000004,0,0,1.4400000000000004,0.16000000000000003,9,88,0.10227272727272728
201,JAX,Jake Luton,2.0,12,1.04,4,-1,4.040000000000001,0.3366666666666667,12,88,0.13636363636363635
202,JAX,Jake Luton,3.0,1,0.4,0,0,0.4,0.4,1,88,0.011363636363636364
203,JAX,Jake Luton,4.0,21,5.5600000000000005,0,-1,4.5600000000000005,0.21714285714285717,21,88,0.23863636363636365
204,JAX,Jake Luton,5.0,18,4.92,0,0,4.92,0.2733333333333333,18,88,0.20454545454545456
205,JAX,Jake Luton,6.0,8,2.24,0,-1,1.24,0.155,8,88,0.09090909090909091
206,JAX,Jake Luton,7.0,1,1.08,0,0,1.08,1.08,1,88,0.011363636363636364
207,JAX,Jake Luton,8.0,3,0.68,0,0,0.68,0.22666666666666668,3,88,0.03409090909090909
208,JAX,Jake Luton,9.0,8,2.92,4,-3,3.92,0.49,8,88,0.09090909090909091
209,JAX,Jake Luton,10.0,4,0.44,0,0,0.44,0.11,4,88,0.045454545454545456
210,JAX,Jake Luton,11.0,3,0.68,0,0,0.68,0.22666666666666668,3,88,0.03409090909090909
211,PHI,Jalen Hurts,1.0,7,0.6000000000000001,0,0,0.6000000000000001,0.08571428571428573,7,100,0.07
212,PHI,Jalen Hurts,2.0,6,2.08,0,-1,1.08,0.18000000000000002,6,100,0.06
213,PHI,Jalen Hurts,3.0,7,2.32,0,0,2.32,0.3314285714285714,7,100,0.07
214,PHI,Jalen Hurts,4.0,10,2.08,0,0,2.08,0.20800000000000002,10,100,0.1
215,PHI,Jalen Hurts,5.0,24,7.920000000000002,0,-1,6.920000000000001,0.2883333333333334,24,100,0.24
216,PHI,Jalen Hurts,6.0,9,2.48,0,0,2.48,0.27555555555555555,9,100,0.09
217,PHI,Jalen Hurts,7.0,2,0.2,4,0,4.2,2.1,2,100,0.02
218,PHI,Jalen Hurts,8.0,4,1.28,4,0,5.28,1.32,4,100,0.04
219,PHI,Jalen Hurts,9.0,17,5.720000000000001,4,0,9.719999999999999,0.5717647058823528,17,100,0.17
220,PHI,Jalen Hurts,10.0,10,3.96,4,0,7.96,0.796,10,100,0.1
221,PHI,Jalen Hurts,11.0,4,0.92,0,0,0.92,0.23,4,100,0.04
222,NO,Jameis Winston,1.0,1,0.48,0,0,0.48,0.48,1,10,0.1
223,NO,Jameis Winston,4.0,1,0.12,0,0,0.12,0.12,1,10,0.1
224,NO,Jameis Winston,5.0,2,1.24,0,0,1.24,0.62,2,10,0.2
225,NO,Jameis Winston,7.0,1,0.0,0,0,0.0,0.0,1,10,0.1
226,NO,Jameis Winston,8.0,1,0.0,0,0,0.0,0.0,1,10,0.1
227,NO,Jameis Winston,9.0,2,0.6,0,0,0.6,0.3,2,10,0.2
228,NO,Jameis Winston,10.0,2,0.56,0,0,0.56,0.28,2,10,0.2
229,DET,Jared Goff,1.0,44,8.440000000000001,12,0,20.439999999999998,0.4645454545454545,44,450,0.09777777777777778
230,DET,Jared Goff,2.0,49,20.67999999999999,12,-2,30.679999999999993,0.6261224489795917,49,450,0.10888888888888888
231,DET,Jared Goff,3.0,5,0.88,0,0,0.88,0.176,5,450,0.011111111111111112
232,DET,Jared Goff,4.0,122,30.519999999999982,8,-2,36.519999999999975,0.29934426229508176,122,450,0.27111111111111114
233,DET,Jared Goff,5.0,70,21.0,4,-3,22.0,0.3142857142857143,70,450,0.15555555555555556
234,DET,Jared Goff,6.0,36,13.879999999999999,12,-1,24.880000000000003,0.6911111111111112,36,450,0.08
235,DET,Jared Goff,7.0,18,5.5200000000000005,0,-2,3.5200000000000005,0.1955555555555556,18,450,0.04
236,DET,Jared Goff,8.0,11,6.919999999999999,4,0,10.92,0.9927272727272727,11,450,0.024444444444444446
237,DET,Jared Goff,9.0,26,8.560000000000002,12,0,20.560000000000002,0.7907692307692309,26,450,0.057777777777777775
238,DET,Jared Goff,10.0,40,7.560000000000002,0,0,7.560000000000002,0.18900000000000006,40,450,0.08888888888888889
239,DET,Jared Goff,11.0,29,5.160000000000001,4,0,9.160000000000002,0.31586206896551733,29,450,0.06444444444444444
240,LV,Jarrett Stidham,1.0,1,0.0,0,-1,-1.0,-1.0,1,32,0.03125
241,LV,Jarrett Stidham,4.0,7,2.2800000000000002,0,0,2.2800000000000002,0.32571428571428573,7,32,0.21875
242,LV,Jarrett Stidham,5.0,6,0.92,0,-1,-0.07999999999999996,-0.013333333333333327,6,32,0.1875
243,LV,Jarrett Stidham,6.0,4,0.52,0,0,0.52,0.13,4,32,0.125
244,LV,Jarrett Stidham,7.0,1,0.0,0,0,0.0,0.0,1,32,0.03125
245,LV,Jarrett Stidham,8.0,1,0.0,0,-1,-1.0,-1.0,1,32,0.03125
246,LV,Jarrett Stidham,9.0,4,1.68,8,-1,8.68,2.17,4,32,0.125
247,LV,Jarrett Stidham,10.0,2,0.24,0,0,0.24,0.12,2,32,0.0625
248,LV,Jarrett Stidham,11.0,6,1.08,0,0,1.08,0.18000000000000002,6,32,0.1875
249,HOU,Jeff Driskel,1.0,3,0.28,0,0,0.28,0.09333333333333334,3,56,0.05357142857142857
250,HOU,Jeff Driskel,2.0,7,1.4,0,0,1.4,0.19999999999999998,7,56,0.125
251,HOU,Jeff Driskel,4.0,11,1.12,0,0,1.12,0.10181818181818182,11,56,0.19642857142857142
252,HOU,Jeff Driskel,5.0,6,1.7599999999999998,0,0,1.7599999999999998,0.2933333333333333,6,56,0.10714285714285714
253,HOU,Jeff Driskel,6.0,11,4.32,4,-1,7.32,0.6654545454545455,11,56,0.19642857142857142
254,HOU,Jeff Driskel,7.0,3,1.6800000000000002,4,0,5.68,1.8933333333333333,3,56,0.05357142857142857
255,HOU,Jeff Driskel,8.0,2,0.0,0,-1,-1.0,-0.5,2,56,0.03571428571428571
256,HOU,Jeff Driskel,9.0,7,3.56,4,0,7.56,1.0799999999999998,7,56,0.125
257,HOU,Jeff Driskel,10.0,1,0.04,0,0,0.04,0.04,1,56,0.017857142857142856
258,HOU,Jeff Driskel,11.0,5,1.4400000000000002,0,0,1.4400000000000002,0.28800000000000003,5,56,0.08928571428571429
259,SF,Jimmy Garoppolo,1.0,9,2.0,4,0,6.000000000000001,0.6666666666666667,9,112,0.08035714285714286
260,SF,Jimmy Garoppolo,2.0,14,8.56,8,0,16.56,1.1828571428571428,14,112,0.125
261,SF,Jimmy Garoppolo,4.0,25,6.360000000000001,4,-1,9.359999999999998,0.3743999999999999,25,112,0.22321428571428573
262,SF,Jimmy Garoppolo,5.0,22,5.000000000000001,8,0,13.0,0.5909090909090909,22,112,0.19642857142857142
263,SF,Jimmy Garoppolo,6.0,14,4.72,0,-1,3.7199999999999998,0.2657142857142857,14,112,0.125
264,SF,Jimmy Garoppolo,8.0,7,1.9600000000000002,0,-1,0.9600000000000002,0.13714285714285718,7,112,0.0625
265,SF,Jimmy Garoppolo,9.0,9,4.48,0,-2,2.4800000000000004,0.2755555555555556,9,112,0.08035714285714286
266,SF,Jimmy Garoppolo,10.0,8,4.88,4,0,8.880000000000003,1.1100000000000003,8,112,0.07142857142857142
267,SF,Jimmy Garoppolo,11.0,4,1.0,0,0,1.0,0.25,4,112,0.03571428571428571
268,CIN,Joe Burrow,1.0,32,6.400000000000001,8,0,14.4,0.45,32,337,0.09495548961424333
269,CIN,Joe Burrow,2.0,54,17.919999999999998,8,-2,23.919999999999995,0.44296296296296284,54,337,0.16023738872403562
270,CIN,Joe Burrow,3.0,6,2.24,4,0,6.24,1.04,6,337,0.017804154302670624
271,CIN,Joe Burrow,4.0,67,19.12,8,0,27.12,0.4047761194029851,67,337,0.19881305637982197
272,CIN,Joe Burrow,5.0,38,5.800000000000002,4,0,9.8,0.2578947368421053,38,337,0.11275964391691394
273,CIN,Joe Burrow,6.0,43,17.119999999999994,8,-1,24.119999999999997,0.5609302325581395,43,337,0.12759643916913946
274,CIN,Joe Burrow,7.0,6,1.4,4,-1,4.3999999999999995,0.7333333333333333,6,337,0.017804154302670624
275,CIN,Joe Burrow,8.0,18,4.24,4,0,8.239999999999998,0.4577777777777777,18,337,0.05341246290801187
276,CIN,Joe Burrow,9.0,47,13.56,4,-1,16.56,0.35234042553191486,47,337,0.1394658753709199
277,CIN,Joe Burrow,10.0,17,3.68,0,0,3.68,0.21647058823529414,17,337,0.050445103857566766
278,CIN,Joe Burrow,11.0,9,1.28,0,0,1.28,0.14222222222222222,9,337,0.026706231454005934
279,NYJ,Joe Flacco,1.0,10,1.72,0,-1,0.72,0.072,10,107,0.09345794392523364
280,NYJ,Joe Flacco,2.0,20,5.880000000000001,0,0,5.880000000000001,0.29400000000000004,20,107,0.18691588785046728
281,NYJ,Joe Flacco,4.0,18,4.28,0,0,4.28,0.23777777777777778,18,107,0.16822429906542055
282,NYJ,Joe Flacco,5.0,6,1.44,0,0,1.44,0.24,6,107,0.056074766355140186
283,NYJ,Joe Flacco,6.0,15,5.4799999999999995,4,-1,8.48,0.5653333333333334,15,107,0.14018691588785046
284,NYJ,Joe Flacco,7.0,3,0.8,4,0,4.8,1.5999999999999999,3,107,0.028037383177570093
285,NYJ,Joe Flacco,8.0,2,0.0,0,-1,-1.0,-0.5,2,107,0.018691588785046728
286,NYJ,Joe Flacco,9.0,24,7.72,12,0,19.72,0.8216666666666667,24,107,0.22429906542056074
287,NYJ,Joe Flacco,10.0,5,1.1199999999999999,0,0,1.1199999999999999,0.22399999999999998,5,107,0.04672897196261682
288,NYJ,Joe Flacco,11.0,4,1.2800000000000002,0,0,1.2800000000000002,0.32000000000000006,4,107,0.037383177570093455
289,LAR,John Wolford,1.0,2,0.08,0,0,0.08,0.04,2,35,0.05714285714285714
290,LAR,John Wolford,2.0,6,1.3599999999999999,0,-1,0.36,0.06,6,35,0.17142857142857143
291,LAR,John Wolford,4.0,6,2.0,0,0,2.0,0.3333333333333333,6,35,0.17142857142857143
292,LAR,John Wolford,5.0,3,1.12,0,0,1.12,0.37333333333333335,3,35,0.08571428571428572
293,LAR,John Wolford,6.0,3,0.52,0,0,0.52,0.17333333333333334,3,35,0.08571428571428572
294,LAR,John Wolford,7.0,2,0.0,0,0,0.0,0.0,2,35,0.05714285714285714
295,LAR,John Wolford,8.0,1,0.0,0,0,0.0,0.0,1,35,0.02857142857142857
296,LAR,John Wolford,9.0,7,3.64,0,0,3.64,0.52,7,35,0.2
297,LAR,John Wolford,10.0,4,0.48,0,0,0.48,0.12,4,35,0.11428571428571428
298,LAR,John Wolford,11.0,1,0.36,0,0,0.36,0.36,1,35,0.02857142857142857
299,BUF,Josh Allen,1.0,45,9.360000000000001,4,0,13.36,0.29688888888888887,45,515,0.08737864077669903
300,BUF,Josh Allen,2.0,58,22.480000000000004,24,0,46.48,0.8013793103448276,58,515,0.11262135922330097
301,BUF,Josh Allen,3.0,7,3.52,0,0,3.52,0.5028571428571429,7,515,0.013592233009708738
302,BUF,Josh Allen,4.0,136,41.519999999999996,4,-2,43.519999999999996,0.31999999999999995,136,515,0.26407766990291265
303,BUF,Josh Allen,5.0,63,17.11999999999999,4,0,21.119999999999994,0.33523809523809517,63,515,0.12233009708737864
304,BUF,Josh Allen,6.0,73,26.680000000000003,28,-2,52.67999999999999,0.7216438356164383,73,515,0.141747572815534
305,BUF,Josh Allen,7.0,5,4.32,4,0,8.32,1.6640000000000001,5,515,0.009708737864077669
306,BUF,Josh Allen,8.0,16,5.76,8,-1,12.76,0.7975,16,515,0.031067961165048542
307,BUF,Josh Allen,9.0,53,18.199999999999996,28,-4,42.2,0.7962264150943397,53,515,0.1029126213592233
308,BUF,Josh Allen,10.0,35,9.240000000000002,12,0,21.240000000000002,0.6068571428571429,35,515,0.06796116504854369
309,BUF,Josh Allen,11.0,24,6.68,8,0,14.680000000000001,0.6116666666666667,24,515,0.04660194174757282
310,CLE,Joshua Dobbs,10.0,3,-0.039999999999999994,0,0,-0.039999999999999994,-0.01333333333333333,3,3,1.0
311,LAC,Justin Herbert,1.0,56,10.359999999999998,4,0,14.36,0.2564285714285714,56,490,0.11428571428571428
312,LAC,Justin Herbert,2.0,71,15.799999999999995,4,-1,18.799999999999997,0.2647887323943662,71,490,0.14489795918367346
313,LAC,Justin Herbert,3.0,9,2.08,0,0,2.08,0.23111111111111113,9,490,0.018367346938775512
314,LAC,Justin Herbert,4.0,115,32.84,8,0,40.83999999999999,0.3551304347826086,115,490,0.23469387755102042
315,LAC,Justin Herbert,5.0,43,8.120000000000001,4,-2,10.12,0.2353488372093023,43,490,0.08775510204081632
316,LAC,Justin Herbert,6.0,42,22.439999999999998,20,-1,41.44,0.9866666666666666,42,490,0.08571428571428572
317,LAC,Justin Herbert,7.0,20,8.040000000000001,8,-1,15.040000000000001,0.752,20,490,0.04081632653061224
318,LAC,Justin Herbert,8.0,13,3.8000000000000003,4,-2,5.8,0.4461538461538461,13,490,0.026530612244897958
319,LAC,Justin Herbert,9.0,60,27.960000000000008,28,-1,54.96,0.916,60,490,0.12244897959183673
320,LAC,Justin Herbert,10.0,34,4.840000000000002,4,0,8.840000000000002,0.26000000000000006,34,490,0.06938775510204082
321,LAC,Justin Herbert,11.0,27,7.840000000000002,0,0,7.840000000000002,0.29037037037037045,27,490,0.05510204081632653
322,DEN,Kendall Hinton,2.0,1,0.0,0,0,0.0,0.0,1,4,0.25
323,DEN,Kendall Hinton,9.0,3,0.0,0,-1,-1.0,-0.3333333333333333,3,4,0.75
324,MIN,Kirk Cousins,1.0,46,11.12,16,0,27.119999999999994,0.5895652173913042,46,385,0.11948051948051948
325,MIN,Kirk Cousins,2.0,62,17.000000000000004,16,-1,31.999999999999993,0.5161290322580644,62,385,0.16103896103896104
326,MIN,Kirk Cousins,3.0,6,2.48,0,0,2.48,0.41333333333333333,6,385,0.015584415584415584
327,MIN,Kirk Cousins,4.0,76,22.0,8,-2,28.0,0.3684210526315789,76,385,0.1974025974025974
328,MIN,Kirk Cousins,5.0,46,15.08,4,-1,18.080000000000002,0.3930434782608696,46,385,0.11948051948051948
329,MIN,Kirk Cousins,6.0,54,26.680000000000003,16,-3,39.68,0.7348148148148148,54,385,0.14025974025974025
330,MIN,Kirk Cousins,7.0,11,6.76,16,0,22.760000000000005,2.0690909090909098,11,385,0.02857142857142857
331,MIN,Kirk Cousins,8.0,10,7.04,0,-1,6.04,0.604,10,385,0.025974025974025976
332,MIN,Kirk Cousins,9.0,42,15.44,16,-2,29.439999999999994,0.7009523809523808,42,385,0.10909090909090909
333,MIN,Kirk Cousins,10.0,9,2.4000000000000004,0,0,2.4000000000000004,0.2666666666666667,9,385,0.023376623376623377
334,MIN,Kirk Cousins,11.0,23,7.560000000000001,4,0,11.56,0.5026086956521739,23,385,0.05974025974025974
335,HOU,Kyle Allen,1.0,10,2.7600000000000002,0,0,2.7600000000000002,0.276,10,57,0.17543859649122806
336,HOU,Kyle Allen,2.0,9,2.2,0,0,2.2,0.24444444444444446,9,57,0.15789473684210525
337,HOU,Kyle Allen,3.0,2,0.0,0,0,0.0,0.0,2,57,0.03508771929824561
338,HOU,Kyle Allen,4.0,12,3.64,0,0,3.64,0.30333333333333334,12,57,0.21052631578947367
339,HOU,Kyle Allen,5.0,8,2.7199999999999998,0,0,2.7199999999999998,0.33999999999999997,8,57,0.14035087719298245
340,HOU,Kyle Allen,6.0,4,0.72,0,-1,-0.28,-0.07,4,57,0.07017543859649122
341,HOU,Kyle Allen,7.0,1,0.0,0,0,0.0,0.0,1,57,0.017543859649122806
342,HOU,Kyle Allen,8.0,1,0.88,0,0,0.88,0.88,1,57,0.017543859649122806
343,HOU,Kyle Allen,9.0,3,2.2800000000000002,8,0,10.280000000000001,3.426666666666667,3,57,0.05263157894736842
344,HOU,Kyle Allen,10.0,2,0.2,0,0,0.2,0.1,2,57,0.03508771929824561
345,HOU,Kyle Allen,11.0,5,1.88,4,0,5.88,1.176,5,57,0.08771929824561403
346,ARI,Kyler Murray,1.0,40,6.480000000000002,8,0,14.48,0.362,40,432,0.09259259259259259
347,ARI,Kyler Murray,2.0,46,14.799999999999999,12,-2,24.800000000000004,0.5391304347826088,46,432,0.10648148148148148
348,ARI,Kyler Murray,3.0,10,2.5999999999999996,0,0,2.5999999999999996,0.25999999999999995,10,432,0.023148148148148147
349,ARI,Kyler Murray,4.0,113,34.11999999999999,4,-3,35.11999999999999,0.3107964601769911,113,432,0.26157407407407407
350,ARI,Kyler Murray,5.0,59,15.479999999999999,4,-1,18.480000000000004,0.3132203389830509,59,432,0.13657407407407407
351,ARI,Kyler Murray,6.0,31,16.28,8,-2,22.280000000000005,0.718709677419355,31,432,0.07175925925925926
352,ARI,Kyler Murray,7.0,8,1.08,8,0,9.08,1.135,8,432,0.018518518518518517
353,ARI,Kyler Murray,8.0,7,4.920000000000001,8,0,12.920000000000002,1.8457142857142859,7,432,0.016203703703703703
354,ARI,Kyler Murray,9.0,51,16.92,16,-2,30.92,0.6062745098039216,51,432,0.11805555555555555
355,ARI,Kyler Murray,10.0,55,10.520000000000001,4,0,14.519999999999994,0.2639999999999999,55,432,0.12731481481481483
356,ARI,Kyler Murray,11.0,12,5.16,0,0,5.16,0.43,12,432,0.027777777777777776
357,BAL,Lamar Jackson,1.0,24,6.880000000000003,4,0,10.879999999999999,0.4533333333333333,24,292,0.0821917808219178
358,BAL,Lamar Jackson,2.0,49,10.560000000000004,8,-2,16.560000000000002,0.33795918367346944,49,292,0.1678082191780822
359,BAL,Lamar Jackson,3.0,2,0.64,0,0,0.64,0.32,2,292,0.00684931506849315
360,BAL,Lamar Jackson,4.0,61,18.56,4,-2,20.56,0.33704918032786885,61,292,0.2089041095890411
361,BAL,Lamar Jackson,5.0,37,8.280000000000001,0,-2,6.280000000000001,0.16972972972972977,37,292,0.1267123287671233
362,BAL,Lamar Jackson,6.0,43,21.24,24,-1,44.24,1.0288372093023257,43,292,0.14726027397260275
363,BAL,Lamar Jackson,7.0,12,4.76,8,-2,10.760000000000002,0.8966666666666668,12,292,0.0410958904109589
364,BAL,Lamar Jackson,8.0,13,6.76,12,0,18.759999999999998,1.443076923076923,13,292,0.04452054794520548
365,BAL,Lamar Jackson,9.0,29,6.72,12,-2,16.72,0.576551724137931,29,292,0.09931506849315068
366,BAL,Lamar Jackson,10.0,16,2.5200000000000005,4,0,6.5200000000000005,0.40750000000000003,16,292,0.0547945205479452
367,BAL,Lamar Jackson,11.0,6,1.3600000000000003,0,0,1.3600000000000003,0.2266666666666667,6,292,0.02054794520547945
368,TEN,Logan Woodside,4.0,1,0.0,0,0,0.0,0.0,1,2,0.5
369,TEN,Logan Woodside,5.0,1,0.0,0,0,0.0,0.0,1,2,0.5
370,ATL,Marcus Mariota,1.0,2,0.84,0,0,0.84,0.42,2,19,0.10526315789473684
371,ATL,Marcus Mariota,2.0,3,1.28,0,-1,0.28,0.09333333333333334,3,19,0.15789473684210525
372,ATL,Marcus Mariota,4.0,5,1.32,0,0,1.32,0.264,5,19,0.2631578947368421
373,ATL,Marcus Mariota,5.0,1,0.36,0,0,0.36,0.36,1,19,0.05263157894736842
374,ATL,Marcus Mariota,6.0,3,0.52,0,0,0.52,0.17333333333333334,3,19,0.15789473684210525
375,ATL,Marcus Mariota,9.0,4,2.4000000000000004,4,0,6.4,1.6,4,19,0.21052631578947367
376,ATL,Marcus Mariota,10.0,1,0.0,0,0,0.0,0.0,1,19,0.05263157894736842
377,PIT,Mason Rudolph,1.0,6,1.3599999999999999,0,0,1.3599999999999999,0.22666666666666666,6,35,0.17142857142857143
378,PIT,Mason Rudolph,2.0,5,1.6400000000000001,4,0,5.640000000000001,1.1280000000000001,5,35,0.14285714285714285
379,PIT,Mason Rudolph,4.0,7,1.9600000000000002,0,-1,0.96,0.13714285714285715,7,35,0.2
380,PIT,Mason Rudolph,5.0,5,0.36,0,0,0.36,0.072,5,35,0.14285714285714285
381,PIT,Mason Rudolph,9.0,10,6.28,4,0,10.280000000000001,1.028,10,35,0.2857142857142857
382,PIT,Mason Rudolph,10.0,1,0.04,0,0,0.04,0.04,1,35,0.02857142857142857
383,PIT,Mason Rudolph,11.0,1,0.0,0,0,0.0,0.0,1,35,0.02857142857142857
384,BUF,Matt Barkley,2.0,2,0.44,0,0,0.44,0.22,2,18,0.1111111111111111
385,BUF,Matt Barkley,3.0,1,0.4,0,0,0.4,0.4,1,18,0.05555555555555555
386,BUF,Matt Barkley,4.0,2,0.44,0,0,0.44,0.22,2,18,0.1111111111111111
387,BUF,Matt Barkley,5.0,2,0.0,0,0,0.0,0.0,2,18,0.1111111111111111
388,BUF,Matt Barkley,6.0,4,0.72,0,-1,-0.28,-0.07,4,18,0.2222222222222222
389,BUF,Matt Barkley,8.0,1,2.24,4,0,6.24,6.24,1,18,0.05555555555555555
390,BUF,Matt Barkley,9.0,3,2.8,0,0,2.8,0.9333333333333332,3,18,0.16666666666666666
391,BUF,Matt Barkley,10.0,2,0.04,0,0,0.04,0.02,2,18,0.1111111111111111
392,BUF,Matt Barkley,11.0,1,0.8,0,0,0.8,0.8,1,18,0.05555555555555555
393,IND,Matt Ryan,1.0,70,11.599999999999998,0,0,11.599999999999998,0.16571428571428568,70,523,0.1338432122370937
394,IND,Matt Ryan,2.0,81,22.639999999999997,20,-2,40.63999999999999,0.5017283950617283,81,523,0.15487571701720843
395,IND,Matt Ryan,3.0,13,4.720000000000001,4,-1,7.720000000000001,0.5938461538461539,13,523,0.0248565965583174
396,IND,Matt Ryan,4.0,102,30.47999999999999,8,-1,37.47999999999998,0.3674509803921567,102,523,0.1950286806883365
397,IND,Matt Ryan,5.0,66,20.16,16,-1,35.16,0.5327272727272727,66,523,0.12619502868068833
398,IND,Matt Ryan,6.0,52,18.640000000000004,4,-1,21.64,0.41615384615384615,52,523,0.0994263862332696
399,IND,Matt Ryan,7.0,23,11.640000000000002,12,-1,22.639999999999993,0.9843478260869563,23,523,0.04397705544933078
400,IND,Matt Ryan,8.0,14,2.72,0,0,2.72,0.1942857142857143,14,523,0.02676864244741874
401,IND,Matt Ryan,9.0,50,15.080000000000002,12,-4,23.08,0.46159999999999995,50,523,0.09560229445506692
402,IND,Matt Ryan,10.0,26,6.080000000000002,0,0,6.080000000000002,0.23384615384615393,26,523,0.0497131931166348
403,IND,Matt Ryan,11.0,26,4.28,4,0,8.280000000000001,0.3184615384615385,26,523,0.0497131931166348
404,LAR,Matthew Stafford,1.0,47,10.040000000000003,4,-2,12.039999999999997,0.2561702127659574,47,444,0.10585585585585586
405,LAR,Matthew Stafford,2.0,57,16.88,8,0,24.879999999999995,0.4364912280701754,57,444,0.12837837837837837
406,LAR,Matthew Stafford,3.0,4,0.56,0,0,0.56,0.14,4,444,0.009009009009009009
407,LAR,Matthew Stafford,4.0,71,15.999999999999995,8,-2,21.999999999999993,0.3098591549295774,71,444,0.15990990990990991
408,LAR,Matthew Stafford,5.0,51,14.360000000000003,8,0,22.359999999999996,0.43843137254901954,51,444,0.11486486486486487
409,LAR,Matthew Stafford,6.0,72,26.799999999999997,20,-4,42.800000000000004,0.5944444444444446,72,444,0.16216216216216217
410,LAR,Matthew Stafford,7.0,14,9.84,4,0,13.84,0.9885714285714285,14,444,0.03153153153153153
411,LAR,Matthew Stafford,8.0,36,16.920000000000005,8,-1,23.920000000000005,0.6644444444444446,36,444,0.08108108108108109
412,LAR,Matthew Stafford,9.0,46,12.800000000000002,16,0,28.8,0.6260869565217392,46,444,0.1036036036036036
413,LAR,Matthew Stafford,10.0,27,7.720000000000001,4,-1,10.72,0.3970370370370371,27,444,0.060810810810810814
414,LAR,Matthew Stafford,11.0,19,6.240000000000001,4,0,10.24,0.5389473684210526,19,444,0.04279279279279279
415,SF,Nate Sudfeld,3.0,1,0.4,0,0,0.4,0.4,1,8,0.125
416,SF,Nate Sudfeld,4.0,1,0.2,0,0,0.2,0.2,1,8,0.125
417,SF,Nate Sudfeld,5.0,1,0.0,0,0,0.0,0.0,1,8,0.125
418,SF,Nate Sudfeld,9.0,2,0.0,0,-1,-1.0,-0.5,2,8,0.25
419,SF,Nate Sudfeld,10.0,2,0.44,0,0,0.44,0.22,2,8,0.25
420,SF,Nate Sudfeld,11.0,1,0.24,0,0,0.24,0.24,1,8,0.125
421,CHI,Nathan Peterman,1.0,1,0.48,0,0,0.48,0.48,1,4,0.25
422,CHI,Nathan Peterman,4.0,2,0.36,0,0,0.36,0.18,2,4,0.5
423,CHI,Nathan Peterman,11.0,1,0.0,0,0,0.0,0.0,1,4,0.25
424,IND,Nick Foles,1.0,28,4.800000000000001,8,0,12.800000000000002,0.45714285714285724,28,236,0.11864406779661017
425,IND,Nick Foles,2.0,40,8.160000000000002,0,0,8.160000000000002,0.20400000000000004,40,236,0.1694915254237288
426,IND,Nick Foles,4.0,48,11.839999999999996,8,0,19.839999999999996,0.4133333333333333,48,236,0.2033898305084746
427,IND,Nick Foles,5.0,27,5.239999999999999,0,-1,4.24,0.15703703703703706,27,236,0.11440677966101695
428,IND,Nick Foles,6.0,17,4.279999999999999,0,-2,2.2800000000000002,0.13411764705882354,17,236,0.07203389830508475
429,IND,Nick Foles,7.0,9,3.5199999999999996,4,-1,6.52,0.7244444444444444,9,236,0.038135593220338986
430,IND,Nick Foles,8.0,11,6.96,4,0,10.96,0.9963636363636365,11,236,0.046610169491525424
431,IND,Nick Foles,9.0,32,9.72,16,-2,23.720000000000002,0.7412500000000001,32,236,0.13559322033898305
432,IND,Nick Foles,10.0,14,1.5200000000000002,0,0,1.5200000000000002,0.10857142857142858,14,236,0.059322033898305086
433,IND,Nick Foles,11.0,10,2.24,0,0,2.24,0.22400000000000003,10,236,0.0423728813559322
434,LV,Nick Mullens,1.0,25,4.16,8,-2,10.159999999999998,0.40639999999999993,25,273,0.09157509157509157
435,LV,Nick Mullens,2.0,47,13.04,4,-1,16.04,0.34127659574468083,47,273,0.17216117216117216
436,LV,Nick Mullens,4.0,54,13.24,4,-1,16.24,0.3007407407407407,54,273,0.1978021978021978
437,LV,Nick Mullens,5.0,28,5.640000000000001,0,-1,4.640000000000001,0.16571428571428573,28,273,0.10256410256410256
438,LV,Nick Mullens,6.0,50,15.879999999999999,4,-5,14.880000000000004,0.2976000000000001,50,273,0.18315018315018314
439,LV,Nick Mullens,7.0,6,1.24,4,0,5.24,0.8733333333333334,6,273,0.02197802197802198
440,LV,Nick Mullens,8.0,12,6.199999999999999,0,0,6.199999999999999,0.5166666666666666,12,273,0.04395604395604396
441,LV,Nick Mullens,9.0,19,11.64,8,0,19.64,1.0336842105263158,19,273,0.0695970695970696
442,LV,Nick Mullens,10.0,26,7.560000000000001,4,0,11.560000000000002,0.4446153846153847,26,273,0.09523809523809523
443,LV,Nick Mullens,11.0,6,1.52,0,0,1.52,0.25333333333333335,6,273,0.02197802197802198
444,KC,Patrick Mahomes,1.0,63,15.36,4,0,19.359999999999992,0.3073015873015872,63,457,0.13785557986870897
445,KC,Patrick Mahomes,2.0,47,15.08,12,0,27.079999999999995,0.5761702127659574,47,457,0.10284463894967177
446,KC,Patrick Mahomes,3.0,3,1.52,0,0,1.52,0.5066666666666667,3,457,0.006564551422319475
447,KC,Patrick Mahomes,4.0,122,39.56000000000002,12,-2,49.559999999999995,0.40622950819672127,122,457,0.26695842450765866
448,KC,Patrick Mahomes,5.0,49,17.159999999999997,8,-1,24.160000000000004,0.493061224489796,49,457,0.10722100656455143
449,KC,Patrick Mahomes,6.0,53,23.88,8,0,31.88,0.6015094339622641,53,457,0.11597374179431072
450,KC,Patrick Mahomes,7.0,27,11.959999999999999,20,-1,30.96,1.1466666666666667,27,457,0.05908096280087528
451,KC,Patrick Mahomes,8.0,12,2.92,4,-3,3.92,0.32666666666666666,12,457,0.0262582056892779
452,KC,Patrick Mahomes,9.0,35,11.120000000000001,8,-2,17.12,0.48914285714285716,35,457,0.07658643326039387
453,KC,Patrick Mahomes,10.0,26,8.959999999999999,12,-1,19.960000000000004,0.7676923076923079,26,457,0.05689277899343545
454,KC,Patrick Mahomes,11.0,20,4.800000000000002,0,0,4.800000000000002,0.24000000000000007,20,457,0.0437636761487965
455,TB,Russell Gage,9.0,1,0.0,0,0,0.0,0.0,1,1,1.0
456,DEN,Russell Wilson,1.0,47,8.479999999999999,0,-1,7.480000000000003,0.15914893617021283,47,414,0.11352657004830918
457,DEN,Russell Wilson,2.0,66,19.32,24,-2,41.31999999999999,0.626060606060606,66,414,0.15942028985507245
458,DEN,Russell Wilson,3.0,15,4.48,0,0,4.48,0.2986666666666667,15,414,0.036231884057971016
459,DEN,Russell Wilson,4.0,83,21.479999999999997,4,-1,24.479999999999997,0.29493975903614456,83,414,0.20048309178743962
460,DEN,Russell Wilson,5.0,35,8.96,0,-1,7.96,0.22742857142857142,35,414,0.08454106280193237
461,DEN,Russell Wilson,6.0,42,19.160000000000004,20,-1,38.16,0.9085714285714285,42,414,0.10144927536231885
462,DEN,Russell Wilson,7.0,7,0.96,0,-1,-0.040000000000000036,-0.0057142857142857195,7,414,0.016908212560386472
463,DEN,Russell Wilson,8.0,10,4.24,4,0,8.24,0.8240000000000001,10,414,0.024154589371980676
464,DEN,Russell Wilson,9.0,56,19.880000000000003,32,-3,48.879999999999995,0.8728571428571428,56,414,0.13526570048309178
465,DEN,Russell Wilson,10.0,27,8.200000000000001,4,0,12.199999999999998,0.4518518518518518,27,414,0.06521739130434782
466,DEN,Russell Wilson,11.0,26,7.160000000000002,4,0,11.160000000000002,0.4292307692307693,26,414,0.06280193236714976
467,TEN,Ryan Tannehill,1.0,28,5.6400000000000015,4,0,9.64,0.3442857142857143,28,426,0.06572769953051644
468,TEN,Ryan Tannehill,2.0,75,27.79999999999999,32,-1,58.79999999999998,0.7839999999999998,75,426,0.176056338028169
469,TEN,Ryan Tannehill,3.0,8,2.48,0,0,2.48,0.31,8,426,0.018779342723004695
470,TEN,Ryan Tannehill,4.0,90,25.199999999999992,4,0,29.199999999999992,0.32444444444444437,90,426,0.2112676056338028
471,TEN,Ryan Tannehill,5.0,66,16.319999999999997,12,0,28.32,0.4290909090909091,66,426,0.15492957746478872
472,TEN,Ryan Tannehill,6.0,55,22.879999999999992,12,-3,31.879999999999992,0.5796363636363635,55,426,0.12910798122065728
473,TEN,Ryan Tannehill,7.0,18,6.4399999999999995,8,-1,13.440000000000001,0.7466666666666667,18,426,0.04225352112676056
474,TEN,Ryan Tannehill,8.0,7,5.12,4,-1,8.120000000000001,1.1600000000000001,7,426,0.01643192488262911
475,TEN,Ryan Tannehill,9.0,37,14.080000000000004,20,-3,31.080000000000005,0.8400000000000002,37,426,0.08685446009389672
476,TEN,Ryan Tannehill,10.0,16,4.24,0,0,4.24,0.265,16,426,0.03755868544600939
477,TEN,Ryan Tannehill,11.0,26,5.44,8,0,13.440000000000001,0.5169230769230769,26,426,0.06103286384976526
478,CAR,Sam Darnold,1.0,39,8.200000000000001,8,0,16.2,0.41538461538461535,39,289,0.13494809688581316
479,CAR,Sam Darnold,2.0,26,6.919999999999999,0,-1,5.92,0.2276923076923077,26,289,0.08996539792387544
480,CAR,Sam Darnold,3.0,2,0.4,0,-1,-0.6,-0.3,2,289,0.006920415224913495
481,CAR,Sam Darnold,4.0,53,12.279999999999996,4,-3,13.279999999999996,0.25056603773584896,53,289,0.18339100346020762
482,CAR,Sam Darnold,5.0,43,9.88,0,-2,7.880000000000004,0.18325581395348847,43,289,0.14878892733564014
483,CAR,Sam Darnold,6.0,41,14.279999999999998,0,0,14.279999999999998,0.3482926829268292,41,289,0.14186851211072665
484,CAR,Sam Darnold,7.0,8,3.08,0,-3,0.08000000000000007,0.010000000000000009,8,289,0.02768166089965398
485,CAR,Sam Darnold,8.0,6,1.56,4,0,5.56,0.9266666666666666,6,289,0.020761245674740483
486,CAR,Sam Darnold,9.0,37,7.760000000000001,8,0,15.760000000000002,0.425945945945946,37,289,0.12802768166089964
487,CAR,Sam Darnold,10.0,29,8.360000000000003,4,0,12.359999999999998,0.42620689655172406,29,289,0.10034602076124567
488,CAR,Sam Darnold,11.0,5,1.6,0,0,1.6,0.32,5,289,0.01730103806228374
489,WAS,Taylor Heinicke,1.0,5,0.6,0,0,0.6,0.12,5,54,0.09259259259259259
490,WAS,Taylor Heinicke,2.0,7,1.28,0,0,1.28,0.18285714285714286,7,54,0.12962962962962962
491,WAS,Taylor Heinicke,4.0,14,3.64,0,-1,2.64,0.18857142857142858,14,54,0.25925925925925924
492,WAS,Taylor Heinicke,5.0,6,1.32,0,0,1.32,0.22,6,54,0.1111111111111111
493,WAS,Taylor Heinicke,6.0,4,2.0,0,0,2.0,0.5,4,54,0.07407407407407407
494,WAS,Taylor Heinicke,7.0,3,1.88,4,0,5.880000000000001,1.9600000000000002,3,54,0.05555555555555555
495,WAS,Taylor Heinicke,8.0,3,0.0,0,0,0.0,0.0,3,54,0.05555555555555555
496,WAS,Taylor Heinicke,9.0,7,1.6800000000000002,0,0,1.6800000000000002,0.24000000000000002,7,54,0.12962962962962962
497,WAS,Taylor Heinicke,11.0,5,1.6400000000000001,0,0,1.6400000000000001,0.328,5,54,0.09259259259259259
498,NO,Taysom Hill,1.0,11,1.3200000000000003,0,0,1.3200000000000003,0.12000000000000002,11,95,0.11578947368421053
499,NO,Taysom Hill,2.0,13,3.5999999999999996,0,0,3.5999999999999996,0.2769230769230769,13,95,0.1368421052631579
500,NO,Taysom Hill,4.0,20,6.080000000000002,0,-1,5.080000000000001,0.25400000000000006,20,95,0.21052631578947367
501,NO,Taysom Hill,5.0,10,3.72,0,0,3.72,0.372,10,95,0.10526315789473684
502,NO,Taysom Hill,6.0,17,7.319999999999999,8,0,15.320000000000002,0.9011764705882355,17,95,0.17894736842105263
503,NO,Taysom Hill,7.0,1,0.0,0,0,0.0,0.0,1,95,0.010526315789473684
504,NO,Taysom Hill,8.0,4,4.76,0,0,4.76,1.19,4,95,0.042105263157894736
505,NO,Taysom Hill,9.0,7,3.92,0,0,3.92,0.5599999999999999,7,95,0.07368421052631578
506,NO,Taysom Hill,10.0,9,1.52,0,-1,0.52,0.05777777777777778,9,95,0.09473684210526316
507,NO,Taysom Hill,11.0,3,1.44,0,0,1.44,0.48,3,95,0.031578947368421054
508,MIA,Teddy Bridgewater,1.0,51,9.520000000000001,4,0,13.52,0.26509803921568625,51,403,0.12655086848635236
509,MIA,Teddy Bridgewater,2.0,81,26.12,8,-1,33.120000000000005,0.40888888888888897,81,403,0.20099255583126552
510,MIA,Teddy Bridgewater,3.0,3,1.88,0,0,1.88,0.6266666666666666,3,403,0.007444168734491315
511,MIA,Teddy Bridgewater,4.0,65,20.27999999999999,4,-2,22.279999999999994,0.34276923076923066,65,403,0.16129032258064516
512,MIA,Teddy Bridgewater,5.0,52,17.04,0,0,17.04,0.32769230769230767,52,403,0.12903225806451613
513,MIA,Teddy Bridgewater,6.0,50,16.52,0,-3,13.520000000000001,0.27040000000000003,50,403,0.12406947890818859
514,MIA,Teddy Bridgewater,7.0,10,1.96,4,-2,3.96,0.396,10,403,0.02481389578163772
515,MIA,Teddy Bridgewater,8.0,7,7.88,4,-2,9.88,1.4114285714285715,7,403,0.017369727047146403
516,MIA,Teddy Bridgewater,9.0,40,17.16,0,-1,16.16,0.404,40,403,0.09925558312655088
517,MIA,Teddy Bridgewater,10.0,25,5.280000000000001,12,0,17.28,0.6912,25,403,0.062034739454094295
518,MIA,Teddy Bridgewater,11.0,19,4.12,0,0,4.12,0.2168421052631579,19,403,0.04714640198511166
519,TB,Tom Brady,1.0,65,11.879999999999997,8,0,19.879999999999995,0.30584615384615377,65,657,0.0989345509893455
520,TB,Tom Brady,2.0,68,16.960000000000004,16,-1,31.960000000000008,0.47000000000000014,68,657,0.1035007610350076
521,TB,Tom Brady,3.0,11,5.2,0,0,5.2,0.4727272727272727,11,657,0.0167427701674277
522,TB,Tom Brady,4.0,103,27.759999999999998,8,-2,33.76,0.3277669902912621,103,657,0.1567732115677321
523,TB,Tom Brady,5.0,103,27.23999999999999,20,-2,45.240000000000016,0.4392233009708739,103,657,0.1567732115677321
524,TB,Tom Brady,6.0,90,36.72000000000001,28,-3,61.71999999999999,0.6857777777777777,90,657,0.136986301369863
525,TB,Tom Brady,7.0,17,4.359999999999999,12,0,16.36,0.9623529411764705,17,657,0.0258751902587519
526,TB,Tom Brady,8.0,20,10.36,4,-1,13.36,0.6679999999999999,20,657,0.030441400304414
527,TB,Tom Brady,9.0,105,39.36,52,-7,84.35999999999999,0.8034285714285713,105,657,0.1598173515981735
528,TB,Tom Brady,10.0,46,9.240000000000002,4,-1,12.240000000000004,0.2660869565217392,46,657,0.0700152207001522
529,TB,Tom Brady,11.0,29,9.08,0,0,9.08,0.31310344827586206,29,657,0.0441400304414003
530,ARI,Trace McSorley,4.0,2,0.52,0,0,0.52,0.26,2,7,0.2857142857142857
531,ARI,Trace McSorley,5.0,2,0.0,0,0,0.0,0.0,2,7,0.2857142857142857
532,ARI,Trace McSorley,6.0,1,0.28,0,0,0.28,0.28,1,7,0.14285714285714285
533,ARI,Trace McSorley,9.0,1,2.8000000000000003,4,0,6.800000000000001,6.800000000000001,1,7,0.14285714285714285
534,ARI,Trace McSorley,11.0,1,0.0,0,0,0.0,0.0,1,7,0.14285714285714285
535,MIA,Tua Tagovailoa,1.0,13,3.2000000000000006,0,0,3.2000000000000006,0.2461538461538462,13,202,0.06435643564356436
536,MIA,Tua Tagovailoa,2.0,45,10.400000000000002,4,-1,13.399999999999999,0.29777777777777775,45,202,0.22277227722772278
537,MIA,Tua Tagovailoa,3.0,2,0.6799999999999999,0,0,0.6799999999999999,0.33999999999999997,2,202,0.009900990099009901
538,MIA,Tua Tagovailoa,4.0,45,12.08,8,0,20.08,0.4462222222222222,45,202,0.22277227722772278
539,MIA,Tua Tagovailoa,5.0,16,4.5200000000000005,0,-1,3.5200000000000005,0.22000000000000003,16,202,0.07920792079207921
540,MIA,Tua Tagovailoa,6.0,16,3.24,0,-1,2.24,0.14,16,202,0.07920792079207921
541,MIA,Tua Tagovailoa,7.0,6,0.76,0,0,0.76,0.12666666666666668,6,202,0.0297029702970297
542,MIA,Tua Tagovailoa,8.0,9,4.08,0,0,4.08,0.45333333333333337,9,202,0.04455445544554455
543,MIA,Tua Tagovailoa,9.0,30,8.32,8,-3,13.32,0.444,30,202,0.1485148514851485
544,MIA,Tua Tagovailoa,10.0,14,4.04,0,0,4.04,0.2885714285714286,14,202,0.06930693069306931
545,MIA,Tua Tagovailoa,11.0,6,0.6799999999999999,0,0,0.6799999999999999,0.11333333333333333,6,202,0.0297029702970297
546,BAL,Tyler Huntley,1.0,2,0.0,0,0,0.0,0.0,2,16,0.125
547,BAL,Tyler Huntley,4.0,6,2.2,0,0,2.2,0.3666666666666667,6,16,0.375
548,BAL,Tyler Huntley,5.0,3,0.52,0,0,0.52,0.17333333333333334,3,16,0.1875
549,BAL,Tyler Huntley,8.0,1,0.0,0,0,0.0,0.0,1,16,0.0625
550,BAL,Tyler Huntley,9.0,3,0.0,0,0,0.0,0.0,3,16,0.1875
551,BAL,Tyler Huntley,11.0,1,0.32,0,0,0.32,0.32,1,16,0.0625
552,NYG,Tyrod Taylor,1.0,1,0.12,0,0,0.12,0.12,1,22,0.045454545454545456
553,NYG,Tyrod Taylor,2.0,3,0.56,0,0,0.56,0.18666666666666668,3,22,0.13636363636363635
554,NYG,Tyrod Taylor,4.0,5,1.44,0,0,1.44,0.288,5,22,0.22727272727272727
555,NYG,Tyrod Taylor,5.0,1,0.6,0,0,0.6,0.6,1,22,0.045454545454545456
556,NYG,Tyrod Taylor,6.0,3,0.88,0,0,0.88,0.29333333333333333,3,22,0.13636363636363635
557,NYG,Tyrod Taylor,7.0,3,1.32,0,0,1.32,0.44,3,22,0.13636363636363635
558,NYG,Tyrod Taylor,9.0,5,1.48,0,0,1.48,0.296,5,22,0.22727272727272727
559,NYG,Tyrod Taylor,10.0,1,0.28,0,0,0.28,0.28,1,22,0.045454545454545456
