,team,playerName,CoverageType_descr,dropBack,FP_yards,FP_TD,FP_intercept,FP_total,FP/DB
0,GB,Aaron Rodgers,Combination,3,0.48,4,0,4.48,1.4933333333333334
1,GB,Aaron Rodgers,Cover 0,11,2.64,12,0,14.64,1.330909090909091
2,GB,Aaron Rodgers,Cover 1,117,41.39999999999999,40,-1,80.4,0.6871794871794872
3,GB,Aaron Rodgers,Cover 2,40,12.360000000000001,0,-1,11.360000000000003,0.2840000000000001
4,GB,Aaron Rodgers,Cover 3,103,36.719999999999985,8,-1,43.72,0.4244660194174757
5,GB,Aaron Rodgers,Cover 4,71,20.4,8,-1,27.399999999999995,0.3859154929577464
6,GB,Aaron Rodgers,Cover 6,21,5.08,4,0,9.08,0.43238095238095237
7,GB,Aaron Rodgers,Man Cover 2,44,10.84,8,0,18.840000000000003,0.4281818181818183
8,GB,Aaron Rodgers,No Video,3,1.04,0,0,1.04,0.3466666666666667
9,GB,Aaron Rodgers,Other,1,0.68,4,0,4.68,4.68
10,GB,Aaron Rodgers,Prevent,2,0.0,0,0,0.0,0.0
11,GB,Aaron Rodgers,Screen,38,11.32,8,0,19.31999999999999,0.5084210526315787
12,GB,Aaron Rodgers,Tampa 2,12,3.08,0,0,3.08,0.25666666666666665
13,NO,Andy Dalton,Combination,2,0.44,0,0,0.44,0.22
14,NO,Andy Dalton,Cover 0,7,1.96,4,-1,4.96,0.7085714285714285
15,NO,Andy Dalton,Cover 1,29,10.520000000000001,0,0,10.520000000000001,0.3627586206896552
16,NO,Andy Dalton,Cover 2,22,4.32,0,0,4.32,0.19636363636363638
17,NO,Andy Dalton,Cover 3,58,12.719999999999997,8,-2,18.72,0.32275862068965516
18,NO,Andy Dalton,Cover 4,50,10.760000000000003,8,-3,15.760000000000002,0.31520000000000004
19,NO,Andy Dalton,Cover 6,3,0.64,0,0,0.64,0.21333333333333335
20,NO,Andy Dalton,Man Cover 2,6,1.56,0,-1,0.56,0.09333333333333334
21,NO,Andy Dalton,No Video,20,3.8,0,0,3.8,0.19
22,NO,Andy Dalton,Other,3,1.12,0,0,1.12,0.37333333333333335
23,NO,Andy Dalton,Prevent,4,1.44,0,0,1.44,0.36
24,NO,Andy Dalton,Screen,14,2.92,0,0,2.92,0.20857142857142857
25,NO,Andy Dalton,Tampa 2,4,0.76,0,0,0.76,0.19
26,CAR,Baker Mayfield,Combination,2,0.0,0,0,0.0,0.0
27,CAR,Baker Mayfield,Cover 0,7,0.0,0,0,0.0,0.0
28,CAR,Baker Mayfield,Cover 1,120,22.76,8,-4,26.759999999999998,0.22299999999999998
29,CAR,Baker Mayfield,Cover 2,34,8.48,0,-1,7.480000000000001,0.22000000000000003
30,CAR,Baker Mayfield,Cover 3,97,34.56000000000001,4,0,38.559999999999995,0.39752577319587623
31,CAR,Baker Mayfield,Cover 4,54,19.159999999999993,12,-2,29.159999999999997,0.5399999999999999
32,CAR,Baker Mayfield,Cover 6,11,1.6,0,-2,-0.40000000000000013,-0.036363636363636376
33,CAR,Baker Mayfield,Man Cover 2,32,4.0,0,0,4.0,0.125
34,CAR,Baker Mayfield,No Video,1,0.0,0,0,0.0,0.0
35,CAR,Baker Mayfield,Prevent,4,2.96,4,0,6.960000000000001,1.7400000000000002
36,CAR,Baker Mayfield,Screen,19,8.640000000000002,4,0,12.640000000000002,0.665263157894737
37,CAR,Baker Mayfield,Tampa 2,7,2.04,0,-1,1.04,0.14857142857142858
38,TB,Blaine Gabbert,Cover 1,3,0.92,0,0,0.92,0.3066666666666667
39,TB,Blaine Gabbert,Cover 3,2,0.0,0,0,0.0,0.0
40,TB,Blaine Gabbert,Cover 4,2,0.0,0,0,0.0,0.0
41,TB,Blaine Gabbert,Screen,3,0.88,0,0,0.88,0.29333333333333333
42,CIN,Brandon Allen,Cover 1,8,0.0,0,0,0.0,0.0
43,CIN,Brandon Allen,Cover 2,1,1.04,0,0,1.04,1.04
44,CIN,Brandon Allen,Cover 3,5,0.2,0,0,0.2,0.04
45,CIN,Brandon Allen,Cover 4,5,0.56,0,0,0.56,0.11200000000000002
46,CIN,Brandon Allen,Cover 6,1,0.12,0,0,0.12,0.12
47,CIN,Brandon Allen,Man Cover 2,3,0.6,0,0,0.6,0.19999999999999998
48,CIN,Brandon Allen,No Video,1,0.0,0,0,0.0,0.0
49,CIN,Brandon Allen,Prevent,2,0.84,0,0,0.84,0.42
50,CIN,Brandon Allen,Screen,1,0.16,0,0,0.16,0.16
51,CIN,Brandon Allen,Tampa 2,1,0.0,0,0,0.0,0.0
52,DEN,Brett Rypien,Cover 6,1,0.0,0,0,0.0,0.0
53,NE,Brian Hoyer,Cover 1,7,4.2,4,0,8.200000000000001,1.1714285714285715
54,NE,Brian Hoyer,Cover 3,2,1.12,0,0,1.12,0.56
55,NE,Brian Hoyer,Cover 6,1,1.92,0,0,1.92,1.92
56,NE,Brian Hoyer,Screen,1,1.84,0,0,1.84,1.84
57,JAX,C.J. Beathard,Cover 1,1,1.12,0,0,1.12,1.12
58,JAX,C.J. Beathard,Screen,1,0.2,0,0,0.2,0.2
59,WAS,Carson Wentz,Combination,1,0.72,0,0,0.72,0.72
60,WAS,Carson Wentz,Cover 0,9,4.36,8,0,12.360000000000001,1.3733333333333335
61,WAS,Carson Wentz,Cover 1,112,17.88,4,0,21.879999999999995,0.1953571428571428
62,WAS,Carson Wentz,Cover 2,47,17.439999999999998,12,0,29.440000000000005,0.6263829787234043
63,WAS,Carson Wentz,Cover 3,128,40.48,16,-2,54.48,0.425625
64,WAS,Carson Wentz,Cover 4,79,20.599999999999998,4,0,24.599999999999994,0.3113924050632911
65,WAS,Carson Wentz,Cover 6,18,5.0,0,0,5.0,0.2777777777777778
66,WAS,Carson Wentz,Man Cover 2,21,4.04,4,0,8.040000000000001,0.3828571428571429
67,WAS,Carson Wentz,No Video,3,0.44,0,0,0.44,0.14666666666666667
68,WAS,Carson Wentz,Other,1,0.6,0,0,0.6,0.6
69,WAS,Carson Wentz,Prevent,4,0.2,0,-1,-0.8,-0.2
70,WAS,Carson Wentz,Screen,22,2.92,4,-1,5.92,0.2690909090909091
71,WAS,Carson Wentz,Tampa 2,8,1.92,0,0,1.92,0.24
72,BUF,Case Keenum,Cover 0,1,0.0,0,0,0.0,0.0
73,BUF,Case Keenum,Cover 1,12,3.92,0,0,3.92,0.32666666666666666
74,BUF,Case Keenum,Cover 2,5,1.9199999999999997,0,0,1.9199999999999997,0.38399999999999995
75,BUF,Case Keenum,Cover 3,20,3.84,4,0,7.840000000000001,0.392
76,BUF,Case Keenum,Cover 4,6,0.24,0,0,0.24,0.04
77,BUF,Case Keenum,Cover 6,1,0.24,0,0,0.24,0.24
78,BUF,Case Keenum,Man Cover 2,1,0.24,0,0,0.24,0.24
79,BUF,Case Keenum,No Video,1,0.36,0,0,0.36,0.36
80,BUF,Case Keenum,Prevent,1,0.0,0,-1,-1.0,-1.0
81,BUF,Case Keenum,Screen,3,0.92,4,0,4.92,1.64
82,KC,Chad Henne,Cover 1,3,0.76,0,0,0.76,0.25333333333333335
83,KC,Chad Henne,Cover 2,1,0.24,0,0,0.24,0.24
84,KC,Chad Henne,Cover 3,8,1.4000000000000001,0,0,1.4000000000000001,0.17500000000000002
85,KC,Chad Henne,Cover 4,3,0.6000000000000001,0,-1,-0.39999999999999997,-0.13333333333333333
86,KC,Chad Henne,Man Cover 2,1,0.0,0,0,0.0,0.0
87,KC,Chad Henne,Tampa 2,1,0.28,0,0,0.28,0.28
88,ARI,Colt McCoy,Combination,1,0.6,0,0,0.6,0.6
89,ARI,Colt McCoy,Cover 0,2,0.52,0,0,0.52,0.26
90,ARI,Colt McCoy,Cover 1,12,2.12,0,0,2.12,0.17666666666666667
91,ARI,Colt McCoy,Cover 2,8,2.04,0,0,2.04,0.255
92,ARI,Colt McCoy,Cover 3,31,8.960000000000003,0,0,8.960000000000003,0.2890322580645162
93,ARI,Colt McCoy,Cover 4,16,5.760000000000001,0,0,5.760000000000001,0.36000000000000004
94,ARI,Colt McCoy,Cover 6,2,0.48,0,0,0.48,0.24
95,ARI,Colt McCoy,Screen,8,0.4,4,0,4.4,0.55
96,ARI,Colt McCoy,Tampa 2,2,0.44,0,0,0.44,0.22
97,DAL,Cooper Rush,Cover 1,13,5.359999999999999,0,0,5.359999999999999,0.41230769230769226
98,DAL,Cooper Rush,Cover 2,5,3.6799999999999997,4,0,7.68,1.536
99,DAL,Cooper Rush,Cover 3,16,3.8000000000000003,0,0,3.8000000000000003,0.23750000000000002
100,DAL,Cooper Rush,Cover 4,8,2.8,0,-1,1.8,0.225
101,DAL,Cooper Rush,Cover 6,5,1.8000000000000003,0,0,1.8000000000000003,0.36000000000000004
102,DAL,Cooper Rush,Screen,1,0.28,0,0,0.28,0.28
103,DAL,Cooper Rush,Tampa 2,1,0.4,0,0,0.4,0.4
104,DAL,Dak Prescott,Combination,1,0.0,0,0,0.0,0.0
105,DAL,Dak Prescott,Cover 0,17,3.16,0,-1,2.16,0.12705882352941178
106,DAL,Dak Prescott,Cover 1,129,38.40000000000001,48,-2,84.40000000000002,0.654263565891473
107,DAL,Dak Prescott,Cover 2,74,20.55999999999999,8,-2,26.55999999999999,0.3589189189189188
108,DAL,Dak Prescott,Cover 3,178,50.08,8,-3,55.07999999999999,0.309438202247191
109,DAL,Dak Prescott,Cover 4,85,27.23999999999999,0,-2,25.23999999999999,0.29694117647058815
110,DAL,Dak Prescott,Cover 6,16,4.480000000000001,0,-1,3.4800000000000013,0.21750000000000008
111,DAL,Dak Prescott,Man Cover 2,30,8.48,8,0,16.48,0.5493333333333333
112,DAL,Dak Prescott,No Video,9,0.8,0,0,0.8,0.08888888888888889
113,DAL,Dak Prescott,Other,1,0.4,0,0,0.4,0.4
114,DAL,Dak Prescott,Prevent,2,1.7200000000000002,0,0,1.7200000000000002,0.8600000000000001
115,DAL,Dak Prescott,Screen,34,8.32,0,0,8.32,0.2447058823529412
116,DAL,Dak Prescott,Tampa 2,16,6.080000000000002,0,0,6.080000000000002,0.3800000000000001
117,NYG,Daniel Jones,Cover 0,4,1.32,0,0,1.32,0.33
118,NYG,Daniel Jones,Cover 1,89,24.16,16,0,40.160000000000004,0.4512359550561798
119,NYG,Daniel Jones,Cover 2,29,7.800000000000002,0,-1,6.800000000000002,0.2344827586206897
120,NYG,Daniel Jones,Cover 3,82,20.799999999999994,4,-2,22.799999999999994,0.2780487804878048
121,NYG,Daniel Jones,Cover 4,47,13.24,0,-1,12.24,0.26042553191489365
122,NYG,Daniel Jones,Cover 6,20,5.5200000000000005,0,-1,4.52,0.22599999999999998
123,NYG,Daniel Jones,Man Cover 2,20,4.4,0,0,4.4,0.22000000000000003
124,NYG,Daniel Jones,No Video,1,0.68,0,0,0.68,0.68
125,NYG,Daniel Jones,Prevent,2,0.84,0,-1,-0.16000000000000003,-0.08000000000000002
126,NYG,Daniel Jones,Screen,15,2.04,0,0,2.04,0.136
127,NYG,Daniel Jones,Tampa 2,8,2.3600000000000003,0,0,2.3600000000000003,0.29500000000000004
128,DET,David Blough,Cover 4,1,0.0,0,0,0.0,0.0
129,HOU,Davis Mills,Combination,1,1.08,0,0,1.08,1.08
130,HOU,Davis Mills,Cover 0,4,1.32,0,0,1.32,0.33
131,HOU,Davis Mills,Cover 1,68,15.880000000000003,4,-1,18.88,0.2776470588235294
132,HOU,Davis Mills,Cover 2,44,12.440000000000003,0,-3,9.44,0.21454545454545454
133,HOU,Davis Mills,Cover 3,103,30.76,12,-2,40.76000000000001,0.39572815533980593
134,HOU,Davis Mills,Cover 4,62,13.999999999999996,0,-3,10.999999999999996,0.17741935483870963
135,HOU,Davis Mills,Cover 6,18,3.4400000000000004,4,-1,6.44,0.3577777777777778
136,HOU,Davis Mills,Man Cover 2,25,4.800000000000001,4,-1,7.800000000000001,0.31200000000000006
137,HOU,Davis Mills,Prevent,6,2.0,0,0,2.0,0.3333333333333333
138,HOU,Davis Mills,Screen,29,5.680000000000001,0,0,5.680000000000001,0.19586206896551725
139,HOU,Davis Mills,Tampa 2,7,1.7599999999999998,0,0,1.7599999999999998,0.2514285714285714
140,LV,Derek Carr,Cover 0,18,6.520000000000001,4,0,10.52,0.5844444444444444
141,LV,Derek Carr,Cover 1,179,55.12,44,-2,97.11999999999996,0.5425698324022344
142,LV,Derek Carr,Cover 2,53,16.439999999999998,4,-1,19.439999999999998,0.36679245283018863
143,LV,Derek Carr,Cover 3,204,59.91999999999999,16,-3,72.91999999999999,0.3574509803921568
144,LV,Derek Carr,Cover 4,124,36.480000000000004,4,-2,38.480000000000004,0.31032258064516133
145,LV,Derek Carr,Cover 6,11,2.5200000000000005,0,-2,0.52,0.04727272727272727
146,LV,Derek Carr,Man Cover 2,51,12.4,4,-3,13.399999999999997,0.26274509803921564
147,LV,Derek Carr,No Video,3,0.8,0,0,0.8,0.26666666666666666
148,LV,Derek Carr,Other,1,0.0,0,0,0.0,0.0
149,LV,Derek Carr,Prevent,5,0.72,0,0,0.72,0.144
150,LV,Derek Carr,Screen,14,3.08,0,0,3.08,0.22
151,LV,Derek Carr,Tampa 2,10,3.6,0,0,3.6,0.36
152,SEA,Drew Lock,Combination,1,1.12,0,0,1.12,1.12
153,SEA,Drew Lock,Cover 0,3,1.48,4,0,5.48,1.8266666666666669
154,SEA,Drew Lock,Cover 1,35,8.44,4,0,12.440000000000001,0.3554285714285715
155,SEA,Drew Lock,Cover 2,8,2.6,0,0,2.6,0.325
156,SEA,Drew Lock,Cover 3,31,7.7200000000000015,0,0,7.7200000000000015,0.24903225806451618
157,SEA,Drew Lock,Cover 4,18,5.480000000000001,0,0,5.480000000000001,0.3044444444444445
158,SEA,Drew Lock,Cover 6,3,1.56,0,0,1.56,0.52
159,SEA,Drew Lock,Man Cover 2,6,1.24,0,0,1.24,0.20666666666666667
160,SEA,Drew Lock,Prevent,5,1.16,0,0,1.16,0.23199999999999998
161,SEA,Drew Lock,Screen,1,0.2,0,0,0.2,0.2
162,ATL,Feleipe Franks,Cover 3,1,0.0,0,-1,-1.0,-1.0
163,PHI,Gardner Minshew,Combination,1,0.28,0,0,0.28,0.28
164,PHI,Gardner Minshew,Cover 1,24,7.320000000000001,4,-1,10.32,0.43
165,PHI,Gardner Minshew,Cover 2,4,0.76,0,0,0.76,0.19
166,PHI,Gardner Minshew,Cover 3,5,2.4,4,0,6.4,1.28
167,PHI,Gardner Minshew,Cover 4,6,1.32,0,0,1.32,0.22
168,PHI,Gardner Minshew,Cover 6,1,0.08,0,0,0.08,0.08
169,PHI,Gardner Minshew,No Video,2,0.8,0,0,0.8,0.4
170,PHI,Gardner Minshew,Screen,6,2.44,8,0,10.44,1.74
171,PHI,Gardner Minshew,Tampa 2,2,0.0,0,0,0.0,0.0
172,SEA,Geno Smith,Cover 0,4,0.2,4,0,4.2,1.05
173,SEA,Geno Smith,Cover 1,11,3.84,8,0,11.84,1.0763636363636364
174,SEA,Geno Smith,Cover 2,6,1.1600000000000001,0,0,1.1600000000000001,0.19333333333333336
175,SEA,Geno Smith,Cover 3,35,12.359999999999996,4,0,16.359999999999996,0.4674285714285713
176,SEA,Geno Smith,Cover 4,21,4.48,0,-2,2.4800000000000004,0.11809523809523811
177,SEA,Geno Smith,Cover 6,3,1.04,0,0,1.04,0.3466666666666667
178,SEA,Geno Smith,Man Cover 2,5,1.12,0,0,1.12,0.22400000000000003
179,SEA,Geno Smith,Prevent,1,0.0,0,0,0.0,0.0
180,SEA,Geno Smith,Screen,2,-0.2,0,0,-0.2,-0.1
181,SEA,Geno Smith,Tampa 2,1,0.12,0,0,0.12,0.12
182,PHI,Greg Ward,Screen,1,0.08,0,0,0.08,0.08
183,NO,Ian Book,Cover 0,1,0.68,0,0,0.68,0.68
184,NO,Ian Book,Cover 1,4,2.04,0,0,2.04,0.51
185,NO,Ian Book,Cover 2,4,0.16,0,0,0.16,0.04
186,NO,Ian Book,Cover 3,3,0.44,0,0,0.44,0.14666666666666667
187,NO,Ian Book,Cover 4,5,0.4,0,-1,-0.6,-0.12
188,NO,Ian Book,Cover 6,1,0.0,0,0,0.0,0.0
189,NO,Ian Book,Man Cover 2,3,0.0,0,-1,-1.0,-0.3333333333333333
190,NO,Ian Book,Tampa 2,1,0.12,0,0,0.12,0.12
191,SEA,Jacob Eason,Cover 3,1,0.0,0,-1,-1.0,-1.0
192,SEA,Jacob Eason,Cover 4,1,0.0,0,0,0.0,0.0
193,SEA,Jacob Eason,Prevent,3,0.6000000000000001,0,0,0.6000000000000001,0.20000000000000004
194,CLE,Jacoby Brissett,Cover 0,4,0.84,0,0,0.84,0.21
195,CLE,Jacoby Brissett,Cover 1,45,7.360000000000002,4,0,11.36,0.2524444444444444
196,CLE,Jacoby Brissett,Cover 2,33,6.520000000000001,0,-2,4.520000000000001,0.13696969696969702
197,CLE,Jacoby Brissett,Cover 3,69,15.320000000000002,0,-1,14.32,0.20753623188405798
198,CLE,Jacoby Brissett,Cover 4,48,10.8,4,-1,13.799999999999999,0.2875
199,CLE,Jacoby Brissett,Cover 6,4,1.44,0,0,1.44,0.36
200,CLE,Jacoby Brissett,Man Cover 2,11,1.7199999999999998,0,0,1.7199999999999998,0.15636363636363634
201,CLE,Jacoby Brissett,Prevent,1,1.08,0,0,1.08,1.08
202,CLE,Jacoby Brissett,Screen,10,1.52,0,0,1.52,0.152
203,CLE,Jacoby Brissett,Tampa 2,1,0.0,0,0,0.0,0.0
204,PHI,Jalen Hurts,Combination,3,0.32,0,0,0.32,0.10666666666666667
205,PHI,Jalen Hurts,Cover 0,9,1.9999999999999998,8,0,10.0,1.1111111111111112
206,PHI,Jalen Hurts,Cover 1,78,23.679999999999996,8,-3,28.679999999999996,0.36769230769230765
207,PHI,Jalen Hurts,Cover 2,37,9.799999999999999,0,-1,8.799999999999999,0.2378378378378378
208,PHI,Jalen Hurts,Cover 3,125,31.279999999999994,16,-3,44.28,0.35424
209,PHI,Jalen Hurts,Cover 4,64,22.720000000000002,0,-1,21.719999999999995,0.3393749999999999
210,PHI,Jalen Hurts,Cover 6,8,1.7999999999999998,0,0,1.7999999999999998,0.22499999999999998
211,PHI,Jalen Hurts,Man Cover 2,21,3.9200000000000004,4,0,7.92,0.3771428571428571
212,PHI,Jalen Hurts,No Video,2,0.24,0,0,0.24,0.12
213,PHI,Jalen Hurts,Prevent,1,0.0,0,0,0.0,0.0
214,PHI,Jalen Hurts,Screen,43,10.84,0,0,10.84,0.25209302325581395
215,PHI,Jalen Hurts,Tampa 2,8,1.24,0,0,1.24,0.155
216,NO,Jameis Winston,Cover 0,4,1.12,8,0,9.120000000000001,2.2800000000000002
217,NO,Jameis Winston,Cover 1,41,7.120000000000002,20,0,27.12,0.6614634146341464
218,NO,Jameis Winston,Cover 2,19,3.920000000000001,0,-1,2.920000000000001,0.15368421052631584
219,NO,Jameis Winston,Cover 3,44,17.76,8,-1,24.759999999999998,0.5627272727272726
220,NO,Jameis Winston,Cover 4,23,7.359999999999999,12,-2,17.36,0.7547826086956522
221,NO,Jameis Winston,Cover 6,2,1.08,0,0,1.08,0.54
222,NO,Jameis Winston,Man Cover 2,3,0.36,0,0,0.36,0.12
223,NO,Jameis Winston,Prevent,1,0.0,0,0,0.0,0.0
224,NO,Jameis Winston,Screen,12,3.9600000000000004,4,0,7.960000000000001,0.6633333333333334
225,NO,Jameis Winston,Tampa 2,1,0.24,0,0,0.24,0.24
226,DET,Jared Goff,Combination,1,0.0,0,-1,-1.0,-1.0
227,DET,Jared Goff,Cover 0,4,0.6799999999999999,0,0,0.6799999999999999,0.16999999999999998
228,DET,Jared Goff,Cover 1,93,18.599999999999998,8,0,26.599999999999998,0.2860215053763441
229,DET,Jared Goff,Cover 2,34,9.240000000000004,0,-1,8.240000000000002,0.24235294117647066
230,DET,Jared Goff,Cover 3,152,39.8,20,-4,55.800000000000004,0.36710526315789477
231,DET,Jared Goff,Cover 4,108,27.399999999999995,12,-1,38.400000000000006,0.3555555555555556
232,DET,Jared Goff,Cover 6,20,5.76,0,0,5.76,0.288
233,DET,Jared Goff,Man Cover 2,13,2.3600000000000003,0,-1,1.36,0.10461538461538462
234,DET,Jared Goff,No Video,1,0.24,0,0,0.24,0.24
235,DET,Jared Goff,Other,1,0.0,0,0,0.0,0.0
236,DET,Jared Goff,Prevent,4,1.4000000000000001,0,0,1.4000000000000001,0.35000000000000003
237,DET,Jared Goff,Screen,25,3.3600000000000003,0,0,3.3600000000000003,0.13440000000000002
238,DET,Jared Goff,Tampa 2,14,3.76,0,0,3.76,0.26857142857142857
239,SF,Jimmy Garoppolo,Cover 0,8,2.5200000000000005,8,0,10.52,1.315
240,SF,Jimmy Garoppolo,Cover 1,110,29.959999999999994,8,-1,36.96000000000001,0.3360000000000001
241,SF,Jimmy Garoppolo,Cover 2,54,16.39999999999999,8,-1,23.400000000000006,0.43333333333333346
242,SF,Jimmy Garoppolo,Cover 3,117,38.04000000000001,16,-7,47.04000000000002,0.4020512820512822
243,SF,Jimmy Garoppolo,Cover 4,76,27.879999999999995,8,-5,30.88,0.4063157894736842
244,SF,Jimmy Garoppolo,Cover 6,15,3.999999999999999,0,0,3.999999999999999,0.2666666666666666
245,SF,Jimmy Garoppolo,Man Cover 2,31,10.280000000000003,4,0,14.28,0.46064516129032257
246,SF,Jimmy Garoppolo,No Video,3,0.36,0,0,0.36,0.12
247,SF,Jimmy Garoppolo,Other,2,0.56,0,0,0.56,0.28
248,SF,Jimmy Garoppolo,Prevent,2,0.0,0,0,0.0,0.0
249,SF,Jimmy Garoppolo,Screen,37,14.520000000000003,4,0,18.52,0.5005405405405405
250,SF,Jimmy Garoppolo,Tampa 2,8,2.68,0,0,2.68,0.335
251,CIN,Joe Burrow,Combination,3,1.3599999999999999,0,0,1.3599999999999999,0.4533333333333333
252,CIN,Joe Burrow,Cover 0,9,3.64,0,-1,2.64,0.29333333333333333
253,CIN,Joe Burrow,Cover 1,139,56.48,44,-6,94.48000000000002,0.6797122302158275
254,CIN,Joe Burrow,Cover 2,102,35.599999999999994,12,-1,46.6,0.4568627450980392
255,CIN,Joe Burrow,Cover 3,175,55.959999999999994,40,-2,93.95999999999998,0.5369142857142856
256,CIN,Joe Burrow,Cover 4,119,29.599999999999998,8,-3,34.6,0.2907563025210084
257,CIN,Joe Burrow,Cover 6,29,4.96,0,-1,3.9600000000000004,0.13655172413793104
258,CIN,Joe Burrow,Man Cover 2,27,4.8,0,-1,3.8000000000000007,0.14074074074074078
259,CIN,Joe Burrow,No Video,7,2.0,0,0,2.0,0.2857142857142857
260,CIN,Joe Burrow,Other,2,1.28,0,0,1.28,0.64
261,CIN,Joe Burrow,Prevent,4,2.48,0,0,2.48,0.62
262,CIN,Joe Burrow,Screen,48,13.440000000000003,4,-1,16.44,0.3425
263,CIN,Joe Burrow,Tampa 2,12,5.04,4,-1,8.04,0.6699999999999999
264,NYJ,Joe Flacco,Cover 0,4,1.7599999999999998,4,0,5.76,1.44
265,NYJ,Joe Flacco,Cover 1,7,2.7600000000000002,0,0,2.7600000000000002,0.3942857142857143
266,NYJ,Joe Flacco,Cover 2,1,0.88,0,0,0.88,0.88
267,NYJ,Joe Flacco,Cover 3,11,2.4000000000000004,0,0,2.4000000000000004,0.21818181818181823
268,NYJ,Joe Flacco,Cover 4,9,2.56,0,0,2.56,0.28444444444444444
269,NYJ,Joe Flacco,Man Cover 2,4,2.48,4,0,6.48,1.62
270,NYJ,Joe Flacco,Tampa 2,1,0.0,0,0,0.0,0.0
271,LAR,John Wolford,Cover 1,1,0.0,0,0,0.0,0.0
272,LAR,John Wolford,Cover 3,3,0.0,0,-1,-1.0,-0.3333333333333333
273,GB,Jordan Love,Cover 0,4,0.0,0,0,0.0,0.0
274,GB,Jordan Love,Cover 1,12,0.88,4,-1,3.88,0.3233333333333333
275,GB,Jordan Love,Cover 2,3,0.6,0,-1,-0.4,-0.13333333333333333
276,GB,Jordan Love,Cover 3,18,4.880000000000001,0,-1,3.880000000000001,0.2155555555555556
277,GB,Jordan Love,Cover 4,2,1.24,0,0,1.24,0.62
278,GB,Jordan Love,Man Cover 2,3,1.84,0,0,1.84,0.6133333333333334
279,GB,Jordan Love,Screen,5,0.6799999999999999,0,0,0.6799999999999999,0.13599999999999998
280,GB,Jordan Love,Tampa 2,1,0.0,0,0,0.0,0.0
281,BUF,Josh Allen,Combination,1,0.56,0,0,0.56,0.56
282,BUF,Josh Allen,Cover 0,12,2.2,12,0,14.2,1.1833333333333333
283,BUF,Josh Allen,Cover 1,146,41.32000000000001,24,-4,61.320000000000014,0.4200000000000001
284,BUF,Josh Allen,Cover 2,76,20.199999999999996,4,-2,22.199999999999996,0.2921052631578947
285,BUF,Josh Allen,Cover 3,164,49.99999999999999,24,-6,67.99999999999999,0.41463414634146334
286,BUF,Josh Allen,Cover 4,86,25.360000000000007,12,-2,35.36000000000001,0.4111627906976745
287,BUF,Josh Allen,Cover 6,13,5.48,4,0,9.48,0.7292307692307692
288,BUF,Josh Allen,Man Cover 2,35,8.6,16,-2,22.6,0.6457142857142858
289,BUF,Josh Allen,No Video,24,5.160000000000002,0,0,5.160000000000002,0.21500000000000008
290,BUF,Josh Allen,Other,1,0.0,0,0,0.0,0.0
291,BUF,Josh Allen,Prevent,1,0.4,0,0,0.4,0.4
292,BUF,Josh Allen,Screen,44,9.68,4,0,13.679999999999996,0.3109090909090908
293,BUF,Josh Allen,Tampa 2,13,1.56,0,0,1.56,0.12000000000000001
294,DEN,Josh Johnson,Cover 0,3,1.04,0,0,1.04,0.3466666666666667
295,DEN,Josh Johnson,Cover 1,21,4.800000000000001,4,-3,5.800000000000001,0.2761904761904762
296,DEN,Josh Johnson,Cover 2,3,0.0,0,0,0.0,0.0
297,DEN,Josh Johnson,Cover 3,13,5.239999999999999,8,0,13.239999999999998,1.0184615384615383
298,DEN,Josh Johnson,Cover 4,14,3.7999999999999994,0,0,3.7999999999999994,0.2714285714285714
299,DEN,Josh Johnson,Cover 6,6,2.0,0,0,2.0,0.3333333333333333
300,DEN,Josh Johnson,Man Cover 2,2,0.6,0,0,0.6,0.3
301,DEN,Josh Johnson,No Video,1,0.16,0,0,0.16,0.16
302,DEN,Josh Johnson,Prevent,3,0.88,0,0,0.88,0.29333333333333333
303,DEN,Josh Johnson,Screen,4,-0.39999999999999997,0,0,-0.39999999999999997,-0.09999999999999999
304,DEN,Josh Johnson,Tampa 2,6,1.84,0,0,1.84,0.3066666666666667
305,CHI,Justin Fields,Combination,1,0.24,0,0,0.24,0.24
306,CHI,Justin Fields,Cover 0,7,0.92,0,-1,-0.07999999999999996,-0.011428571428571423
307,CHI,Justin Fields,Cover 1,51,13.52,4,-1,16.52,0.323921568627451
308,CHI,Justin Fields,Cover 2,27,6.840000000000002,0,-1,5.840000000000002,0.21629629629629635
309,CHI,Justin Fields,Cover 3,78,19.960000000000008,0,-2,17.960000000000008,0.23025641025641036
310,CHI,Justin Fields,Cover 4,58,14.079999999999998,4,-1,17.08,0.2944827586206896
311,CHI,Justin Fields,Cover 6,12,2.92,0,-2,0.9199999999999999,0.07666666666666666
312,CHI,Justin Fields,Man Cover 2,13,1.2,0,-1,0.20000000000000007,0.015384615384615389
313,CHI,Justin Fields,Prevent,11,3.7199999999999998,4,-1,6.72,0.6109090909090908
314,CHI,Justin Fields,Screen,10,4.24,4,0,8.24,0.8240000000000001
315,LAC,Justin Herbert,Combination,4,0.56,0,0,0.56,0.14
316,LAC,Justin Herbert,Cover 0,14,3.36,0,0,3.36,0.24
317,LAC,Justin Herbert,Cover 1,158,37.760000000000005,16,-2,51.760000000000026,0.3275949367088609
318,LAC,Justin Herbert,Cover 2,67,25.679999999999996,12,-3,34.68000000000001,0.5176119402985075
319,LAC,Justin Herbert,Cover 3,169,47.8,16,-4,59.8,0.3538461538461538
320,LAC,Justin Herbert,Cover 4,82,24.200000000000003,12,-4,32.2,0.3926829268292683
321,LAC,Justin Herbert,Cover 6,19,4.4,0,-1,3.4,0.17894736842105263
322,LAC,Justin Herbert,Man Cover 2,32,7.32,0,0,7.32,0.22875
323,LAC,Justin Herbert,No Video,5,1.6400000000000001,4,0,5.64,1.128
324,LAC,Justin Herbert,Other,1,0.48,4,0,4.48,4.48
325,LAC,Justin Herbert,Prevent,4,1.7600000000000002,0,0,1.7600000000000002,0.44000000000000006
326,LAC,Justin Herbert,Screen,15,3.28,0,0,3.28,0.21866666666666665
327,LAC,Justin Herbert,Tampa 2,9,3.0400000000000005,0,0,3.0400000000000005,0.33777777777777784
328,MIN,Kellen Mond,Cover 2,1,0.0,0,0,0.0,0.0
329,MIN,Kellen Mond,No Video,1,0.24,0,0,0.24,0.24
330,MIN,Kirk Cousins,Combination,1,0.0,0,0,0.0,0.0
331,MIN,Kirk Cousins,Cover 0,8,2.12,12,0,14.12,1.765
332,MIN,Kirk Cousins,Cover 1,113,35.35999999999999,28,-1,62.36,0.5518584070796461
333,MIN,Kirk Cousins,Cover 2,46,10.959999999999997,0,0,10.959999999999997,0.23826086956521733
334,MIN,Kirk Cousins,Cover 3,133,44.0,28,-3,69.00000000000003,0.5187969924812033
335,MIN,Kirk Cousins,Cover 4,79,17.639999999999997,8,-2,23.639999999999993,0.29924050632911386
336,MIN,Kirk Cousins,Cover 6,13,6.239999999999999,0,0,6.239999999999999,0.4799999999999999
337,MIN,Kirk Cousins,Man Cover 2,55,10.76,4,-2,12.76,0.23199999999999998
338,MIN,Kirk Cousins,No Video,2,0.0,0,0,0.0,0.0
339,MIN,Kirk Cousins,Prevent,9,1.12,0,0,1.12,0.12444444444444445
340,MIN,Kirk Cousins,Screen,26,6.6800000000000015,0,0,6.6800000000000015,0.256923076923077
341,MIN,Kirk Cousins,Tampa 2,8,4.44,4,0,8.440000000000001,1.0550000000000002
342,HOU,Kyle Allen,Combination,2,0.28,0,0,0.28,0.14
343,HOU,Kyle Allen,Cover 1,7,2.04,0,0,2.04,0.2914285714285714
344,HOU,Kyle Allen,Cover 2,3,1.28,0,0,1.28,0.4266666666666667
345,HOU,Kyle Allen,Cover 3,3,0.0,0,0,0.0,0.0
346,HOU,Kyle Allen,Cover 4,1,0.0,0,0,0.0,0.0
347,HOU,Kyle Allen,Tampa 2,3,1.24,0,0,1.24,0.41333333333333333
348,ARI,Kyler Murray,Combination,4,1.8800000000000001,0,0,1.8800000000000001,0.47000000000000003
349,ARI,Kyler Murray,Cover 0,11,4.680000000000001,8,-1,11.68,1.0618181818181818
350,ARI,Kyler Murray,Cover 1,85,22.439999999999998,16,0,38.44,0.452235294117647
351,ARI,Kyler Murray,Cover 2,65,17.599999999999998,0,-1,16.599999999999994,0.2553846153846153
352,ARI,Kyler Murray,Cover 3,126,46.75999999999999,24,-2,68.75999999999999,0.5457142857142856
353,ARI,Kyler Murray,Cover 4,63,19.319999999999997,12,-2,29.319999999999997,0.46539682539682536
354,ARI,Kyler Murray,Cover 6,27,6.0,0,-1,5.0,0.18518518518518517
355,ARI,Kyler Murray,Man Cover 2,17,6.36,0,0,6.36,0.37411764705882355
356,ARI,Kyler Murray,No Video,2,0.0,0,0,0.0,0.0
357,ARI,Kyler Murray,Other,3,0.24,0,-1,-0.76,-0.25333333333333335
358,ARI,Kyler Murray,Prevent,3,0.24,0,0,0.24,0.08
359,ARI,Kyler Murray,Screen,44,9.639999999999997,4,0,13.639999999999995,0.3099999999999999
360,ARI,Kyler Murray,Tampa 2,10,4.24,0,-1,3.24,0.324
361,BAL,Lamar Jackson,Combination,2,0.0,0,-1,-1.0,-0.5
362,BAL,Lamar Jackson,Cover 0,21,1.6400000000000001,0,0,1.6400000000000001,0.0780952380952381
363,BAL,Lamar Jackson,Cover 1,49,8.680000000000001,0,0,8.680000000000001,0.17714285714285719
364,BAL,Lamar Jackson,Cover 2,27,7.440000000000002,0,-2,5.440000000000002,0.20148148148148157
365,BAL,Lamar Jackson,Cover 3,152,46.6,24,-5,65.6,0.431578947368421
366,BAL,Lamar Jackson,Cover 4,82,26.199999999999992,12,-5,33.199999999999996,0.4048780487804878
367,BAL,Lamar Jackson,Cover 6,6,0.6,0,0,0.6,0.09999999999999999
368,BAL,Lamar Jackson,Man Cover 2,1,0.52,0,0,0.52,0.52
369,BAL,Lamar Jackson,No Video,4,2.4000000000000004,0,0,2.4000000000000004,0.6000000000000001
370,BAL,Lamar Jackson,Other,2,0.0,0,0,0.0,0.0
371,BAL,Lamar Jackson,Prevent,5,2.12,0,0,2.12,0.42400000000000004
372,BAL,Lamar Jackson,Screen,17,4.120000000000001,0,0,4.120000000000001,0.24235294117647066
373,BAL,Lamar Jackson,Tampa 2,7,2.92,0,0,2.92,0.41714285714285715
374,NE,Mac Jones,Cover 0,7,0.64,0,0,0.64,0.09142857142857143
375,NE,Mac Jones,Cover 1,163,44.43999999999999,28,-6,66.43999999999998,0.4076073619631901
376,NE,Mac Jones,Cover 2,38,14.320000000000004,0,-1,13.320000000000004,0.3505263157894738
377,NE,Mac Jones,Cover 3,150,41.00000000000001,12,-3,50.0,0.3333333333333333
378,NE,Mac Jones,Cover 4,78,22.559999999999995,0,-2,20.559999999999995,0.2635897435897435
379,NE,Mac Jones,Cover 6,11,3.0399999999999996,4,0,7.040000000000001,0.6400000000000001
380,NE,Mac Jones,Man Cover 2,35,7.360000000000001,4,-2,9.359999999999998,0.26742857142857135
381,NE,Mac Jones,No Video,10,2.4000000000000004,0,0,2.4000000000000004,0.24000000000000005
382,NE,Mac Jones,Other,1,0.0,0,0,0.0,0.0
383,NE,Mac Jones,Prevent,2,0.56,0,0,0.56,0.28
384,NE,Mac Jones,Screen,17,4.5200000000000005,0,0,4.5200000000000005,0.2658823529411765
385,NE,Mac Jones,Tampa 2,13,4.640000000000001,4,-1,7.640000000000001,0.5876923076923077
386,ATL,Marcus Mariota,Cover 1,1,0.0,0,0,0.0,0.0
387,PIT,Mason Rudolph,Cover 0,1,0.0,0,0,0.0,0.0
388,PIT,Mason Rudolph,Cover 1,11,3.24,0,0,3.24,0.29454545454545455
389,PIT,Mason Rudolph,Cover 2,11,2.8000000000000007,0,0,2.8000000000000007,0.25454545454545463
390,PIT,Mason Rudolph,Cover 3,13,2.3200000000000003,4,-1,5.320000000000001,0.40923076923076934
391,PIT,Mason Rudolph,Cover 4,6,1.1600000000000001,0,0,1.1600000000000001,0.19333333333333336
392,PIT,Mason Rudolph,Man Cover 2,2,0.24,0,0,0.24,0.12
393,PIT,Mason Rudolph,Prevent,1,0.0,0,0,0.0,0.0
394,PIT,Mason Rudolph,Screen,3,-0.040000000000000036,0,0,-0.040000000000000036,-0.013333333333333345
395,PIT,Mason Rudolph,Tampa 2,3,0.48,0,0,0.48,0.16
396,IND,Matt Ryan,Cover 0,4,0.2,0,0,0.2,0.05
397,IND,Matt Ryan,Cover 1,115,30.720000000000006,24,-4,50.720000000000006,0.4410434782608696
398,IND,Matt Ryan,Cover 2,65,17.879999999999995,0,-3,14.879999999999997,0.22892307692307687
399,IND,Matt Ryan,Cover 3,187,49.720000000000006,12,-3,58.72000000000001,0.31401069518716584
400,IND,Matt Ryan,Cover 4,96,27.119999999999994,0,-2,25.119999999999994,0.2616666666666666
401,IND,Matt Ryan,Cover 6,8,3.5600000000000005,0,0,3.5600000000000005,0.44500000000000006
402,IND,Matt Ryan,Man Cover 2,24,9.68,0,0,9.68,0.4033333333333333
403,IND,Matt Ryan,No Video,5,0.48000000000000004,0,0,0.48000000000000004,0.096
404,IND,Matt Ryan,Other,1,0.24,0,0,0.24,0.24
405,IND,Matt Ryan,Prevent,4,0.8400000000000001,0,0,0.8400000000000001,0.21000000000000002
406,IND,Matt Ryan,Screen,22,4.960000000000001,0,0,4.960000000000001,0.2254545454545455
407,IND,Matt Ryan,Tampa 2,11,1.44,0,0,1.44,0.1309090909090909
408,LAR,Matthew Stafford,Combination,3,1.24,0,0,1.24,0.41333333333333333
409,LAR,Matthew Stafford,Cover 0,14,3.84,8,-1,10.840000000000002,0.7742857142857144
410,LAR,Matthew Stafford,Cover 1,115,40.36000000000001,44,-1,83.35999999999997,0.7248695652173911
411,LAR,Matthew Stafford,Cover 2,61,28.159999999999997,20,0,48.15999999999999,0.7895081967213113
412,LAR,Matthew Stafford,Cover 3,158,53.32000000000001,12,-7,58.32000000000001,0.369113924050633
413,LAR,Matthew Stafford,Cover 4,144,36.120000000000005,12,-4,44.11999999999999,0.3063888888888888
414,LAR,Matthew Stafford,Cover 6,22,8.840000000000002,8,-1,15.84,0.72
415,LAR,Matthew Stafford,Man Cover 2,43,11.359999999999998,0,-2,9.36,0.21767441860465114
416,LAR,Matthew Stafford,No Video,19,8.600000000000001,4,0,12.6,0.6631578947368421
417,LAR,Matthew Stafford,Other,2,1.16,0,0,1.16,0.58
418,LAR,Matthew Stafford,Prevent,2,0.56,0,-1,-0.43999999999999995,-0.21999999999999997
419,LAR,Matthew Stafford,Screen,25,4.7200000000000015,0,-1,3.7200000000000006,0.14880000000000002
420,LAR,Matthew Stafford,Tampa 2,14,2.2399999999999998,0,0,2.2399999999999998,0.15999999999999998
421,NYJ,Mike White,Cover 0,3,0.56,4,0,4.5600000000000005,1.5200000000000002
422,NYJ,Mike White,Cover 1,28,4.36,0,-1,3.36,0.12
423,NYJ,Mike White,Cover 2,12,3.08,0,0,3.08,0.25666666666666665
424,NYJ,Mike White,Cover 3,47,13.080000000000002,4,-2,15.080000000000002,0.3208510638297873
425,NYJ,Mike White,Cover 4,19,5.24,4,-2,7.24,0.38105263157894737
426,NYJ,Mike White,Cover 6,3,2.08,4,0,6.08,2.026666666666667
427,NYJ,Mike White,Man Cover 2,3,0.48,0,-1,-0.52,-0.17333333333333334
428,NYJ,Mike White,Screen,4,1.12,0,0,1.12,0.28
429,NYJ,Mike White,Tampa 2,5,1.56,0,-1,0.56,0.11200000000000002
430,IND,Nick Foles,Cover 1,3,0.32,0,0,0.32,0.10666666666666667
431,IND,Nick Foles,Cover 2,4,1.36,0,0,1.36,0.34
432,IND,Nick Foles,Cover 3,15,3.2800000000000002,0,0,3.2800000000000002,0.21866666666666668
433,IND,Nick Foles,Cover 4,3,0.56,0,0,0.56,0.18666666666666668
434,IND,Nick Foles,Man Cover 2,1,1.2,0,0,1.2,1.2
435,IND,Nick Foles,Screen,2,0.08,0,0,0.08,0.04
436,LV,Nick Mullens,Cover 1,10,2.24,4,0,6.24,0.624
437,LV,Nick Mullens,Cover 2,1,0.0,0,0,0.0,0.0
438,LV,Nick Mullens,Cover 3,11,2.12,0,0,2.12,0.19272727272727275
439,LV,Nick Mullens,Screen,1,0.12,0,0,0.12,0.12
440,KC,Patrick Mahomes,Combination,5,1.04,0,0,1.04,0.20800000000000002
441,KC,Patrick Mahomes,Cover 0,1,0.0,0,0,0.0,0.0
442,KC,Patrick Mahomes,Cover 1,99,29.559999999999995,8,-2,35.559999999999995,0.3591919191919191
443,KC,Patrick Mahomes,Cover 2,88,31.96,8,-1,38.960000000000015,0.4427272727272729
444,KC,Patrick Mahomes,Cover 3,149,48.75999999999999,28,-4,72.75999999999999,0.4883221476510067
445,KC,Patrick Mahomes,Cover 4,118,29.679999999999996,12,-5,36.68000000000001,0.3108474576271187
446,KC,Patrick Mahomes,Cover 6,20,6.480000000000001,4,0,10.48,0.524
447,KC,Patrick Mahomes,Man Cover 2,86,21.599999999999998,12,-1,32.6,0.3790697674418605
448,KC,Patrick Mahomes,No Video,15,8.08,8,0,16.08,1.0719999999999998
449,KC,Patrick Mahomes,Other,3,1.04,0,0,1.04,0.3466666666666667
450,KC,Patrick Mahomes,Prevent,7,1.76,0,0,1.76,0.25142857142857145
451,KC,Patrick Mahomes,Screen,37,8.84,20,0,28.84,0.7794594594594595
452,KC,Patrick Mahomes,Tampa 2,17,3.36,0,0,3.36,0.1976470588235294
453,DEN,Russell Wilson,Cover 0,3,1.6,8,0,9.6,3.1999999999999997
454,DEN,Russell Wilson,Cover 1,60,17.96,16,0,33.959999999999994,0.566
455,DEN,Russell Wilson,Cover 2,36,9.960000000000003,4,-1,12.96,0.36000000000000004
456,DEN,Russell Wilson,Cover 3,115,35.919999999999995,24,-2,57.91999999999999,0.5036521739130434
457,DEN,Russell Wilson,Cover 4,73,17.319999999999997,4,-2,19.32,0.26465753424657534
458,DEN,Russell Wilson,Cover 6,9,2.04,4,0,6.040000000000001,0.6711111111111112
459,DEN,Russell Wilson,Man Cover 2,16,7.4,8,-1,14.4,0.9
460,DEN,Russell Wilson,No Video,3,4.32,4,0,8.32,2.7733333333333334
461,DEN,Russell Wilson,Other,2,1.24,0,0,1.24,0.62
462,DEN,Russell Wilson,Prevent,16,6.720000000000001,0,0,6.720000000000001,0.42000000000000004
463,DEN,Russell Wilson,Screen,23,3.96,4,0,7.96,0.34608695652173915
464,DEN,Russell Wilson,Tampa 2,4,1.72,0,0,1.72,0.43
465,TEN,Ryan Tannehill,Combination,2,0.68,0,0,0.68,0.34
466,TEN,Ryan Tannehill,Cover 0,13,5.000000000000001,8,-1,12.0,0.9230769230769231
467,TEN,Ryan Tannehill,Cover 1,122,24.759999999999987,20,-3,41.760000000000005,0.34229508196721314
468,TEN,Ryan Tannehill,Cover 2,74,24.8,4,-3,25.800000000000004,0.3486486486486487
469,TEN,Ryan Tannehill,Cover 3,152,45.91999999999999,0,-5,40.919999999999995,0.26921052631578946
470,TEN,Ryan Tannehill,Cover 4,64,17.08,4,-2,19.08,0.298125
471,TEN,Ryan Tannehill,Cover 6,19,4.0,0,-1,3.0,0.15789473684210525
472,TEN,Ryan Tannehill,Man Cover 2,23,4.08,0,-2,2.08,0.09043478260869565
473,TEN,Ryan Tannehill,No Video,2,0.0,0,0,0.0,0.0
474,TEN,Ryan Tannehill,Prevent,3,0.52,0,0,0.52,0.17333333333333334
475,TEN,Ryan Tannehill,Screen,28,4.159999999999999,4,0,8.16,0.2914285714285714
476,TEN,Ryan Tannehill,Tampa 2,15,1.56,0,0,1.56,0.10400000000000001
477,CAR,Sam Darnold,Combination,3,1.84,4,0,5.84,1.9466666666666665
478,CAR,Sam Darnold,Cover 0,6,1.56,4,0,5.56,0.9266666666666666
479,CAR,Sam Darnold,Cover 1,90,17.799999999999994,4,-3,18.799999999999986,0.20888888888888874
480,CAR,Sam Darnold,Cover 2,53,13.840000000000002,0,-2,11.840000000000002,0.22339622641509438
481,CAR,Sam Darnold,Cover 3,93,20.79999999999999,0,-2,18.799999999999986,0.20215053763440846
482,CAR,Sam Darnold,Cover 4,56,11.039999999999997,8,-2,17.039999999999996,0.3042857142857142
483,CAR,Sam Darnold,Cover 6,12,5.44,0,-1,4.44,0.37000000000000005
484,CAR,Sam Darnold,Man Cover 2,22,4.400000000000001,0,-1,3.4000000000000012,0.1545454545454546
485,CAR,Sam Darnold,No Video,1,0.2,0,0,0.2,0.2
486,CAR,Sam Darnold,Prevent,3,0.0,0,-1,-1.0,-0.3333333333333333
487,CAR,Sam Darnold,Screen,23,3.96,0,0,3.96,0.17217391304347826
488,CAR,Sam Darnold,Tampa 2,6,1.6800000000000002,0,0,1.6800000000000002,0.28
489,MIN,Sean Mannion,Cover 1,6,2.04,0,0,2.04,0.34
490,MIN,Sean Mannion,Cover 2,1,0.04,0,0,0.04,0.04
491,MIN,Sean Mannion,Cover 3,2,1.04,0,0,1.04,0.52
492,MIN,Sean Mannion,Cover 4,12,2.2800000000000002,0,0,2.2800000000000002,0.19000000000000003
493,MIN,Sean Mannion,Cover 6,3,0.28,0,0,0.28,0.09333333333333334
494,MIN,Sean Mannion,Man Cover 2,7,0.6,0,0,0.6,0.08571428571428572
495,MIN,Sean Mannion,Screen,1,0.0,0,0,0.0,0.0
496,WAS,Taylor Heinicke,Combination,2,0.16,0,0,0.16,0.08
497,WAS,Taylor Heinicke,Cover 0,4,0.48,0,0,0.48,0.12
498,WAS,Taylor Heinicke,Cover 1,107,27.679999999999993,20,-3,44.68000000000003,0.4175700934579442
499,WAS,Taylor Heinicke,Cover 2,55,12.120000000000001,0,-1,11.120000000000003,0.20218181818181824
500,WAS,Taylor Heinicke,Cover 3,130,34.75999999999998,16,-5,45.759999999999984,0.35199999999999987
501,WAS,Taylor Heinicke,Cover 4,74,21.11999999999999,4,-4,21.11999999999999,0.28540540540540527
502,WAS,Taylor Heinicke,Cover 6,17,4.800000000000001,0,0,4.800000000000001,0.28235294117647064
503,WAS,Taylor Heinicke,Man Cover 2,21,6.240000000000001,4,-1,9.24,0.44
504,WAS,Taylor Heinicke,No Video,4,0.2,0,0,0.2,0.05
505,WAS,Taylor Heinicke,Prevent,6,0.6,0,-2,-1.4,-0.2333333333333333
506,WAS,Taylor Heinicke,Screen,15,2.8,0,-1,1.7999999999999998,0.11999999999999998
507,WAS,Taylor Heinicke,Tampa 2,12,3.28,0,0,3.28,0.2733333333333333
508,NO,Taysom Hill,Combination,1,1.2,0,0,1.2,1.2
509,NO,Taysom Hill,Cover 0,2,0.0,0,0,0.0,0.0
510,NO,Taysom Hill,Cover 1,20,5.96,8,0,13.96,0.6980000000000001
511,NO,Taysom Hill,Cover 2,12,1.12,0,-1,0.12,0.01
512,NO,Taysom Hill,Cover 3,41,13.96,4,-3,14.96,0.36487804878048785
513,NO,Taysom Hill,Cover 4,20,2.0,0,-1,1.0,0.05
514,NO,Taysom Hill,Cover 6,1,0.0,0,0,0.0,0.0
515,NO,Taysom Hill,Man Cover 2,4,3.04,0,0,3.04,0.76
516,NO,Taysom Hill,No Video,1,0.0,0,0,0.0,0.0
517,NO,Taysom Hill,Screen,3,0.48000000000000004,0,0,0.48000000000000004,0.16
518,NO,Taysom Hill,Tampa 2,2,0.04,0,0,0.04,0.02
519,MIA,Teddy Bridgewater,Combination,4,1.4,0,0,1.4,0.35
520,MIA,Teddy Bridgewater,Cover 0,5,3.2800000000000002,0,0,3.2800000000000002,0.656
521,MIA,Teddy Bridgewater,Cover 1,107,30.560000000000002,20,-2,48.56,0.4538317757009346
522,MIA,Teddy Bridgewater,Cover 2,45,10.28,8,0,18.28,0.40622222222222226
523,MIA,Teddy Bridgewater,Cover 3,126,36.4,8,-4,40.39999999999999,0.32063492063492055
524,MIA,Teddy Bridgewater,Cover 4,49,11.68,4,-1,14.68,0.29959183673469386
525,MIA,Teddy Bridgewater,Cover 6,7,2.4,0,0,2.4,0.34285714285714286
526,MIA,Teddy Bridgewater,Man Cover 2,20,5.04,0,0,5.04,0.252
527,MIA,Teddy Bridgewater,Other,1,0.88,0,0,0.88,0.88
528,MIA,Teddy Bridgewater,Prevent,9,4.400000000000001,0,0,4.400000000000001,0.48888888888888904
529,MIA,Teddy Bridgewater,Screen,10,1.36,0,0,1.36,0.136
530,MIA,Teddy Bridgewater,Tampa 2,6,2.2399999999999998,0,0,2.2399999999999998,0.3733333333333333
531,DET,Tim Boyle,Cover 0,1,0.0,0,0,0.0,0.0
532,DET,Tim Boyle,Cover 1,12,3.5599999999999996,0,-2,1.56,0.13
533,DET,Tim Boyle,Cover 2,11,3.6,4,-1,6.6000000000000005,0.6000000000000001
534,DET,Tim Boyle,Cover 3,32,7.92,4,-2,9.92,0.31
535,DET,Tim Boyle,Cover 4,9,1.6400000000000001,4,0,5.640000000000001,0.6266666666666667
536,DET,Tim Boyle,Cover 6,3,0.88,0,-1,-0.12,-0.04
537,DET,Tim Boyle,Man Cover 2,1,0.16,0,0,0.16,0.16
538,DET,Tim Boyle,Prevent,2,0.36,0,0,0.36,0.18
539,DET,Tim Boyle,Screen,3,0.68,0,0,0.68,0.22666666666666668
540,DET,Tim Boyle,Tampa 2,3,0.48,0,0,0.48,0.16
541,TB,Tom Brady,Combination,4,2.4400000000000004,12,0,14.440000000000001,3.6100000000000003
542,TB,Tom Brady,Cover 0,12,6.160000000000001,8,0,14.16,1.18
543,TB,Tom Brady,Cover 1,198,54.56000000000002,36,-2,88.56000000000003,0.44727272727272743
544,TB,Tom Brady,Cover 2,82,23.439999999999998,8,-1,30.439999999999998,0.37121951219512195
545,TB,Tom Brady,Cover 3,182,54.16000000000002,20,-4,70.16000000000001,0.38549450549450553
546,TB,Tom Brady,Cover 4,104,30.519999999999992,0,0,30.519999999999992,0.2934615384615384
547,TB,Tom Brady,Cover 6,22,10.240000000000002,8,0,18.240000000000002,0.8290909090909092
548,TB,Tom Brady,Man Cover 2,66,18.759999999999998,16,-2,32.76,0.49636363636363634
549,TB,Tom Brady,No Video,19,3.8,0,0,3.8,0.19999999999999998
550,TB,Tom Brady,Other,2,0.44,0,0,0.44,0.22
551,TB,Tom Brady,Prevent,7,2.2800000000000002,0,-1,1.28,0.18285714285714286
552,TB,Tom Brady,Screen,62,13.639999999999999,4,0,17.639999999999993,0.284516129032258
553,TB,Tom Brady,Tampa 2,13,5.200000000000001,4,0,9.2,0.7076923076923076
554,JAX,Trevor Lawrence,Combination,1,0.28,0,0,0.28,0.28
555,JAX,Trevor Lawrence,Cover 0,12,1.3200000000000003,0,0,1.3200000000000003,0.11000000000000003
556,JAX,Trevor Lawrence,Cover 1,138,23.6,8,-4,27.6,0.2
557,JAX,Trevor Lawrence,Cover 2,80,22.159999999999997,4,-2,24.15999999999999,0.3019999999999999
558,JAX,Trevor Lawrence,Cover 3,152,38.879999999999995,4,-2,40.879999999999995,0.2689473684210526
559,JAX,Trevor Lawrence,Cover 4,79,18.4,4,-2,20.400000000000002,0.25822784810126587
560,JAX,Trevor Lawrence,Cover 6,10,2.96,0,-1,1.96,0.196
561,JAX,Trevor Lawrence,Man Cover 2,19,2.44,0,-2,0.43999999999999995,0.023157894736842103
562,JAX,Trevor Lawrence,No Video,4,-0.2,0,-1,-1.2,-0.3
563,JAX,Trevor Lawrence,Other,2,0.52,0,0,0.52,0.26
564,JAX,Trevor Lawrence,Prevent,5,2.24,0,0,2.24,0.44800000000000006
565,JAX,Trevor Lawrence,Screen,27,5.600000000000001,0,-1,4.600000000000001,0.17037037037037042
566,JAX,Trevor Lawrence,Tampa 2,6,1.44,0,-2,-0.56,-0.09333333333333334
567,CHI,Trevor Siemian,Combination,1,0.36,0,0,0.36,0.36
568,CHI,Trevor Siemian,Cover 0,5,0.88,0,0,0.88,0.176
569,CHI,Trevor Siemian,Cover 1,46,10.639999999999999,12,0,22.639999999999993,0.49217391304347813
570,CHI,Trevor Siemian,Cover 2,12,4.12,4,0,8.120000000000001,0.6766666666666667
571,CHI,Trevor Siemian,Cover 3,48,13.479999999999999,8,-2,19.48,0.4058333333333333
572,CHI,Trevor Siemian,Cover 4,33,8.56,0,-1,7.5600000000000005,0.2290909090909091
573,CHI,Trevor Siemian,Cover 6,4,1.08,0,0,1.08,0.27
574,CHI,Trevor Siemian,Man Cover 2,12,1.5200000000000002,4,0,5.52,0.45999999999999996
575,CHI,Trevor Siemian,Prevent,1,0.24,0,0,0.24,0.24
576,CHI,Trevor Siemian,Screen,12,1.32,0,0,1.32,0.11
577,CHI,Trevor Siemian,Tampa 2,4,1.4000000000000001,4,-1,4.4,1.1
578,SF,Trey Lance,Cover 0,3,0.24,0,0,0.24,0.08
579,SF,Trey Lance,Cover 1,10,1.44,0,0,1.44,0.144
580,SF,Trey Lance,Cover 2,12,2.4800000000000004,0,0,2.4800000000000004,0.2066666666666667
581,SF,Trey Lance,Cover 3,21,10.879999999999999,4,0,14.880000000000003,0.7085714285714287
582,SF,Trey Lance,Cover 4,3,0.8400000000000001,0,0,0.8400000000000001,0.28
583,SF,Trey Lance,Cover 6,5,2.3600000000000003,0,-1,1.3599999999999999,0.27199999999999996
584,SF,Trey Lance,Screen,5,1.12,4,0,5.120000000000001,1.0240000000000002
585,SF,Trey Lance,Tampa 2,6,1.48,0,-1,0.48,0.08
586,MIA,Tua Tagovailoa,Cover 0,4,0.44,4,0,4.44,1.11
587,MIA,Tua Tagovailoa,Cover 1,92,21.039999999999992,4,-2,23.04,0.2504347826086956
588,MIA,Tua Tagovailoa,Cover 2,32,7.360000000000001,0,-3,4.360000000000001,0.13625000000000004
589,MIA,Tua Tagovailoa,Cover 3,70,25.08,4,-1,28.08,0.40114285714285713
590,MIA,Tua Tagovailoa,Cover 4,50,8.840000000000002,4,0,12.84,0.2568
591,MIA,Tua Tagovailoa,Cover 6,6,2.16,0,-1,1.1600000000000001,0.19333333333333336
592,MIA,Tua Tagovailoa,Man Cover 2,19,4.32,0,0,4.32,0.22736842105263158
593,MIA,Tua Tagovailoa,No Video,2,0.0,0,0,0.0,0.0
594,MIA,Tua Tagovailoa,Prevent,1,0.32,0,0,0.32,0.32
595,MIA,Tua Tagovailoa,Screen,22,3.9600000000000013,0,0,3.9600000000000013,0.18000000000000005
596,MIA,Tua Tagovailoa,Tampa 2,6,2.0,0,0,2.0,0.3333333333333333
597,BAL,Tyler Huntley,Cover 0,8,3.0,4,0,7.000000000000001,0.8750000000000001
598,BAL,Tyler Huntley,Cover 1,33,10.52,0,0,10.52,0.3187878787878788
599,BAL,Tyler Huntley,Cover 2,12,1.5599999999999998,0,0,1.5599999999999998,0.12999999999999998
600,BAL,Tyler Huntley,Cover 3,48,7.04,0,-2,5.04,0.105
601,BAL,Tyler Huntley,Cover 4,53,9.08,0,0,9.08,0.17132075471698113
602,BAL,Tyler Huntley,Cover 6,5,0.2,0,-1,-0.8,-0.16
603,BAL,Tyler Huntley,Man Cover 2,11,2.48,0,0,2.48,0.22545454545454546
604,BAL,Tyler Huntley,No Video,2,0.6000000000000001,0,0,0.6000000000000001,0.30000000000000004
605,BAL,Tyler Huntley,Prevent,1,0.12,0,0,0.12,0.12
606,BAL,Tyler Huntley,Screen,7,1.7199999999999998,0,0,1.7199999999999998,0.2457142857142857
607,BAL,Tyler Huntley,Tampa 2,4,1.6,0,0,1.6,0.4
608,NYG,Tyrod Taylor,Combination,2,0.64,0,0,0.64,0.32
609,NYG,Tyrod Taylor,Cover 0,10,5.08,4,-1,8.08,0.808
610,NYG,Tyrod Taylor,Cover 1,35,7.840000000000001,8,-1,14.84,0.424
611,NYG,Tyrod Taylor,Cover 2,9,2.2399999999999998,0,0,2.2399999999999998,0.24888888888888885
612,NYG,Tyrod Taylor,Cover 3,32,9.08,0,-1,8.08,0.2525
613,NYG,Tyrod Taylor,Cover 4,19,3.7200000000000006,4,0,7.72,0.4063157894736842
614,NYG,Tyrod Taylor,Cover 6,4,0.28,0,0,0.28,0.07
615,NYG,Tyrod Taylor,Man Cover 2,2,0.4,0,0,0.4,0.2
616,NYG,Tyrod Taylor,Prevent,5,0.72,0,0,0.72,0.144
617,NYG,Tyrod Taylor,Screen,12,2.32,4,0,6.32,0.5266666666666667
618,NYG,Tyrod Taylor,Tampa 2,1,0.16,0,0,0.16,0.16
619,NYJ,Zach Wilson,Combination,3,0.76,0,0,0.76,0.25333333333333335
620,NYJ,Zach Wilson,Cover 0,4,0.0,0,0,0.0,0.0
621,NYJ,Zach Wilson,Cover 1,100,19.880000000000006,4,-3,20.879999999999995,0.20879999999999996
622,NYJ,Zach Wilson,Cover 2,46,14.200000000000001,4,-2,16.199999999999996,0.35217391304347817
623,NYJ,Zach Wilson,Cover 3,105,25.319999999999997,12,-5,32.32,0.3078095238095238
624,NYJ,Zach Wilson,Cover 4,40,8.120000000000001,0,0,8.120000000000001,0.203
625,NYJ,Zach Wilson,Cover 6,9,1.6400000000000001,0,0,1.6400000000000001,0.18222222222222223
626,NYJ,Zach Wilson,Man Cover 2,18,2.48,4,0,6.480000000000002,0.3600000000000001
627,NYJ,Zach Wilson,No Video,2,0.44,0,0,0.44,0.22
628,NYJ,Zach Wilson,Other,2,2.08,0,0,2.08,1.04
629,NYJ,Zach Wilson,Prevent,2,0.44,0,0,0.44,0.22
630,NYJ,Zach Wilson,Screen,22,3.2,0,0,3.2,0.14545454545454548
631,NYJ,Zach Wilson,Tampa 2,9,2.68,0,0,2.68,0.2977777777777778
