team,playerName,Routes Run,DropType_descr,FP_yards,FP_TD,FP_receiving,FP_total,Routes Run,FP/routes,plays,totalPlays,freq
PHI,A.J. Brown,31.0,0/1 Step,36.599999999999994,30,27,93.60000000000001,31.0,3.0193548387096776,35,115,0.30434782608695654
PHI,A.J. Brown,44.0,3 Step,37.8,36,27,100.80000000000001,44.0,2.290909090909091,50,115,0.43478260869565216
PHI,A.J. Brown,18.0,5 Step,21.900000000000002,0,11,32.900000000000006,18.0,1.8277777777777782,19,115,0.16521739130434782
PHI,A.J. Brown,10.0,7 Step,12.4,0,6,18.4,10.0,1.8399999999999999,11,115,0.09565217391304348
ARI,A.J. Green,38.0,0/1 Step,21.1,6,22,49.10000000000001,38.0,1.2921052631578949,40,109,0.3669724770642202
ARI,A.J. Green,53.0,3 Step,19.7,6,18,43.7,53.0,0.8245283018867925,55,109,0.5045871559633027
ARI,A.J. Green,8.0,5 Step,8.100000000000001,6,6,20.1,8.0,2.5125,10,109,0.09174311926605505
ARI,A.J. Green,4.0,7 Step,1.9000000000000001,0,1,2.9000000000000004,4.0,0.7250000000000001,4,109,0.03669724770642202
GB,Aaron Jones,8.0,0/1 Step,5.500000000000001,6,5,16.5,8.0,2.0625,9,52,0.17307692307692307
GB,Aaron Jones,24.0,3 Step,12.700000000000001,6,22,40.699999999999996,24.0,1.695833333333333,28,52,0.5384615384615384
GB,Aaron Jones,8.0,5 Step,3.5000000000000004,0,5,8.5,8.0,1.0625,9,52,0.17307692307692307
GB,Aaron Jones,5.0,7 Step,5.700000000000001,0,5,10.700000000000001,5.0,2.14,6,52,0.11538461538461539
MIN,Adam Thielen,15.0,0/1 Step,8.0,6,7,21.000000000000004,15.0,1.4000000000000001,15,91,0.16483516483516483
MIN,Adam Thielen,38.0,3 Step,26.4,30,27,83.4,38.0,2.194736842105263,39,91,0.42857142857142855
MIN,Adam Thielen,21.0,5 Step,17.400000000000002,12,15,44.39999999999999,21.0,2.114285714285714,21,91,0.23076923076923078
MIN,Adam Thielen,13.0,7 Step,21.299999999999997,12,10,43.3,13.0,3.3307692307692305,16,91,0.17582417582417584
NO,Adam Trautman,2.0,7 Step,1.5000000000000002,0,2,3.5,2.0,1.75,2,2,1.0
MIA,Alec Ingold,9.0,5 Step,7.3999999999999995,6,7,20.400000000000002,9.0,2.266666666666667,9,9,1.0
WAS,Alex Armah,2.0,7 Step,0.9,0,2,2.9,2.0,1.45,3,3,1.0
WAS,Alex Erickson,12.0,0/1 Step,13.500000000000002,0,11,24.5,12.0,2.0416666666666665,12,12,1.0
MIN,Alexander Mattison,5.0,5 Step,4.5,6,5,15.5,5.0,3.1,5,5,1.0
GB,Allen Lazard,18.0,3 Step,15.900000000000002,0,11,26.900000000000002,18.0,1.4944444444444445,20,44,0.45454545454545453
GB,Allen Lazard,12.0,5 Step,12.900000000000002,6,10,28.900000000000002,12.0,2.4083333333333337,18,44,0.4090909090909091
GB,Allen Lazard,3.0,7 Step,16.1,6,4,26.1,3.0,8.700000000000001,6,44,0.13636363636363635
NO,Alvin Kamara,13.0,0/1 Step,4.6,6,9,19.6,13.0,1.5076923076923079,13,96,0.13541666666666666
NO,Alvin Kamara,25.0,3 Step,17.6,0,20,37.6,25.0,1.504,31,96,0.3229166666666667
NO,Alvin Kamara,40.0,5 Step,33.7,6,41,80.70000000000002,40.0,2.0175000000000005,47,96,0.4895833333333333
NO,Alvin Kamara,5.0,7 Step,7.4,6,3,16.4,5.0,3.28,5,96,0.052083333333333336
CLE,Amari Cooper,26.0,0/1 Step,22.200000000000003,12,20,54.2,26.0,2.0846153846153848,27,113,0.23893805309734514
CLE,Amari Cooper,68.0,3 Step,50.29999999999999,12,47,109.30000000000001,68.0,1.6073529411764707,68,113,0.6017699115044248
CLE,Amari Cooper,13.0,5 Step,15.9,6,8,29.9,13.0,2.3,13,113,0.11504424778761062
CLE,Amari Cooper,5.0,7 Step,9.600000000000001,0,3,12.600000000000001,5.0,2.5200000000000005,5,113,0.04424778761061947
ARI,Andy Isabella,9.0,0/1 Step,4.2,0,7,11.2,9.0,1.2444444444444445,9,23,0.391304347826087
ARI,Andy Isabella,14.0,5 Step,14.500000000000002,6,7,27.500000000000004,14.0,1.9642857142857146,14,23,0.6086956521739131
ATL,Anthony Firkser,16.0,0/1 Step,13.4,0,13,26.4,16.0,1.65,17,50,0.34
ATL,Anthony Firkser,31.0,3 Step,27.200000000000003,6,23,56.20000000000001,31.0,1.812903225806452,33,50,0.66
PIT,Anthony Miller,22.0,0/1 Step,14.899999999999999,0,18,32.9,22.0,1.4954545454545454,24,65,0.36923076923076925
PIT,Anthony Miller,29.0,3 Step,21.299999999999997,6,15,42.300000000000004,29.0,1.4586206896551726,30,65,0.46153846153846156
PIT,Anthony Miller,10.0,5 Step,9.500000000000002,6,7,22.5,10.0,2.25,11,65,0.16923076923076924
WAS,Antonio Gibson,9.0,0/1 Step,0.8,0,8,8.8,9.0,0.9777777777777779,9,43,0.20930232558139536
WAS,Antonio Gibson,19.0,3 Step,10.100000000000001,0,17,27.1,19.0,1.4263157894736842,22,43,0.5116279069767442
WAS,Antonio Gibson,10.0,5 Step,11.4,0,9,20.4,10.0,2.04,10,43,0.23255813953488372
WAS,Antonio Gibson,2.0,7 Step,0.6000000000000001,0,1,1.6,2.0,0.8,2,43,0.046511627906976744
ATL,Auden Tate,10.0,0/1 Step,7.800000000000001,0,7,14.8,10.0,1.48,10,10,1.0
LAC,Austin Ekeler,13.0,0/1 Step,7.500000000000002,6,11,24.5,13.0,1.8846153846153846,13,52,0.25
LAC,Austin Ekeler,21.0,3 Step,10.700000000000003,6,16,32.7,21.0,1.5571428571428574,21,52,0.40384615384615385
LAC,Austin Ekeler,11.0,5 Step,6.100000000000001,0,10,16.1,11.0,1.4636363636363638,12,52,0.23076923076923078
LAC,Austin Ekeler,6.0,7 Step,4.7,0,5,9.7,6.0,1.6166666666666665,6,52,0.11538461538461539
TEN,Austin Hooper,6.0,0/1 Step,3.4000000000000004,6,5,14.4,6.0,2.4,9,64,0.140625
TEN,Austin Hooper,30.0,3 Step,23.8,6,23,52.8,30.0,1.76,36,64,0.5625
TEN,Austin Hooper,11.0,5 Step,7.800000000000001,12,10,29.800000000000004,11.0,2.7090909090909094,15,64,0.234375
TEN,Austin Hooper,4.0,7 Step,2.3000000000000003,6,2,10.3,4.0,2.575,4,64,0.0625
PHI,Boston Scott,16.0,3 Step,12.200000000000001,6,12,30.200000000000006,16.0,1.8875000000000004,17,24,0.7083333333333334
PHI,Boston Scott,7.0,5 Step,1.6,0,3,4.6,7.0,0.6571428571428571,7,24,0.2916666666666667
HOU,Brandin Cooks,23.0,0/1 Step,19.7,6,18,43.70000000000002,23.0,1.9000000000000008,23,102,0.22549019607843138
HOU,Brandin Cooks,41.0,3 Step,33.300000000000004,6,26,65.30000000000001,41.0,1.5926829268292686,42,102,0.4117647058823529
HOU,Brandin Cooks,28.0,5 Step,33.9,12,20,65.9,28.0,2.3535714285714286,30,102,0.29411764705882354
HOU,Brandin Cooks,6.0,7 Step,7.4,6,4,17.4,6.0,2.9,7,102,0.06862745098039216
SF,Brandon Aiyuk,36.0,0/1 Step,18.5,18,20,56.50000000000001,36.0,1.5694444444444446,38,86,0.4418604651162791
SF,Brandon Aiyuk,31.0,3 Step,35.300000000000004,12,21,68.3,31.0,2.203225806451613,32,86,0.37209302325581395
SF,Brandon Aiyuk,10.0,5 Step,7.300000000000001,0,5,12.3,10.0,1.23,10,86,0.11627906976744186
SF,Brandon Aiyuk,6.0,7 Step,4.800000000000001,0,3,7.8,6.0,1.3,6,86,0.06976744186046512
LAR,Brandon Powell,9.0,0/1 Step,4.8,6,8,18.8,9.0,2.088888888888889,9,9,1.0
NYJ,Braxton Berrios,11.0,0/1 Step,4.4,0,11,15.4,11.0,1.4000000000000001,11,49,0.22448979591836735
NYJ,Braxton Berrios,29.0,3 Step,17.4,0,16,33.400000000000006,29.0,1.1517241379310348,29,49,0.5918367346938775
NYJ,Braxton Berrios,9.0,5 Step,7.6,12,4,23.6,9.0,2.6222222222222222,9,49,0.1836734693877551
TB,Breshad Perriman,11.0,0/1 Step,3.4000000000000004,0,6,9.400000000000002,11.0,0.8545454545454547,11,59,0.1864406779661017
TB,Breshad Perriman,28.0,3 Step,18.700000000000003,12,11,41.70000000000001,28.0,1.4892857142857145,30,59,0.5084745762711864
TB,Breshad Perriman,9.0,5 Step,8.8,0,4,12.8,9.0,1.4222222222222223,9,59,0.15254237288135594
TB,Breshad Perriman,8.0,7 Step,18.0,6,6,30.000000000000004,8.0,3.7500000000000004,9,59,0.15254237288135594
CHI,Byron Pringle,5.0,5 Step,8.5,0,5,13.5,5.0,2.7,11,12,0.9166666666666666
CHI,Byron Pringle,1.0,7 Step,0.2,0,1,1.2,1.0,1.2,1,12,0.08333333333333333
MIN,C.J. Ham,4.0,7 Step,1.3,0,2,3.3,4.0,0.825,4,4,1.0
LAR,Cam Akers,3.0,7 Step,1.8,0,2,3.8000000000000003,3.0,1.2666666666666668,3,3,1.0
WAS,Cam Sims,11.0,0/1 Step,13.500000000000002,0,10,23.499999999999996,11.0,2.1363636363636362,11,57,0.19298245614035087
WAS,Cam Sims,20.0,3 Step,16.6,6,11,33.6,20.0,1.6800000000000002,26,57,0.45614035087719296
WAS,Cam Sims,6.0,5 Step,19.5,0,10,29.500000000000004,6.0,4.916666666666667,13,57,0.22807017543859648
WAS,Cam Sims,7.0,7 Step,6.5,0,4,10.5,7.0,1.5,7,57,0.12280701754385964
TB,Cameron Brate,13.0,0/1 Step,11.100000000000001,12,13,36.1,13.0,2.776923076923077,17,46,0.3695652173913043
TB,Cameron Brate,15.0,3 Step,21.700000000000003,0,19,40.70000000000001,15.0,2.713333333333334,24,46,0.5217391304347826
TB,Cameron Brate,2.0,7 Step,9.5,0,5,14.5,2.0,7.25,5,46,0.10869565217391304
DAL,CeeDee Lamb,25.0,0/1 Step,22.900000000000002,12,20,54.900000000000006,25.0,2.196,25,100,0.25
DAL,CeeDee Lamb,64.0,3 Step,53.9,18,39,110.90000000000003,64.0,1.7328125000000005,66,100,0.66
DAL,CeeDee Lamb,7.0,5 Step,7.300000000000001,0,3,10.3,7.0,1.4714285714285715,7,100,0.07
DAL,CeeDee Lamb,2.0,7 Step,2.0,0,1,3.0,2.0,1.5,2,100,0.02
HOU,Chad Beebe,20.0,3 Step,15.200000000000001,12,13,40.2,20.0,2.0100000000000002,21,21,1.0
PIT,Chase Claypool,36.0,0/1 Step,17.000000000000004,18,27,61.999999999999986,36.0,1.7222222222222219,39,125,0.312
PIT,Chase Claypool,68.0,3 Step,63.49999999999999,48,37,148.5,68.0,2.1838235294117645,79,125,0.632
PIT,Chase Claypool,7.0,5 Step,3.0,0,1,4.0,7.0,0.5714285714285714,7,125,0.056
MIA,Chase Edmonds,15.0,0/1 Step,10.3,0,13,23.299999999999997,15.0,1.5533333333333332,16,67,0.23880597014925373
MIA,Chase Edmonds,23.0,3 Step,12.9,12,18,42.900000000000006,23.0,1.8652173913043482,24,67,0.3582089552238806
MIA,Chase Edmonds,24.0,5 Step,15.800000000000002,6,21,42.8,24.0,1.7833333333333332,25,67,0.373134328358209
MIA,Chase Edmonds,2.0,7 Step,1.5,0,1,2.5,2.0,1.25,2,67,0.029850746268656716
SEA,Chris Carson,15.0,0/1 Step,8.4,0,16,24.400000000000002,15.0,1.6266666666666667,17,34,0.5
SEA,Chris Carson,13.0,3 Step,10.200000000000001,6,11,27.2,13.0,2.0923076923076924,15,34,0.4411764705882353
SEA,Chris Carson,2.0,7 Step,0.4,0,1,1.4,2.0,0.7,2,34,0.058823529411764705
HOU,Chris Conley,8.0,0/1 Step,3.8000000000000003,0,6,9.799999999999999,8.0,1.2249999999999999,9,56,0.16071428571428573
HOU,Chris Conley,29.0,3 Step,25.5,12,19,56.5,29.0,1.9482758620689655,29,56,0.5178571428571429
HOU,Chris Conley,15.0,5 Step,8.400000000000002,0,7,15.400000000000002,15.0,1.0266666666666668,15,56,0.26785714285714285
HOU,Chris Conley,3.0,7 Step,5.1000000000000005,0,1,6.1000000000000005,3.0,2.0333333333333337,3,56,0.05357142857142857
TB,Chris Godwin,24.0,0/1 Step,26.500000000000004,12,31,69.50000000000001,24.0,2.895833333333334,37,109,0.3394495412844037
TB,Chris Godwin,28.0,3 Step,23.200000000000003,6,20,49.2,28.0,1.7571428571428573,36,109,0.3302752293577982
TB,Chris Godwin,15.0,5 Step,31.300000000000004,6,15,52.300000000000004,15.0,3.486666666666667,24,109,0.22018348623853212
TB,Chris Godwin,8.0,7 Step,21.7,18,8,47.7,8.0,5.9625,12,109,0.11009174311926606
JAX,Christian Kirk,15.0,0/1 Step,10.299999999999999,12,13,35.3,15.0,2.353333333333333,16,69,0.2318840579710145
JAX,Christian Kirk,26.0,3 Step,23.799999999999997,12,18,53.800000000000004,26.0,2.0692307692307694,26,69,0.37681159420289856
JAX,Christian Kirk,27.0,5 Step,19.599999999999998,6,11,36.599999999999994,27.0,1.3555555555555554,27,69,0.391304347826087
KC,Clyde Edwards-Helaire,14.0,0/1 Step,10.3,0,12,22.3,14.0,1.592857142857143,16,52,0.3076923076923077
KC,Clyde Edwards-Helaire,23.0,3 Step,13.200000000000001,6,16,35.199999999999996,23.0,1.5304347826086955,29,52,0.5576923076923077
KC,Clyde Edwards-Helaire,5.0,5 Step,3.7,0,3,6.7,5.0,1.34,5,52,0.09615384615384616
KC,Clyde Edwards-Helaire,2.0,7 Step,3.0,0,2,5.0,2.0,2.5,2,52,0.038461538461538464
CHI,Cole Kmet,14.0,0/1 Step,10.500000000000002,6,12,28.500000000000007,14.0,2.035714285714286,16,21,0.7619047619047619
CHI,Cole Kmet,5.0,5 Step,0.6000000000000001,0,2,2.5999999999999996,5.0,0.5199999999999999,5,21,0.23809523809523808
NYG,Collin Johnson,11.0,3 Step,5.5,0,6,11.5,11.0,1.0454545454545454,11,27,0.4074074074074074
NYG,Collin Johnson,11.0,5 Step,17.8,12,8,37.800000000000004,11.0,3.436363636363637,12,27,0.4444444444444444
NYG,Collin Johnson,4.0,7 Step,2.7,0,2,4.7,4.0,1.175,4,27,0.14814814814814814
LAR,Cooper Kupp,23.0,0/1 Step,11.800000000000002,0,20,31.800000000000004,23.0,1.3826086956521741,23,120,0.19166666666666668
LAR,Cooper Kupp,61.0,3 Step,63.800000000000004,6,48,117.8,61.0,1.9311475409836065,70,120,0.5833333333333334
LAR,Cooper Kupp,11.0,5 Step,6.6,0,5,11.6,11.0,1.0545454545454545,13,120,0.10833333333333334
LAR,Cooper Kupp,12.0,7 Step,15.0,6,10,31.000000000000004,12.0,2.5833333333333335,14,120,0.11666666666666667
ATL,Cordarrelle Patterson,10.0,0/1 Step,4.8999999999999995,0,8,12.9,10.0,1.29,10,10,1.0
NYJ,Corey Davis,25.0,0/1 Step,25.900000000000002,12,24,61.90000000000001,25.0,2.4760000000000004,26,91,0.2857142857142857
NYJ,Corey Davis,34.0,3 Step,29.9,6,22,57.89999999999999,34.0,1.702941176470588,39,91,0.42857142857142855
NYJ,Corey Davis,23.0,5 Step,31.5,6,16,53.49999999999999,23.0,2.326086956521739,22,91,0.24175824175824176
NYJ,Corey Davis,4.0,7 Step,9.9,6,2,17.9,4.0,4.475,4,91,0.04395604395604396
WAS,Curtis Samuel,29.0,0/1 Step,14.200000000000003,6,23,43.199999999999996,29.0,1.489655172413793,29,83,0.3493975903614458
WAS,Curtis Samuel,25.0,3 Step,22.1,0,18,40.10000000000001,25.0,1.6040000000000003,25,83,0.30120481927710846
WAS,Curtis Samuel,23.0,5 Step,31.4,6,18,55.400000000000006,23.0,2.4086956521739133,24,83,0.2891566265060241
WAS,Curtis Samuel,4.0,7 Step,9.200000000000001,0,4,13.200000000000001,4.0,3.3000000000000003,5,83,0.060240963855421686
DET,D'Andre Swift,8.0,0/1 Step,5.700000000000001,0,7,12.7,8.0,1.5875,8,49,0.16326530612244897
DET,D'Andre Swift,28.0,3 Step,17.100000000000005,6,22,45.10000000000001,28.0,1.610714285714286,28,49,0.5714285714285714
DET,D'Andre Swift,10.0,5 Step,6.0,6,8,20.0,10.0,2.0,11,49,0.22448979591836735
DET,D'Andre Swift,2.0,7 Step,0.5,0,1,1.5,2.0,0.75,2,49,0.04081632653061224
CAR,DJ Moore,30.0,0/1 Step,23.3,12,20,55.3,30.0,1.8433333333333333,31,112,0.2767857142857143
CAR,DJ Moore,40.0,3 Step,43.999999999999986,6,22,72.00000000000001,40.0,1.8000000000000003,42,112,0.375
CAR,DJ Moore,31.0,5 Step,37.400000000000006,6,16,59.400000000000006,31.0,1.9161290322580646,31,112,0.2767857142857143
CAR,DJ Moore,8.0,7 Step,11.600000000000001,0,5,16.6,8.0,2.075,8,112,0.07142857142857142
SEA,DK Metcalf,50.0,0/1 Step,42.29999999999999,24,37,103.30000000000001,50.0,2.0660000000000003,53,136,0.3897058823529412
SEA,DK Metcalf,34.0,3 Step,45.10000000000001,24,23,92.10000000000002,34.0,2.7088235294117653,40,136,0.29411764705882354
SEA,DK Metcalf,25.0,5 Step,39.800000000000004,12,15,66.80000000000001,25.0,2.6720000000000006,30,136,0.22058823529411764
SEA,DK Metcalf,12.0,7 Step,13.600000000000003,6,7,26.6,12.0,2.216666666666667,13,136,0.09558823529411764
PHI,Dallas Goedert,22.0,0/1 Step,19.2,6,16,41.2,22.0,1.8727272727272728,22,55,0.4
PHI,Dallas Goedert,26.0,3 Step,15.0,12,16,43.0,26.0,1.6538461538461537,27,55,0.4909090909090909
PHI,Dallas Goedert,6.0,5 Step,8.3,0,5,13.3,6.0,2.216666666666667,6,55,0.10909090909090909
DAL,Dalton Schultz,19.0,0/1 Step,10.399999999999999,6,14,30.4,19.0,1.5999999999999999,19,68,0.27941176470588236
DAL,Dalton Schultz,45.0,3 Step,29.399999999999995,12,30,71.4,45.0,1.586666666666667,47,68,0.6911764705882353
DAL,Dalton Schultz,2.0,7 Step,1.7000000000000002,0,2,3.7,2.0,1.85,2,68,0.029411764705882353
MIN,Dalvin Cook,19.0,3 Step,11.6,0,16,27.6,19.0,1.4526315789473685,21,33,0.6363636363636364
MIN,Dalvin Cook,8.0,5 Step,5.8,0,7,12.8,8.0,1.6,8,33,0.24242424242424243
MIN,Dalvin Cook,4.0,7 Step,1.3,0,2,3.3,4.0,0.825,4,33,0.12121212121212122
ATL,Damiere Byrd,20.0,0/1 Step,14.599999999999998,0,15,29.6,20.0,1.48,20,71,0.28169014084507044
ATL,Damiere Byrd,21.0,3 Step,16.7,0,13,29.700000000000003,21.0,1.4142857142857144,21,71,0.29577464788732394
ATL,Damiere Byrd,24.0,5 Step,24.5,6,12,42.49999999999999,24.0,1.770833333333333,24,71,0.3380281690140845
ATL,Damiere Byrd,5.0,7 Step,2.8,0,2,4.8,5.0,0.96,6,71,0.08450704225352113
JAX,Dan Arnold,15.0,3 Step,17.7,12,10,39.69999999999999,15.0,2.646666666666666,18,37,0.4864864864864865
JAX,Dan Arnold,20.0,5 Step,19.7,6,13,38.7,20.0,1.935,19,37,0.5135135135135135
NYG,Darius Slayton,29.0,0/1 Step,18.1,6,16,40.10000000000001,29.0,1.3827586206896554,29,88,0.32954545454545453
NYG,Darius Slayton,36.0,3 Step,38.900000000000006,12,21,71.89999999999999,36.0,1.997222222222222,39,88,0.4431818181818182
NYG,Darius Slayton,10.0,5 Step,6.7,0,5,11.7,10.0,1.17,11,88,0.125
NYG,Darius Slayton,8.0,7 Step,7.1000000000000005,6,3,16.1,8.0,2.0125,9,88,0.10227272727272728
CHI,Darnell Mooney,19.0,0/1 Step,9.4,6,15,30.400000000000006,19.0,1.6000000000000003,19,69,0.2753623188405797
CHI,Darnell Mooney,28.0,3 Step,15.699999999999998,6,12,33.699999999999996,28.0,1.2035714285714285,30,69,0.43478260869565216
CHI,Darnell Mooney,15.0,5 Step,13.8,0,8,21.8,15.0,1.4533333333333334,15,69,0.21739130434782608
CHI,Darnell Mooney,5.0,7 Step,3.8000000000000003,0,2,5.800000000000001,5.0,1.1600000000000001,5,69,0.07246376811594203
ARI,Darrel Williams,15.0,3 Step,8.5,0,14,22.5,15.0,1.5,22,23,0.9565217391304348
ARI,Darrel Williams,1.0,7 Step,1.2000000000000002,0,1,2.2,1.0,2.2,1,23,0.043478260869565216
LV,Darren Waller,35.0,0/1 Step,27.8,18,25,70.80000000000001,35.0,2.022857142857143,37,119,0.31092436974789917
LV,Darren Waller,53.0,3 Step,49.2,12,39,100.20000000000003,53.0,1.8905660377358497,56,119,0.47058823529411764
LV,Darren Waller,16.0,5 Step,19.1,12,11,42.099999999999994,16.0,2.6312499999999996,16,119,0.13445378151260504
LV,Darren Waller,10.0,7 Step,5.300000000000001,0,4,9.3,10.0,0.93,10,119,0.08403361344537816
LV,Davante Adams,29.0,0/1 Step,29.900000000000006,12,28,69.9,29.0,2.410344827586207,34,135,0.2518518518518518
LV,Davante Adams,54.0,3 Step,53.400000000000006,42,43,138.39999999999998,54.0,2.5629629629629624,62,135,0.45925925925925926
LV,Davante Adams,24.0,5 Step,28.700000000000003,24,17,69.69999999999999,24.0,2.9041666666666663,30,135,0.2222222222222222
LV,Davante Adams,9.0,7 Step,14.2,6,7,27.2,9.0,3.022222222222222,9,135,0.06666666666666667
CHI,David Montgomery,18.0,0/1 Step,8.5,6,15,29.5,18.0,1.6388888888888888,19,62,0.3064516129032258
CHI,David Montgomery,28.0,3 Step,18.200000000000003,0,22,40.2,28.0,1.4357142857142857,30,62,0.4838709677419355
CHI,David Montgomery,10.0,5 Step,11.100000000000001,6,8,25.099999999999998,10.0,2.51,10,62,0.16129032258064516
CHI,David Montgomery,3.0,7 Step,3.0,0,3,6.0,3.0,2.0,3,62,0.04838709677419355
CHI,David Moore,22.0,0/1 Step,8.2,12,15,35.2,22.0,1.6,22,31,0.7096774193548387
CHI,David Moore,9.0,5 Step,16.1,6,6,28.1,9.0,3.1222222222222222,9,31,0.2903225806451613
CLE,David Njoku,10.0,0/1 Step,7.300000000000002,0,8,15.300000000000002,10.0,1.5300000000000002,11,11,1.0
BUF,Dawson Knox,11.0,0/1 Step,5.800000000000001,6,5,16.800000000000004,11.0,1.5272727272727276,11,48,0.22916666666666666
BUF,Dawson Knox,15.0,3 Step,12.200000000000001,6,11,29.199999999999996,15.0,1.9466666666666663,20,48,0.4166666666666667
BUF,Dawson Knox,8.0,5 Step,7.200000000000001,0,7,14.2,8.0,1.775,10,48,0.20833333333333334
BUF,Dawson Knox,5.0,7 Step,2.7,0,1,3.7,5.0,0.74,7,48,0.14583333333333334
NE,DeVante Parker,23.0,0/1 Step,14.8,0,13,27.800000000000008,23.0,1.2086956521739134,24,95,0.25263157894736843
NE,DeVante Parker,64.0,3 Step,50.0,12,38,100.00000000000001,64.0,1.5625000000000002,64,95,0.6736842105263158
NE,DeVante Parker,7.0,5 Step,8.9,0,5,13.9,7.0,1.9857142857142858,7,95,0.07368421052631578
SF,Deebo Samuel,24.0,0/1 Step,26.9,6,20,52.89999999999999,24.0,2.204166666666666,24,24,1.0
LV,Demarcus Robinson,11.0,0/1 Step,9.700000000000001,0,12,21.700000000000003,11.0,1.9727272727272729,14,54,0.25925925925925924
LV,Demarcus Robinson,21.0,3 Step,19.1,0,17,36.099999999999994,21.0,1.7190476190476187,24,54,0.4444444444444444
LV,Demarcus Robinson,13.0,5 Step,10.900000000000002,12,9,31.900000000000002,13.0,2.453846153846154,16,54,0.2962962962962963
NYJ,Denzel Mims,24.0,3 Step,14.7,0,10,24.7,24.0,1.0291666666666666,26,42,0.6190476190476191
NYJ,Denzel Mims,8.0,5 Step,8.7,0,4,12.7,8.0,1.5875,8,42,0.19047619047619047
NYJ,Denzel Mims,7.0,7 Step,5.9,0,3,8.9,7.0,1.2714285714285716,8,42,0.19047619047619047
TEN,Derrick Henry,8.0,0/1 Step,2.4000000000000004,0,6,8.4,8.0,1.05,8,23,0.34782608695652173
TEN,Derrick Henry,9.0,5 Step,2.8000000000000003,0,5,7.799999999999999,9.0,0.8666666666666666,10,23,0.43478260869565216
TEN,Derrick Henry,4.0,7 Step,5.900000000000001,0,3,8.900000000000002,4.0,2.2250000000000005,5,23,0.21739130434782608
NE,Devin Asiasi,2.0,7 Step,0.0,0,0,0.0,2.0,0.0,2,2,1.0
BAL,Devin Duvernay,9.0,0/1 Step,5.7,0,8,13.700000000000001,9.0,1.5222222222222224,9,9,1.0
BUF,Devin Singletary,19.0,0/1 Step,11.5,0,19,30.5,19.0,1.605263157894737,24,42,0.5714285714285714
BUF,Devin Singletary,12.0,3 Step,9.5,0,13,22.500000000000004,12.0,1.8750000000000002,16,42,0.38095238095238093
BUF,Devin Singletary,2.0,7 Step,4.300000000000001,0,2,6.300000000000001,2.0,3.1500000000000004,2,42,0.047619047619047616
PIT,Diontae Johnson,49.0,0/1 Step,28.299999999999997,18,36,82.30000000000003,49.0,1.6795918367346945,53,148,0.3581081081081081
PIT,Diontae Johnson,70.0,3 Step,56.00000000000001,30,43,128.99999999999997,70.0,1.8428571428571425,80,148,0.5405405405405406
PIT,Diontae Johnson,8.0,5 Step,9.5,0,8,17.5,8.0,2.1875,12,148,0.08108108108108109
PIT,Diontae Johnson,3.0,7 Step,0.0,0,0,0.0,3.0,0.0,3,148,0.02027027027027027
CIN,Drew Sample,18.0,0/1 Step,13.600000000000003,6,15,34.599999999999994,18.0,1.9222222222222218,18,45,0.4
CIN,Drew Sample,18.0,3 Step,10.200000000000001,0,11,21.2,18.0,1.1777777777777778,19,45,0.4222222222222222
CIN,Drew Sample,7.0,5 Step,4.700000000000001,0,5,9.700000000000001,7.0,1.385714285714286,8,45,0.17777777777777778
CHI,Equanimeous St. Brown,3.0,7 Step,5.1000000000000005,0,2,7.1000000000000005,3.0,2.3666666666666667,4,4,1.0
JAX,Evan Engram,50.0,0/1 Step,30.6,12,33,75.60000000000001,50.0,1.5120000000000002,52,101,0.5148514851485149
JAX,Evan Engram,42.0,3 Step,29.4,0,24,53.39999999999999,42.0,1.2714285714285711,45,101,0.44554455445544555
JAX,Evan Engram,4.0,7 Step,1.2000000000000002,0,1,2.2,4.0,0.55,4,101,0.039603960396039604
DAL,Ezekiel Elliott,12.0,0/1 Step,2.5,6,8,16.5,12.0,1.375,12,61,0.19672131147540983
DAL,Ezekiel Elliott,36.0,3 Step,17.599999999999998,6,26,49.600000000000016,36.0,1.3777777777777782,37,61,0.6065573770491803
DAL,Ezekiel Elliott,10.0,5 Step,5.400000000000001,0,7,12.400000000000002,10.0,1.2400000000000002,10,61,0.16393442622950818
DAL,Ezekiel Elliott,2.0,7 Step,1.5,0,2,3.5,2.0,1.75,2,61,0.03278688524590164
LV,Foster Moreau,7.0,5 Step,7.1000000000000005,6,5,18.099999999999998,7.0,2.5857142857142854,7,7,1.0
SEA,Freddie Swain,7.0,0/1 Step,7.5,6,5,18.5,7.0,2.642857142857143,8,8,1.0
LAC,Gabe Nabers,2.0,7 Step,0.9,0,1,1.9,2.0,0.95,2,2,1.0
BUF,Gabriel Davis,23.0,0/1 Step,17.200000000000003,18,14,49.199999999999996,23.0,2.1391304347826083,25,69,0.36231884057971014
BUF,Gabriel Davis,22.0,3 Step,37.00000000000001,12,18,67.0,22.0,3.0454545454545454,30,69,0.43478260869565216
BUF,Gabriel Davis,6.0,5 Step,3.7,0,3,6.700000000000001,6.0,1.116666666666667,9,69,0.13043478260869565
BUF,Gabriel Davis,3.0,7 Step,8.200000000000001,12,2,22.200000000000003,3.0,7.400000000000001,5,69,0.07246376811594203
SF,George Kittle,22.0,0/1 Step,19.3,6,16,41.3,22.0,1.8772727272727272,22,53,0.41509433962264153
SF,George Kittle,21.0,3 Step,29.0,6,17,52.0,21.0,2.4761904761904763,21,53,0.39622641509433965
SF,George Kittle,6.0,5 Step,4.0,0,4,8.0,6.0,1.3333333333333333,7,53,0.1320754716981132
SF,George Kittle,3.0,7 Step,1.4000000000000001,0,1,2.4000000000000004,3.0,0.8000000000000002,3,53,0.05660377358490566
LAC,Gerald Everett,9.0,0/1 Step,6.3,0,7,13.3,9.0,1.4777777777777779,9,49,0.1836734693877551
LAC,Gerald Everett,29.0,3 Step,18.9,6,15,39.9,29.0,1.3758620689655172,32,49,0.6530612244897959
LAC,Gerald Everett,7.0,5 Step,5.300000000000001,0,5,10.3,7.0,1.4714285714285715,8,49,0.16326530612244897
PHI,Greg Ward,26.0,0/1 Step,10.8,0,16,26.8,26.0,1.0307692307692309,26,57,0.45614035087719296
PHI,Greg Ward,21.0,3 Step,16.900000000000006,24,14,54.90000000000001,21.0,2.6142857142857148,23,57,0.40350877192982454
PHI,Greg Ward,8.0,5 Step,3.3000000000000003,0,3,6.300000000000001,8.0,0.7875000000000001,8,57,0.14035087719298245
CLE,Harrison Bryant,19.0,3 Step,7.300000000000001,12,9,28.299999999999997,19.0,1.489473684210526,20,25,0.8
CLE,Harrison Bryant,5.0,7 Step,6.0,0,4,10.0,5.0,2.0,5,25,0.2
CIN,Hayden Hurst,13.0,0/1 Step,2.8000000000000003,0,3,5.800000000000001,13.0,0.44615384615384623,14,85,0.16470588235294117
CIN,Hayden Hurst,45.0,3 Step,27.9,12,31,70.9,45.0,1.5755555555555556,46,85,0.5411764705882353
CIN,Hayden Hurst,17.0,5 Step,15.200000000000001,12,12,39.199999999999996,17.0,2.3058823529411763,19,85,0.2235294117647059
CIN,Hayden Hurst,4.0,7 Step,2.1,0,3,5.1,4.0,1.275,6,85,0.07058823529411765
NE,Hunter Henry,20.0,0/1 Step,12.200000000000001,6,16,34.2,20.0,1.7100000000000002,20,84,0.23809523809523808
NE,Hunter Henry,38.0,3 Step,26.2,6,24,56.2,38.0,1.4789473684210528,39,84,0.4642857142857143
NE,Hunter Henry,16.0,5 Step,12.0,0,10,22.0,16.0,1.375,17,84,0.20238095238095238
NE,Hunter Henry,8.0,7 Step,3.2,0,3,6.2,8.0,0.775,8,84,0.09523809523809523
LV,Hunter Renfrow,23.0,0/1 Step,12.600000000000001,6,16,34.6,23.0,1.5043478260869565,26,69,0.37681159420289856
LV,Hunter Renfrow,25.0,3 Step,24.8,0,19,43.8,25.0,1.7519999999999998,27,69,0.391304347826087
LV,Hunter Renfrow,16.0,5 Step,20.299999999999997,6,11,37.3,16.0,2.33125,16,69,0.2318840579710145
CAR,Ian Thomas,13.0,0/1 Step,8.700000000000001,0,11,19.7,13.0,1.5153846153846153,13,21,0.6190476190476191
CAR,Ian Thomas,7.0,5 Step,1.0,0,2,3.0,7.0,0.42857142857142855,7,21,0.3333333333333333
CAR,Ian Thomas,1.0,7 Step,1.5,0,1,2.5,1.0,2.5,1,21,0.047619047619047616
BUF,Isaiah McKenzie,20.0,0/1 Step,16.7,30,18,64.7,20.0,3.2350000000000003,20,20,1.0
WAS,J.D. McKissic,27.0,0/1 Step,13.200000000000001,0,23,36.2,27.0,1.3407407407407408,27,105,0.2571428571428571
WAS,J.D. McKissic,46.0,3 Step,25.4,0,35,60.400000000000006,46.0,1.3130434782608698,49,105,0.4666666666666667
WAS,J.D. McKissic,23.0,5 Step,17.400000000000006,6,18,41.4,23.0,1.8,25,105,0.23809523809523808
WAS,J.D. McKissic,4.0,7 Step,1.2000000000000002,0,2,3.2,4.0,0.8,4,105,0.0380952380952381
LV,Jacob Hollister,8.0,0/1 Step,5.200000000000001,0,5,10.200000000000001,8.0,1.2750000000000001,11,27,0.4074074074074074
LV,Jacob Hollister,12.0,3 Step,9.200000000000001,12,8,29.2,12.0,2.433333333333333,12,27,0.4444444444444444
LV,Jacob Hollister,3.0,7 Step,0.4,0,1,1.4,3.0,0.4666666666666666,4,27,0.14814814814814814
LV,Jakob Johnson,3.0,7 Step,1.8000000000000003,0,2,3.8000000000000003,3.0,1.2666666666666668,3,3,1.0
NE,Jakobi Meyers,14.0,0/1 Step,11.799999999999999,0,10,21.8,14.0,1.5571428571428572,14,80,0.175
NE,Jakobi Meyers,31.0,3 Step,28.200000000000003,0,26,54.19999999999999,31.0,1.7483870967741932,34,80,0.425
NE,Jakobi Meyers,23.0,5 Step,28.800000000000008,0,17,45.8,23.0,1.9913043478260868,26,80,0.325
NE,Jakobi Meyers,6.0,7 Step,4.1,0,2,6.1,6.0,1.0166666666666666,6,80,0.075
LAC,Jalen Guyton,17.0,3 Step,7.500000000000001,0,7,14.5,17.0,0.8529411764705882,18,55,0.32727272727272727
LAC,Jalen Guyton,22.0,5 Step,27.700000000000006,12,14,53.699999999999996,22.0,2.440909090909091,26,55,0.4727272727272727
LAC,Jalen Guyton,11.0,7 Step,19.400000000000002,6,6,31.400000000000002,11.0,2.854545454545455,11,55,0.2
PHI,Jalen Reagor,22.0,0/1 Step,11.5,0,15,26.5,22.0,1.2045454545454546,23,53,0.4339622641509434
PHI,Jalen Reagor,22.0,3 Step,14.6,0,9,23.6,22.0,1.0727272727272728,23,53,0.4339622641509434
PHI,Jalen Reagor,7.0,5 Step,13.3,0,6,19.3,7.0,2.757142857142857,7,53,0.1320754716981132
DET,Jamaal Williams,16.0,3 Step,10.2,6,18,34.2,16.0,2.1375,19,27,0.7037037037037037
DET,Jamaal Williams,6.0,5 Step,8.9,0,8,16.900000000000002,6.0,2.816666666666667,8,27,0.2962962962962963
JAX,Jamal Agnew,2.0,7 Step,2.0,0,1,3.0,2.0,1.5,2,2,1.0
ARI,James Conner,7.0,0/1 Step,1.9000000000000004,0,6,7.8999999999999995,7.0,1.1285714285714286,7,34,0.20588235294117646
ARI,James Conner,20.0,3 Step,12.7,0,20,32.7,20.0,1.6350000000000002,24,34,0.7058823529411765
ARI,James Conner,3.0,7 Step,3.1,0,2,5.1,3.0,1.7,3,34,0.08823529411764706
CHI,James O'Shaughnessy,17.0,3 Step,13.000000000000002,0,12,25.0,17.0,1.4705882352941178,17,28,0.6071428571428571
CHI,James O'Shaughnessy,6.0,5 Step,4.7,0,6,10.7,6.0,1.7833333333333332,6,28,0.21428571428571427
CHI,James O'Shaughnessy,4.0,7 Step,2.5,0,3,5.5,4.0,1.375,5,28,0.17857142857142858
JAX,James Robinson,9.0,0/1 Step,6.9,0,9,15.9,9.0,1.7666666666666666,9,52,0.17307692307692307
JAX,James Robinson,23.0,3 Step,12.200000000000003,12,18,42.2,23.0,1.8347826086956522,23,52,0.4423076923076923
JAX,James Robinson,16.0,5 Step,10.500000000000002,6,14,30.5,16.0,1.90625,16,52,0.3076923076923077
JAX,James Robinson,4.0,7 Step,3.6,0,3,6.6,4.0,1.65,4,52,0.07692307692307693
DAL,James Washington,11.0,0/1 Step,10.4,12,8,30.399999999999995,11.0,2.7636363636363632,12,53,0.22641509433962265
DAL,James Washington,28.0,3 Step,24.6,18,16,58.6,28.0,2.092857142857143,32,53,0.6037735849056604
DAL,James Washington,7.0,5 Step,7.1000000000000005,0,5,12.100000000000001,7.0,1.7285714285714289,8,53,0.1509433962264151
DAL,James Washington,1.0,7 Step,0.0,0,0,0.0,1.0,0.0,1,53,0.018867924528301886
BUF,Jamison Crowder,24.0,0/1 Step,22.0,18,19,59.0,24.0,2.4583333333333335,25,84,0.2976190476190476
BUF,Jamison Crowder,46.0,3 Step,31.400000000000002,6,29,66.4,46.0,1.4434782608695653,45,84,0.5357142857142857
BUF,Jamison Crowder,10.0,5 Step,7.000000000000001,12,5,24.0,10.0,2.4,11,84,0.13095238095238096
BUF,Jamison Crowder,3.0,7 Step,6.2,0,2,8.2,3.0,2.733333333333333,3,84,0.03571428571428571
NO,Jarvis Landry,16.0,0/1 Step,12.8,0,20,32.8,16.0,2.05,22,95,0.23157894736842105
NO,Jarvis Landry,35.0,3 Step,33.9,6,26,65.9,35.0,1.882857142857143,43,95,0.45263157894736844
NO,Jarvis Landry,18.0,5 Step,16.1,12,13,41.1,18.0,2.283333333333333,20,95,0.21052631578947367
NO,Jarvis Landry,7.0,7 Step,10.8,12,8,30.799999999999997,7.0,4.3999999999999995,10,95,0.10526315789473684
NYJ,Jeff Smith,7.0,0/1 Step,3.3,0,5,8.3,7.0,1.1857142857142857,7,38,0.18421052631578946
NYJ,Jeff Smith,18.0,3 Step,6.700000000000001,0,7,13.700000000000001,18.0,0.7611111111111112,18,38,0.47368421052631576
NYJ,Jeff Smith,8.0,5 Step,1.8000000000000003,0,2,3.8000000000000003,8.0,0.47500000000000003,8,38,0.21052631578947367
NYJ,Jeff Smith,5.0,7 Step,4.9,0,3,7.9,5.0,1.58,5,38,0.13157894736842105
KC,Jerick McKinnon,12.0,0/1 Step,9.600000000000001,6,10,25.599999999999998,12.0,2.1333333333333333,13,44,0.29545454545454547
KC,Jerick McKinnon,25.0,3 Step,12.0,6,17,35.00000000000001,25.0,1.4000000000000004,26,44,0.5909090909090909
KC,Jerick McKinnon,5.0,5 Step,2.5,0,3,5.5,5.0,1.1,5,44,0.11363636363636363
DEN,Jerry Jeudy,23.0,0/1 Step,9.2,0,9,18.2,23.0,0.7913043478260869,23,103,0.22330097087378642
DEN,Jerry Jeudy,58.0,3 Step,47.5,12,26,85.50000000000001,58.0,1.474137931034483,61,103,0.5922330097087378
DEN,Jerry Jeudy,17.0,5 Step,16.6,6,8,30.6,17.0,1.8,17,103,0.1650485436893204
DEN,Jerry Jeudy,2.0,7 Step,0.0,0,0,0.0,2.0,0.0,2,103,0.019417475728155338
CIN,Joe Mixon,7.0,0/1 Step,3.9000000000000004,6,6,15.9,7.0,2.2714285714285714,7,7,1.0
PHI,John Hightower,8.0,0/1 Step,1.8000000000000003,0,4,5.800000000000001,8.0,0.7250000000000001,9,32,0.28125
PHI,John Hightower,15.0,3 Step,9.9,0,5,14.9,15.0,0.9933333333333334,15,32,0.46875
PHI,John Hightower,5.0,5 Step,0.0,0,0,0.0,5.0,0.0,5,32,0.15625
PHI,John Hightower,3.0,7 Step,5.0,0,1,6.0,3.0,2.0,3,32,0.09375
IND,Jonathan Taylor,7.0,0/1 Step,4.9,0,6,10.9,7.0,1.5571428571428572,8,36,0.2222222222222222
IND,Jonathan Taylor,13.0,3 Step,8.0,0,10,18.0,13.0,1.3846153846153846,13,36,0.3611111111111111
IND,Jonathan Taylor,6.0,5 Step,8.9,6,8,22.900000000000002,6.0,3.816666666666667,8,36,0.2222222222222222
IND,Jonathan Taylor,6.0,7 Step,3.7,0,6,9.7,6.0,1.6166666666666665,7,36,0.19444444444444445
NE,Jonnu Smith,24.0,0/1 Step,17.000000000000004,6,17,40.0,24.0,1.6666666666666667,25,54,0.46296296296296297
NE,Jonnu Smith,25.0,3 Step,16.9,24,16,56.9,25.0,2.276,27,54,0.5
NE,Jonnu Smith,2.0,7 Step,0.1,6,1,7.1,2.0,3.55,2,54,0.037037037037037035
NYG,Jordan Akins,27.0,3 Step,21.700000000000003,6,20,47.699999999999996,27.0,1.7666666666666666,27,40,0.675
NYG,Jordan Akins,13.0,5 Step,13.000000000000002,0,10,23.0,13.0,1.7692307692307692,13,40,0.325
LV,Josh Jacobs,11.0,0/1 Step,4.1000000000000005,0,6,10.100000000000001,11.0,0.9181818181818183,11,44,0.25
LV,Josh Jacobs,19.0,3 Step,13.800000000000002,0,16,29.8,19.0,1.568421052631579,20,44,0.45454545454545453
LV,Josh Jacobs,8.0,5 Step,4.4,0,6,10.4,8.0,1.3,9,44,0.20454545454545456
LV,Josh Jacobs,4.0,7 Step,2.8000000000000003,0,3,5.800000000000001,4.0,1.4500000000000002,4,44,0.09090909090909091
DET,Josh Reynolds,8.0,0/1 Step,5.1,0,6,11.1,8.0,1.3875,9,74,0.12162162162162163
DET,Josh Reynolds,41.0,3 Step,36.50000000000001,6,28,70.5,41.0,1.7195121951219512,45,74,0.6081081081081081
DET,Josh Reynolds,13.0,5 Step,14.3,6,9,29.3,13.0,2.253846153846154,14,74,0.1891891891891892
DET,Josh Reynolds,6.0,7 Step,2.1,0,1,3.1,6.0,0.5166666666666667,6,74,0.08108108108108109
LAC,Joshua Kelley,5.0,5 Step,4.2,0,5,9.2,5.0,1.8399999999999999,6,8,0.75
LAC,Joshua Kelley,2.0,7 Step,1.1,0,2,3.1,2.0,1.55,2,8,0.25
KC,JuJu Smith-Schuster,34.0,0/1 Step,23.099999999999998,12,30,65.1,34.0,1.914705882352941,38,137,0.2773722627737226
KC,JuJu Smith-Schuster,61.0,3 Step,56.100000000000016,36,54,146.09999999999997,61.0,2.3950819672131143,75,137,0.5474452554744526
KC,JuJu Smith-Schuster,12.0,5 Step,12.700000000000001,6,11,29.700000000000003,12.0,2.475,20,137,0.145985401459854
KC,JuJu Smith-Schuster,4.0,7 Step,5.1,6,3,14.1,4.0,3.525,4,137,0.029197080291970802
MIN,Justin Jefferson,18.0,0/1 Step,15.900000000000002,0,13,28.899999999999995,18.0,1.6055555555555552,18,115,0.1565217391304348
MIN,Justin Jefferson,56.0,3 Step,67.4,24,39,130.4,56.0,2.3285714285714287,56,115,0.48695652173913045
MIN,Justin Jefferson,29.0,5 Step,34.099999999999994,12,20,66.10000000000001,29.0,2.2793103448275867,30,115,0.2608695652173913
MIN,Justin Jefferson,10.0,7 Step,16.4,0,6,22.400000000000002,10.0,2.24,11,115,0.09565217391304348
CLE,Kareem Hunt,6.0,0/1 Step,2.3000000000000003,6,4,12.3,6.0,2.0500000000000003,6,42,0.14285714285714285
CLE,Kareem Hunt,25.0,3 Step,17.2,24,20,61.2,25.0,2.448,28,42,0.6666666666666666
CLE,Kareem Hunt,6.0,5 Step,3.2,0,4,7.200000000000001,6.0,1.2000000000000002,6,42,0.14285714285714285
CLE,Kareem Hunt,2.0,7 Step,1.5,0,2,3.5,2.0,1.75,2,42,0.047619047619047616
TB,Ke'Shawn Vaughn,2.0,7 Step,0.0,0,0,0.0,2.0,0.0,2,2,1.0
SF,KeeSean Johnson,8.0,0/1 Step,3.2,0,6,9.2,8.0,1.15,8,8,1.0
LV,Keelan Cole,12.0,0/1 Step,8.800000000000002,6,10,24.8,12.0,2.066666666666667,12,86,0.13953488372093023
LV,Keelan Cole,43.0,3 Step,33.199999999999996,6,29,68.2,43.0,1.586046511627907,44,86,0.5116279069767442
LV,Keelan Cole,22.0,5 Step,14.0,6,9,29.0,22.0,1.3181818181818181,22,86,0.2558139534883721
LV,Keelan Cole,8.0,7 Step,4.2,6,2,12.2,8.0,1.525,8,86,0.09302325581395349
LAC,Keenan Allen,58.0,0/1 Step,38.29999999999999,6,44,88.3,58.0,1.5224137931034483,59,130,0.45384615384615384
LAC,Keenan Allen,44.0,3 Step,23.9,18,25,66.9,44.0,1.5204545454545455,44,130,0.3384615384615385
LAC,Keenan Allen,18.0,5 Step,24.4,18,13,55.40000000000001,18.0,3.0777777777777784,20,130,0.15384615384615385
LAC,Keenan Allen,7.0,7 Step,3.9000000000000004,6,3,12.9,7.0,1.842857142857143,7,130,0.05384615384615385
ATL,Keith Smith,5.0,5 Step,4.3,0,5,9.3,5.0,1.86,5,8,0.625
ATL,Keith Smith,3.0,7 Step,-0.2,0,1,0.8,3.0,0.26666666666666666,3,8,0.375
IND,Keke Coutee,8.0,0/1 Step,4.500000000000001,0,7,11.5,8.0,1.4375,8,32,0.25
IND,Keke Coutee,12.0,3 Step,10.500000000000002,6,11,27.500000000000004,12.0,2.291666666666667,13,32,0.40625
IND,Keke Coutee,11.0,5 Step,14.700000000000001,0,7,21.700000000000003,11.0,1.9727272727272729,11,32,0.34375
NE,Kendrick Bourne,26.0,0/1 Step,27.2,0,23,50.2,26.0,1.9307692307692308,29,76,0.3815789473684211
NE,Kendrick Bourne,29.0,3 Step,20.8,0,16,36.800000000000004,29.0,1.2689655172413794,31,76,0.40789473684210525
NE,Kendrick Bourne,12.0,5 Step,10.400000000000002,0,7,17.400000000000002,12.0,1.4500000000000002,12,76,0.15789473684210525
NE,Kendrick Bourne,4.0,7 Step,4.9,0,3,7.9,4.0,1.975,4,76,0.05263157894736842
NYG,Kenny Golladay,13.0,5 Step,19.300000000000004,6,9,34.300000000000004,13.0,2.638461538461539,14,20,0.7
NYG,Kenny Golladay,6.0,7 Step,4.9,0,3,7.9,6.0,1.3166666666666667,6,20,0.3
LV,Kenyan Drake,6.0,0/1 Step,2.8000000000000003,0,5,7.800000000000001,6.0,1.3,6,13,0.46153846153846156
LV,Kenyan Drake,7.0,5 Step,4.800000000000001,0,7,11.8,7.0,1.6857142857142857,7,13,0.5384615384615384
SF,Kyle Juszczyk,5.0,5 Step,7.000000000000001,6,4,17.0,5.0,3.4,5,9,0.5555555555555556
SF,Kyle Juszczyk,4.0,7 Step,3.3,0,2,5.3,4.0,1.325,4,9,0.4444444444444444
TB,Leonard Fournette,12.0,0/1 Step,10.3,6,15,31.3,12.0,2.6083333333333334,17,47,0.3617021276595745
TB,Leonard Fournette,21.0,3 Step,17.600000000000005,0,23,40.6,21.0,1.9333333333333333,30,47,0.6382978723404256
WAS,Logan Thomas,22.0,0/1 Step,12.800000000000002,6,20,38.8,22.0,1.7636363636363634,23,114,0.20175438596491227
WAS,Logan Thomas,42.0,3 Step,22.9,18,25,65.9,42.0,1.5690476190476192,44,114,0.38596491228070173
WAS,Logan Thomas,30.0,5 Step,23.6,6,22,51.6,30.0,1.72,37,114,0.32456140350877194
WAS,Logan Thomas,9.0,7 Step,10.7,6,6,22.700000000000003,9.0,2.5222222222222226,10,114,0.08771929824561403
MIA,Lynn Bowden Jr.,15.0,3 Step,8.700000000000001,0,8,16.7,15.0,1.1133333333333333,15,15,1.0
LV,Mack Hollins,6.0,0/1 Step,4.1000000000000005,0,5,9.100000000000001,6.0,1.5166666666666668,6,14,0.42857142857142855
LV,Mack Hollins,8.0,5 Step,3.6,0,3,6.6,8.0,0.825,8,14,0.5714285714285714
GB,Marcedes Lewis,6.0,5 Step,2.8000000000000003,0,4,6.800000000000001,6.0,1.1333333333333335,7,7,1.0
SF,Marcus Johnson,16.0,5 Step,17.4,0,8,25.4,16.0,1.5875,16,19,0.8421052631578947
SF,Marcus Johnson,3.0,7 Step,3.6,0,1,4.6,3.0,1.5333333333333332,3,19,0.15789473684210525
BAL,Mark Andrews,33.0,0/1 Step,22.500000000000004,24,24,70.5,33.0,2.1363636363636362,37,87,0.42528735632183906
BAL,Mark Andrews,32.0,3 Step,37.2,12,26,75.19999999999999,32.0,2.3499999999999996,41,87,0.47126436781609193
BAL,Mark Andrews,8.0,5 Step,12.9,6,7,25.9,8.0,3.2375,9,87,0.10344827586206896
NO,Marquez Callaway,13.0,3 Step,13.299999999999999,0,13,26.300000000000004,13.0,2.0230769230769234,15,27,0.5555555555555556
NO,Marquez Callaway,8.0,5 Step,5.1000000000000005,0,6,11.100000000000001,8.0,1.3875000000000002,8,27,0.2962962962962963
NO,Marquez Callaway,3.0,7 Step,1.5,0,1,2.5,3.0,0.8333333333333334,4,27,0.14814814814814814
KC,Marquez Valdes-Scantling,31.0,3 Step,47.7,24,17,88.7,31.0,2.861290322580645,36,68,0.5294117647058824
KC,Marquez Valdes-Scantling,15.0,5 Step,22.400000000000006,6,10,38.4,15.0,2.56,23,68,0.3382352941176471
KC,Marquez Valdes-Scantling,6.0,7 Step,2.6000000000000005,0,2,4.6000000000000005,6.0,0.7666666666666667,9,68,0.1323529411764706
ARI,Marquise Brown,20.0,0/1 Step,14.100000000000001,6,19,39.1,20.0,1.955,25,96,0.2604166666666667
ARI,Marquise Brown,44.0,3 Step,51.4,18,26,95.40000000000002,44.0,2.1681818181818184,52,96,0.5416666666666666
ARI,Marquise Brown,15.0,5 Step,15.599999999999998,6,9,30.6,15.0,2.04,19,96,0.19791666666666666
JAX,Marvin Hall,8.0,0/1 Step,3.2,0,5,8.2,8.0,1.025,9,26,0.34615384615384615
JAX,Marvin Hall,10.0,5 Step,16.5,6,7,29.5,10.0,2.95,12,26,0.46153846153846156
JAX,Marvin Hall,4.0,7 Step,10.7,6,2,18.7,4.0,4.675,5,26,0.19230769230769232
KC,Mecole Hardman,10.0,0/1 Step,14.200000000000001,12,11,37.2,10.0,3.72,15,62,0.24193548387096775
KC,Mecole Hardman,19.0,3 Step,19.9,6,13,38.9,19.0,2.0473684210526315,24,62,0.3870967741935484
KC,Mecole Hardman,14.0,5 Step,12.400000000000002,0,11,23.399999999999995,14.0,1.671428571428571,19,62,0.3064516129032258
KC,Mecole Hardman,4.0,7 Step,1.4000000000000001,0,1,2.4000000000000004,4.0,0.6000000000000001,4,62,0.06451612903225806
DAL,Michael Gallup,16.0,0/1 Step,8.600000000000001,6,9,23.599999999999998,16.0,1.4749999999999999,16,90,0.17777777777777778
DAL,Michael Gallup,50.0,3 Step,50.60000000000001,18,27,95.60000000000001,50.0,1.9120000000000001,52,90,0.5777777777777777
DAL,Michael Gallup,19.0,5 Step,10.700000000000001,0,7,17.700000000000003,19.0,0.9315789473684212,19,90,0.2111111111111111
DAL,Michael Gallup,3.0,7 Step,3.3,6,2,11.3,3.0,3.766666666666667,3,90,0.03333333333333333
IND,Michael Pittman Jr.,17.0,0/1 Step,15.8,0,16,31.799999999999997,17.0,1.8705882352941174,22,69,0.3188405797101449
IND,Michael Pittman Jr.,29.0,3 Step,24.200000000000003,6,20,50.199999999999996,29.0,1.7310344827586206,29,69,0.42028985507246375
IND,Michael Pittman Jr.,9.0,5 Step,12.8,0,5,17.8,9.0,1.9777777777777779,13,69,0.18840579710144928
IND,Michael Pittman Jr.,2.0,7 Step,4.5,0,2,6.5,2.0,3.25,5,69,0.07246376811594203
NO,Michael Thomas,12.0,0/1 Step,7.0,0,9,16.0,12.0,1.3333333333333333,15,66,0.22727272727272727
NO,Michael Thomas,20.0,3 Step,13.7,6,15,34.7,20.0,1.735,23,66,0.3484848484848485
NO,Michael Thomas,12.0,5 Step,16.299999999999997,0,10,26.3,12.0,2.191666666666667,18,66,0.2727272727272727
NO,Michael Thomas,9.0,7 Step,11.800000000000002,0,8,19.8,9.0,2.2,10,66,0.15151515151515152
BAL,Mike Davis,16.0,0/1 Step,10.3,0,15,25.3,16.0,1.58125,16,53,0.3018867924528302
BAL,Mike Davis,16.0,3 Step,9.8,0,13,22.8,16.0,1.425,17,53,0.32075471698113206
BAL,Mike Davis,12.0,5 Step,7.6000000000000005,0,9,16.6,12.0,1.3833333333333335,12,53,0.22641509433962265
BAL,Mike Davis,8.0,7 Step,3.8000000000000003,0,7,10.8,8.0,1.35,8,53,0.1509433962264151
TB,Mike Evans,29.0,0/1 Step,14.299999999999999,30,18,62.30000000000002,29.0,2.1482758620689664,33,137,0.24087591240875914
TB,Mike Evans,50.0,3 Step,66.6,30,34,130.60000000000002,50.0,2.6120000000000005,62,137,0.45255474452554745
TB,Mike Evans,19.0,5 Step,10.3,12,8,30.3,19.0,1.5947368421052632,27,137,0.19708029197080293
TB,Mike Evans,10.0,7 Step,22.599999999999998,6,11,39.599999999999994,10.0,3.9599999999999995,15,137,0.10948905109489052
MIA,Mike Gesicki,10.0,0/1 Step,8.3,0,8,16.3,10.0,1.6300000000000001,10,81,0.12345679012345678
MIA,Mike Gesicki,57.0,3 Step,39.800000000000004,12,32,83.8,57.0,1.4701754385964911,59,81,0.7283950617283951
MIA,Mike Gesicki,12.0,5 Step,15.7,12,6,33.7,12.0,2.8083333333333336,12,81,0.14814814814814814
CIN,Mike Thomas,7.0,0/1 Step,5.6,6,6,17.6,7.0,2.5142857142857147,7,7,1.0
LAC,Mike Williams,25.0,0/1 Step,14.8,0,13,27.8,25.0,1.112,25,85,0.29411764705882354
LAC,Mike Williams,26.0,3 Step,28.3,12,16,56.3,26.0,2.1653846153846152,27,85,0.3176470588235294
LAC,Mike Williams,23.0,5 Step,25.900000000000006,6,12,43.900000000000006,23.0,1.9086956521739133,26,85,0.3058823529411765
LAC,Mike Williams,7.0,7 Step,7.4,12,4,23.400000000000002,7.0,3.342857142857143,7,85,0.08235294117647059
PIT,Miles Boykin,12.0,0/1 Step,12.3,6,10,28.300000000000004,12.0,2.358333333333334,13,30,0.43333333333333335
PIT,Miles Boykin,14.0,3 Step,10.200000000000001,18,8,36.199999999999996,14.0,2.5857142857142854,17,30,0.5666666666666667
PHI,Miles Sanders,17.0,0/1 Step,10.500000000000002,0,15,25.5,17.0,1.5,17,44,0.38636363636363635
PHI,Miles Sanders,25.0,3 Step,6.4,0,9,15.4,25.0,0.616,27,44,0.6136363636363636
IND,Mo Alie-Cox,13.0,3 Step,14.500000000000002,6,12,32.5,13.0,2.5,14,33,0.42424242424242425
IND,Mo Alie-Cox,11.0,5 Step,14.2,0,11,25.2,11.0,2.290909090909091,15,33,0.45454545454545453
IND,Mo Alie-Cox,4.0,7 Step,6.2,6,4,16.200000000000003,4.0,4.050000000000001,4,33,0.12121212121212122
NE,N'Keal Harry,10.0,0/1 Step,4.4,6,6,16.4,10.0,1.64,10,49,0.20408163265306123
NE,N'Keal Harry,22.0,3 Step,12.900000000000002,6,11,29.9,22.0,1.3590909090909091,23,49,0.46938775510204084
NE,N'Keal Harry,12.0,5 Step,5.7,0,6,11.700000000000001,12.0,0.9750000000000001,13,49,0.2653061224489796
NE,N'Keal Harry,3.0,7 Step,2.2,0,2,4.2,3.0,1.4000000000000001,3,49,0.061224489795918366
NE,Nelson Agholor,17.0,0/1 Step,14.3,6,13,33.300000000000004,17.0,1.9588235294117649,19,91,0.2087912087912088
NE,Nelson Agholor,25.0,3 Step,32.699999999999996,24,17,73.7,25.0,2.948,28,91,0.3076923076923077
NE,Nelson Agholor,31.0,5 Step,28.9,12,12,52.9,31.0,1.7064516129032257,32,91,0.3516483516483517
NE,Nelson Agholor,10.0,7 Step,15.899999999999999,18,6,39.900000000000006,10.0,3.9900000000000007,12,91,0.13186813186813187
CLE,Nick Chubb,2.0,7 Step,2.8000000000000003,0,2,4.8,2.0,2.4,2,2,1.0
DAL,Noah Brown,8.0,0/1 Step,6.2,0,6,12.2,8.0,1.525,8,8,1.0
SEA,Noah Fant,20.0,0/1 Step,9.0,0,12,21.0,20.0,1.05,20,73,0.273972602739726
SEA,Noah Fant,46.0,3 Step,35.7,12,30,77.7,46.0,1.6891304347826088,47,73,0.6438356164383562
SEA,Noah Fant,6.0,5 Step,3.2,0,3,6.199999999999999,6.0,1.0333333333333332,6,73,0.0821917808219178
IND,Nyheim Hines,12.0,0/1 Step,8.400000000000002,0,11,19.400000000000002,12.0,1.616666666666667,12,68,0.17647058823529413
IND,Nyheim Hines,33.0,3 Step,26.200000000000003,6,30,62.19999999999998,33.0,1.8848484848484843,38,68,0.5588235294117647
IND,Nyheim Hines,17.0,5 Step,12.300000000000002,18,13,43.3,17.0,2.5470588235294116,18,68,0.2647058823529412
ATL,Olamide Zaccheaus,10.0,0/1 Step,5.800000000000001,0,6,11.799999999999999,10.0,1.18,10,27,0.37037037037037035
ATL,Olamide Zaccheaus,12.0,3 Step,9.600000000000001,0,7,16.6,12.0,1.3833333333333335,12,27,0.4444444444444444
ATL,Olamide Zaccheaus,5.0,5 Step,8.200000000000001,6,4,18.200000000000003,5.0,3.6400000000000006,5,27,0.18518518518518517
IND,Parris Campbell,7.0,5 Step,5.300000000000001,0,5,10.3,7.0,1.4714285714285715,7,7,1.0
IND,Phillip Lindsay,2.0,7 Step,-0.20000000000000007,0,2,1.7999999999999998,2.0,0.8999999999999999,2,2,1.0
MIA,Preston Williams,19.0,3 Step,17.099999999999998,24,10,51.099999999999994,19.0,2.689473684210526,19,19,1.0
DET,Quintez Cephus,9.0,0/1 Step,6.4,0,6,12.4,9.0,1.3777777777777778,9,36,0.25
DET,Quintez Cephus,13.0,3 Step,16.700000000000003,6,8,30.700000000000003,13.0,2.3615384615384616,13,36,0.3611111111111111
DET,Quintez Cephus,7.0,5 Step,9.5,6,4,19.5,7.0,2.7857142857142856,8,36,0.2222222222222222
DET,Quintez Cephus,3.0,7 Step,1.4000000000000001,0,1,2.4000000000000004,3.0,0.8000000000000002,6,36,0.16666666666666666
GB,Randall Cobb,29.0,3 Step,17.3,12,21,50.300000000000004,29.0,1.73448275862069,29,38,0.7631578947368421
GB,Randall Cobb,9.0,5 Step,20.200000000000003,6,9,35.20000000000001,9.0,3.9111111111111123,9,38,0.23684210526315788
CAR,Rashard Higgins,7.0,0/1 Step,5.2,0,5,10.2,7.0,1.457142857142857,9,66,0.13636363636363635
CAR,Rashard Higgins,27.0,3 Step,33.20000000000001,24,24,81.19999999999999,27.0,3.007407407407407,41,66,0.6212121212121212
CAR,Rashard Higgins,11.0,5 Step,18.6,0,9,27.599999999999998,11.0,2.509090909090909,12,66,0.18181818181818182
CAR,Rashard Higgins,3.0,7 Step,7.4,0,3,10.4,3.0,3.466666666666667,4,66,0.06060606060606061
HOU,Rex Burkhead,5.0,5 Step,2.5,0,3,5.5,5.0,1.1,5,5,1.0
GB,Robert Tonyan,13.0,3 Step,17.6,12,11,40.6,13.0,3.123076923076923,13,36,0.3611111111111111
GB,Robert Tonyan,15.0,5 Step,19.1,30,14,63.099999999999994,15.0,4.206666666666666,17,36,0.4722222222222222
GB,Robert Tonyan,5.0,7 Step,7.1000000000000005,12,6,25.099999999999998,5.0,5.02,6,36,0.16666666666666666
TEN,Robert Woods,19.0,0/1 Step,8.4,0,19,27.400000000000002,19.0,1.4421052631578948,22,114,0.19298245614035087
TEN,Robert Woods,61.0,3 Step,50.8,24,47,121.8,61.0,1.9967213114754099,70,114,0.6140350877192983
TEN,Robert Woods,9.0,5 Step,5.7,0,4,9.700000000000001,9.0,1.077777777777778,10,114,0.08771929824561403
TEN,Robert Woods,9.0,7 Step,6.1000000000000005,12,6,24.1,9.0,2.677777777777778,12,114,0.10526315789473684
SF,Ross Dwelley,5.0,5 Step,5.2,6,4,15.2,5.0,3.04,5,9,0.5555555555555556
SF,Ross Dwelley,4.0,7 Step,3.7,0,4,7.7,4.0,1.925,4,9,0.4444444444444444
TB,Russell Gage,22.0,0/1 Step,11.900000000000002,6,17,34.9,22.0,1.5863636363636362,22,104,0.21153846153846154
TB,Russell Gage,64.0,3 Step,44.10000000000001,12,35,91.1,64.0,1.4234375,64,104,0.6153846153846154
TB,Russell Gage,15.0,5 Step,13.300000000000002,6,11,30.299999999999997,15.0,2.02,15,104,0.14423076923076922
TB,Russell Gage,3.0,7 Step,1.6,0,2,3.6,3.0,1.2,3,104,0.028846153846153848
GB,Sammy Watkins,7.0,0/1 Step,3.5999999999999996,6,5,14.6,7.0,2.085714285714286,7,40,0.175
GB,Sammy Watkins,21.0,3 Step,17.200000000000003,6,15,38.2,21.0,1.8190476190476192,21,40,0.525
GB,Sammy Watkins,11.0,5 Step,12.600000000000001,0,7,19.6,11.0,1.781818181818182,12,40,0.3
NYG,Saquon Barkley,2.0,7 Step,4.1000000000000005,0,2,6.1000000000000005,2.0,3.0500000000000003,2,2,1.0
TB,Scotty Miller,13.0,0/1 Step,9.3,6,12,27.299999999999997,13.0,2.0999999999999996,13,58,0.22413793103448276
TB,Scotty Miller,30.0,3 Step,33.99999999999999,18,17,69.00000000000001,30.0,2.3000000000000003,33,58,0.5689655172413793
TB,Scotty Miller,6.0,5 Step,8.4,0,3,11.4,6.0,1.9000000000000001,7,58,0.1206896551724138
TB,Scotty Miller,5.0,7 Step,5.4,0,2,7.4,5.0,1.48,5,58,0.08620689655172414
MIA,Sony Michel,2.0,7 Step,4.2,6,3,13.2,2.0,6.6,3,3,1.0
BUF,Stefon Diggs,63.0,0/1 Step,57.00000000000001,12,63,131.99999999999997,63.0,2.095238095238095,76,191,0.39790575916230364
BUF,Stefon Diggs,60.0,3 Step,73.1,18,49,140.1,60.0,2.335,76,191,0.39790575916230364
BUF,Stefon Diggs,18.0,5 Step,22.799999999999997,18,15,55.8,18.0,3.0999999999999996,26,191,0.13612565445026178
BUF,Stefon Diggs,12.0,7 Step,18.500000000000004,0,10,28.5,12.0,2.375,13,191,0.06806282722513089
NYG,Sterling Shepard,41.0,0/1 Step,25.700000000000003,6,30,61.7,41.0,1.5048780487804878,44,85,0.5176470588235295
NYG,Sterling Shepard,35.0,3 Step,32.0,12,28,72.0,35.0,2.057142857142857,38,85,0.4470588235294118
NYG,Sterling Shepard,3.0,7 Step,3.1,0,2,5.1,3.0,1.7,3,85,0.03529411764705882
DET,T.J. Hockenson,16.0,0/1 Step,8.6,0,10,18.599999999999998,16.0,1.1624999999999999,16,92,0.17391304347826086
DET,T.J. Hockenson,36.0,3 Step,27.100000000000005,12,24,63.1,36.0,1.7527777777777778,38,92,0.41304347826086957
DET,T.J. Hockenson,29.0,5 Step,24.099999999999998,12,21,57.099999999999994,29.0,1.9689655172413791,31,92,0.33695652173913043
DET,T.J. Hockenson,7.0,7 Step,6.6,0,4,10.6,7.0,1.5142857142857142,7,92,0.07608695652173914
CIN,Tee Higgins,35.0,0/1 Step,31.000000000000004,6,26,62.999999999999986,35.0,1.7999999999999996,37,101,0.36633663366336633
CIN,Tee Higgins,40.0,3 Step,52.300000000000004,12,30,94.3,40.0,2.3575,43,101,0.42574257425742573
CIN,Tee Higgins,14.0,5 Step,6.6000000000000005,0,4,10.6,14.0,0.7571428571428571,15,101,0.1485148514851485
CIN,Tee Higgins,6.0,7 Step,3.8000000000000003,12,4,19.8,6.0,3.3000000000000003,6,101,0.0594059405940594
WAS,Terry McLaurin,43.0,0/1 Step,36.49999999999999,6,35,77.49999999999999,43.0,1.8023255813953485,43,132,0.32575757575757575
WAS,Terry McLaurin,44.0,3 Step,41.7,18,23,82.7,44.0,1.8795454545454546,48,132,0.36363636363636365
WAS,Terry McLaurin,22.0,5 Step,19.400000000000006,0,16,35.400000000000006,22.0,1.6090909090909093,27,132,0.20454545454545456
WAS,Terry McLaurin,11.0,7 Step,8.1,0,7,15.1,11.0,1.3727272727272728,14,132,0.10606060606060606
DEN,Tim Patrick,21.0,0/1 Step,17.1,18,16,51.099999999999994,21.0,2.433333333333333,22,72,0.3055555555555556
DEN,Tim Patrick,33.0,3 Step,29.799999999999997,0,17,46.80000000000001,33.0,1.4181818181818184,36,72,0.5
DEN,Tim Patrick,10.0,5 Step,5.5,0,5,10.5,10.0,1.05,11,72,0.1527777777777778
DEN,Tim Patrick,3.0,7 Step,2.1,0,1,3.1,3.0,1.0333333333333334,3,72,0.041666666666666664
DAL,Tony Pollard,7.0,0/1 Step,3.9000000000000004,0,7,10.9,7.0,1.5571428571428572,7,31,0.22580645161290322
DAL,Tony Pollard,22.0,3 Step,11.300000000000002,0,14,25.3,22.0,1.1500000000000001,22,31,0.7096774193548387
DAL,Tony Pollard,2.0,7 Step,1.9000000000000001,0,2,3.9,2.0,1.95,2,31,0.06451612903225806
DEN,Travis Fulgham,18.0,0/1 Step,11.8,6,12,29.8,18.0,1.6555555555555557,18,62,0.2903225806451613
DEN,Travis Fulgham,27.0,3 Step,23.599999999999998,12,12,47.6,27.0,1.762962962962963,27,62,0.43548387096774194
DEN,Travis Fulgham,16.0,5 Step,12.200000000000003,6,7,25.2,16.0,1.575,17,62,0.27419354838709675
KC,Travis Kelce,9.0,0/1 Step,9.9,6,12,27.900000000000002,9.0,3.1,14,156,0.08974358974358974
KC,Travis Kelce,57.0,3 Step,81.69999999999999,42,63,186.70000000000002,57.0,3.2754385964912283,78,156,0.5
KC,Travis Kelce,38.0,5 Step,43.70000000000001,12,23,78.69999999999999,38.0,2.0710526315789473,49,156,0.3141025641025641
KC,Travis Kelce,12.0,7 Step,24.8,0,11,35.8,12.0,2.983333333333333,15,156,0.09615384615384616
NO,Tre'Quan Smith,15.0,3 Step,10.9,6,13,29.9,15.0,1.9933333333333332,17,47,0.3617021276595745
NO,Tre'Quan Smith,21.0,5 Step,20.000000000000004,0,13,33.00000000000001,21.0,1.5714285714285718,22,47,0.46808510638297873
NO,Tre'Quan Smith,8.0,7 Step,11.4,18,7,36.4,8.0,4.55,8,47,0.1702127659574468
CIN,Trent Taylor,6.0,0/1 Step,6.800000000000001,0,5,11.8,6.0,1.9666666666666668,6,17,0.35294117647058826
CIN,Trent Taylor,11.0,3 Step,2.4000000000000004,0,4,6.3999999999999995,11.0,0.5818181818181818,11,17,0.6470588235294118
CIN,Tyler Boyd,35.0,0/1 Step,26.2,6,27,59.20000000000001,35.0,1.6914285714285717,35,106,0.330188679245283
CIN,Tyler Boyd,60.0,3 Step,52.199999999999996,24,43,119.19999999999999,60.0,1.9866666666666666,61,106,0.5754716981132075
CIN,Tyler Boyd,6.0,5 Step,3.9000000000000004,0,4,7.900000000000001,6.0,1.3166666666666669,6,106,0.05660377358490566
CIN,Tyler Boyd,3.0,7 Step,0.0,0,0,0.0,3.0,0.0,4,106,0.03773584905660377
NYJ,Tyler Conklin,2.0,7 Step,0.0,0,0,0.0,2.0,0.0,2,2,1.0
LAR,Tyler Higbee,12.0,0/1 Step,5.8,12,10,27.8,12.0,2.316666666666667,13,48,0.2708333333333333
LAR,Tyler Higbee,27.0,3 Step,24.0,0,21,45.0,27.0,1.6666666666666667,30,48,0.625
LAR,Tyler Higbee,5.0,7 Step,7.9,6,4,17.9,5.0,3.5799999999999996,5,48,0.10416666666666667
TB,Tyler Johnson,6.0,0/1 Step,6.9,6,6,18.9,6.0,3.15,9,9,1.0
SEA,Tyler Lockett,32.0,0/1 Step,20.800000000000004,0,24,44.800000000000004,32.0,1.4000000000000001,33,112,0.29464285714285715
SEA,Tyler Lockett,35.0,3 Step,22.000000000000004,24,25,71.0,35.0,2.0285714285714285,35,112,0.3125
SEA,Tyler Lockett,25.0,5 Step,26.9,12,18,56.89999999999999,25.0,2.276,28,112,0.25
SEA,Tyler Lockett,14.0,7 Step,18.2,12,9,39.199999999999996,14.0,2.8,16,112,0.14285714285714285
MIA,Tyreek Hill,17.0,0/1 Step,11.4,6,15,32.4,17.0,1.9058823529411764,21,120,0.175
MIA,Tyreek Hill,34.0,3 Step,34.199999999999996,6,27,67.19999999999999,34.0,1.9764705882352938,47,120,0.39166666666666666
MIA,Tyreek Hill,32.0,5 Step,56.39999999999999,30,25,111.4,32.0,3.48125,44,120,0.36666666666666664
MIA,Tyreek Hill,7.0,7 Step,15.100000000000001,18,5,38.099999999999994,7.0,5.442857142857142,8,120,0.06666666666666667
LV,Tyron Johnson,9.0,5 Step,17.0,6,6,29.000000000000004,9.0,3.2222222222222228,9,16,0.5625
LV,Tyron Johnson,7.0,7 Step,17.900000000000002,6,6,29.900000000000002,7.0,4.271428571428571,7,16,0.4375
LAR,Van Jefferson,14.0,3 Step,10.900000000000002,6,11,27.900000000000002,14.0,1.992857142857143,19,28,0.6785714285714286
LAR,Van Jefferson,5.0,5 Step,5.6,0,4,9.6,5.0,1.92,5,28,0.17857142857142858
LAR,Van Jefferson,3.0,7 Step,1.6,0,1,2.6,3.0,0.8666666666666667,4,28,0.14285714285714285
TB,Vyncint Smith,1.0,7 Step,1.3,0,1,2.3,1.0,2.3,1,1,1.0
SEA,Will Dissly,7.0,0/1 Step,4.4,0,6,10.400000000000002,7.0,1.485714285714286,8,16,0.5
SEA,Will Dissly,8.0,5 Step,8.1,0,7,15.100000000000001,8.0,1.8875000000000002,8,16,0.5
ARI,Zach Ertz,27.0,0/1 Step,9.6,6,11,26.6,27.0,0.9851851851851853,27,64,0.421875
ARI,Zach Ertz,23.0,3 Step,15.299999999999999,0,12,27.299999999999997,23.0,1.1869565217391302,23,64,0.359375
ARI,Zach Ertz,12.0,5 Step,4.3,0,5,9.3,12.0,0.775,12,64,0.1875
ARI,Zach Ertz,2.0,7 Step,0.9,0,1,1.9,2.0,0.95,2,64,0.03125
PHI,Zach Pascal,8.0,0/1 Step,5.5,0,6,11.5,8.0,1.4375,9,72,0.125
PHI,Zach Pascal,25.0,3 Step,18.7,30,17,65.69999999999999,25.0,2.6279999999999997,27,72,0.375
PHI,Zach Pascal,26.0,5 Step,34.1,6,18,58.1,26.0,2.2346153846153847,30,72,0.4166666666666667
PHI,Zach Pascal,5.0,7 Step,4.1000000000000005,0,3,7.1,5.0,1.42,6,72,0.08333333333333333
JAX,Zay Jones,7.0,5 Step,4.200000000000001,0,5,9.200000000000001,7.0,1.3142857142857145,7,7,1.0
