team,playerName,route,FP_yards,FP_TD,FP_receiving,FP/routes,plays,totalPlays,freq
PHI,A.J. Brown,3.0,3.8,0,3,0.7555555555555555,3,77,0.03896103896103896
PHI,A.J. Brown,7.0,2.1,0,1,0.13478260869565217,1,77,0.012987012987012988
PHI,A.J. Brown,4.0,14.600000000000001,0,13,0.5411764705882354,20,77,0.2597402597402597
PHI,A.J. Brown,6.0,18.0,6,11,0.5645161290322581,16,77,0.2077922077922078
PHI,A.J. Brown,5.0,10.0,0,8,0.3050847457627119,15,77,0.19480519480519481
PHI,A.J. Brown,8.0,11.0,0,3,0.7368421052631579,3,77,0.03896103896103896
PHI,A.J. Brown,2.0,27.3,12,14,0.9690909090909091,19,77,0.24675324675324675
ARI,A.J. Green,3.0,0.30000000000000004,6,1,1.2166666666666666,2,78,0.02564102564102564
ARI,A.J. Green,7.0,1.9000000000000001,0,1,0.10740740740740742,2,78,0.02564102564102564
ARI,A.J. Green,4.0,10.200000000000001,0,13,0.29000000000000004,17,78,0.21794871794871795
ARI,A.J. Green,6.0,1.3,0,1,0.04181818181818182,5,78,0.0641025641025641
ARI,A.J. Green,5.0,5.0,0,6,0.23404255319148937,15,78,0.19230769230769232
ARI,A.J. Green,8.0,3.5,0,2,0.09166666666666666,9,78,0.11538461538461539
ARI,A.J. Green,2.0,16.0,6,15,0.6981132075471698,28,78,0.358974358974359
GB,Aaron Jones,4.0,3.6,0,6,0.2909090909090909,7,7,1.0
MIA,Adam Shaheen,7.0,0.0,0,0,0.0,2,3,0.6666666666666666
MIA,Adam Shaheen,8.0,1.9000000000000001,0,1,1.4500000000000002,1,3,0.3333333333333333
MIN,Adam Thielen,3.0,6.0,0,5,0.8461538461538461,6,62,0.0967741935483871
MIN,Adam Thielen,7.0,6.5,12,3,0.5375,4,62,0.06451612903225806
MIN,Adam Thielen,4.0,11.100000000000001,0,10,0.31029411764705883,15,62,0.24193548387096775
MIN,Adam Thielen,6.0,7.1,0,5,0.20862068965517241,8,62,0.12903225806451613
MIN,Adam Thielen,5.0,14.000000000000004,18,15,0.8103448275862069,19,62,0.3064516129032258
MIN,Adam Thielen,8.0,1.5,0,1,0.08620689655172414,3,62,0.04838709677419355
MIN,Adam Thielen,2.0,4.3999999999999995,0,5,0.25405405405405407,7,62,0.11290322580645161
NO,Adam Trautman,7.0,5.800000000000001,0,2,0.52,2,2,1.0
DEN,Albert Okwuegbunam,7.0,0.0,0,0,0.0,3,3,1.0
MIA,Alec Ingold,7.0,2.3000000000000003,0,1,3.3000000000000003,1,1,1.0
WAS,Alex Erickson,4.0,2.4000000000000004,0,3,0.3375,5,10,0.5
WAS,Alex Erickson,6.0,0.0,0,0,0.0,2,10,0.2
WAS,Alex Erickson,8.0,4.2,0,1,1.3,1,10,0.1
WAS,Alex Erickson,2.0,1.7000000000000002,0,2,0.41111111111111115,2,10,0.2
MIN,Alexander Mattison,6.0,1.4,0,2,0.6799999999999999,2,2,1.0
GB,Allen Lazard,7.0,4.800000000000001,0,1,0.6444444444444445,1,23,0.043478260869565216
GB,Allen Lazard,6.0,3.1,0,2,0.2318181818181818,3,23,0.13043478260869565
GB,Allen Lazard,5.0,7.300000000000001,0,8,0.4499999999999999,10,23,0.43478260869565216
GB,Allen Lazard,8.0,13.0,6,2,1.1666666666666667,4,23,0.17391304347826086
GB,Allen Lazard,2.0,0.0,0,0,0.0,5,23,0.21739130434782608
NO,Alvin Kamara,4.0,8.6,0,12,0.41200000000000003,13,24,0.5416666666666666
NO,Alvin Kamara,6.0,3.0,0,2,0.8333333333333334,2,24,0.08333333333333333
NO,Alvin Kamara,5.0,5.1000000000000005,0,6,0.5045454545454546,8,24,0.3333333333333333
NO,Alvin Kamara,2.0,1.3,0,1,0.15333333333333332,1,24,0.041666666666666664
CLE,Amari Cooper,3.0,0.0,0,0,0.0,2,89,0.02247191011235955
CLE,Amari Cooper,7.0,3.2,0,1,0.2625,3,89,0.033707865168539325
CLE,Amari Cooper,4.0,22.400000000000006,0,25,0.4601941747572815,30,89,0.33707865168539325
CLE,Amari Cooper,6.0,8.3,0,10,0.2859375,13,89,0.14606741573033707
CLE,Amari Cooper,5.0,13.600000000000001,0,16,0.4852459016393443,20,89,0.2247191011235955
CLE,Amari Cooper,8.0,9.3,0,2,0.41851851851851857,2,89,0.02247191011235955
CLE,Amari Cooper,2.0,23.5,6,14,0.8877551020408163,19,89,0.21348314606741572
CAR,Andre Roberts,3.0,1.0,0,1,2.0,1,1,1.0
ARI,Andy Isabella,7.0,1.3,6,1,0.5928571428571429,3,14,0.21428571428571427
ARI,Andy Isabella,4.0,3.0,0,4,0.2413793103448276,6,14,0.42857142857142855
ARI,Andy Isabella,5.0,1.0,6,3,1.0,4,14,0.2857142857142857
ARI,Andy Isabella,2.0,1.3,0,1,0.32857142857142857,1,14,0.07142857142857142
ATL,Anthony Firkser,7.0,1.4000000000000001,0,1,0.2666666666666667,3,32,0.09375
ATL,Anthony Firkser,4.0,11.600000000000001,0,11,0.551219512195122,13,32,0.40625
ATL,Anthony Firkser,6.0,2.8000000000000003,6,3,0.5130434782608696,5,32,0.15625
ATL,Anthony Firkser,5.0,2.4000000000000004,0,4,0.16842105263157894,6,32,0.1875
ATL,Anthony Firkser,2.0,3.5000000000000004,0,3,0.30952380952380953,5,32,0.15625
PIT,Anthony McFarland Jr.,2.0,0.0,0,0,0.0,1,1,1.0
PIT,Anthony Miller,3.0,0.0,0,0,0.0,1,47,0.02127659574468085
PIT,Anthony Miller,7.0,0.0,0,0,0.0,3,47,0.06382978723404255
PIT,Anthony Miller,4.0,9.9,0,10,0.26184210526315793,11,47,0.23404255319148937
PIT,Anthony Miller,6.0,6.199999999999999,0,6,0.34857142857142853,9,47,0.19148936170212766
PIT,Anthony Miller,5.0,7.9,0,8,0.3456521739130435,13,47,0.2765957446808511
PIT,Anthony Miller,8.0,3.9000000000000004,6,2,0.35000000000000003,4,47,0.0851063829787234
PIT,Anthony Miller,2.0,4.6000000000000005,0,4,0.3185185185185186,6,47,0.1276595744680851
IND,Ashton Dulin,6.0,0.0,0,0,0.0,1,3,0.3333333333333333
IND,Ashton Dulin,8.0,3.4000000000000004,0,1,1.1,1,3,0.3333333333333333
IND,Ashton Dulin,2.0,0.0,0,0,0.0,1,3,0.3333333333333333
ATL,Auden Tate,5.0,2.4000000000000004,0,3,0.6000000000000001,5,7,0.7142857142857143
ATL,Auden Tate,8.0,0.0,0,0,0.0,1,7,0.14285714285714285
ATL,Auden Tate,2.0,1.2000000000000002,0,1,0.3666666666666667,1,7,0.14285714285714285
LAC,Austin Ekeler,4.0,5.5,0,6,0.4107142857142857,7,7,1.0
TEN,Austin Hooper,7.0,3.4000000000000004,12,3,1.3142857142857143,6,38,0.15789473684210525
TEN,Austin Hooper,4.0,6.1,0,6,0.1704225352112676,9,38,0.23684210526315788
TEN,Austin Hooper,6.0,1.8,0,2,0.18095238095238095,6,38,0.15789473684210525
TEN,Austin Hooper,5.0,6.9,0,8,0.42571428571428577,13,38,0.34210526315789475
TEN,Austin Hooper,2.0,4.800000000000001,0,4,0.9777777777777779,4,38,0.10526315789473684
SF,Austin Mack,8.0,0.0,0,0,0.0,2,4,0.5
SF,Austin Mack,2.0,1.6,0,2,0.36,2,4,0.5
PHI,Boston Scott,4.0,7.6000000000000005,0,7,0.7684210526315789,7,10,0.7
PHI,Boston Scott,5.0,1.1,0,3,0.24117647058823527,3,10,0.3
HOU,Brandin Cooks,3.0,5.5,0,5,0.75,5,67,0.07462686567164178
HOU,Brandin Cooks,7.0,2.5,6,1,0.475,3,67,0.04477611940298507
HOU,Brandin Cooks,4.0,13.5,0,14,0.49999999999999994,15,67,0.22388059701492538
HOU,Brandin Cooks,6.0,13.9,0,9,0.23854166666666674,14,67,0.208955223880597
HOU,Brandin Cooks,5.0,11.2,0,11,0.43529411764705883,15,67,0.22388059701492538
HOU,Brandin Cooks,8.0,3.8000000000000003,6,1,0.2,7,67,0.1044776119402985
HOU,Brandin Cooks,2.0,5.8,6,4,0.49375,8,67,0.11940298507462686
SF,Brandon Aiyuk,7.0,0.0,0,0,0.0,2,58,0.034482758620689655
SF,Brandon Aiyuk,4.0,7.800000000000001,6,7,0.3586206896551724,11,58,0.1896551724137931
SF,Brandon Aiyuk,6.0,8.600000000000001,0,5,0.21935483870967745,12,58,0.20689655172413793
SF,Brandon Aiyuk,5.0,4.8,0,5,0.2,9,58,0.15517241379310345
SF,Brandon Aiyuk,8.0,10.0,0,5,0.6000000000000001,6,58,0.10344827586206896
SF,Brandon Aiyuk,2.0,12.600000000000003,6,12,0.9562499999999999,18,58,0.3103448275862069
LAR,Brandon Powell,2.0,1.2000000000000002,0,1,0.22000000000000003,3,3,1.0
NYJ,Braxton Berrios,7.0,2.2,0,1,1.6,1,15,0.06666666666666667
NYJ,Braxton Berrios,6.0,0.0,0,0,0.0,2,15,0.13333333333333333
NYJ,Braxton Berrios,5.0,6.4,0,8,0.45,11,15,0.7333333333333333
NYJ,Braxton Berrios,8.0,0.0,0,0,0.0,1,15,0.06666666666666667
TB,Breshad Perriman,7.0,3.7,0,1,0.13428571428571429,2,24,0.08333333333333333
TB,Breshad Perriman,4.0,2.8000000000000003,0,3,0.15263157894736845,6,24,0.25
TB,Breshad Perriman,6.0,8.700000000000001,0,3,0.36562500000000003,6,24,0.25
TB,Breshad Perriman,5.0,3.9,0,5,0.32962962962962966,7,24,0.2916666666666667
TB,Breshad Perriman,8.0,0.0,0,0,0.0,1,24,0.041666666666666664
TB,Breshad Perriman,2.0,0.0,0,0,0.0,2,24,0.08333333333333333
ATL,Bryan Edwards,3.0,1.4000000000000001,0,1,0.30000000000000004,1,5,0.2
ATL,Bryan Edwards,7.0,1.6,0,1,0.37142857142857144,1,5,0.2
ATL,Bryan Edwards,6.0,4.9,0,2,0.43125,2,5,0.4
ATL,Bryan Edwards,8.0,2.5,0,1,0.25,1,5,0.2
CHI,Byron Pringle,5.0,3.500000000000001,0,4,0.75,6,8,0.75
CHI,Byron Pringle,2.0,1.3,6,2,0.93,2,8,0.25
NYG,C.J. Board,3.0,2.8,0,3,0.6444444444444444,4,8,0.5
NYG,C.J. Board,8.0,0.0,0,0,0.0,1,8,0.125
NYG,C.J. Board,2.0,3.7,0,3,1.1166666666666665,3,8,0.375
NYJ,C.J. Uzomah,5.0,2.5,0,4,0.8125,4,4,1.0
WAS,Cam Sims,7.0,3.6,0,1,0.45999999999999996,2,24,0.08333333333333333
WAS,Cam Sims,6.0,4.6,0,4,0.1482758620689655,5,24,0.20833333333333334
WAS,Cam Sims,5.0,3.2,0,3,0.22142857142857145,4,24,0.16666666666666666
WAS,Cam Sims,8.0,5.4,0,2,0.22424242424242424,5,24,0.20833333333333334
WAS,Cam Sims,2.0,8.1,0,6,0.8294117647058823,8,24,0.3333333333333333
ATL,Cameron Batson,6.0,2.6,0,2,0.184,2,5,0.4
ATL,Cameron Batson,5.0,1.8,6,3,0.49090909090909096,3,5,0.6
TB,Cameron Brate,4.0,5.5,6,8,0.65,10,28,0.35714285714285715
TB,Cameron Brate,5.0,14.900000000000002,6,15,0.9205128205128205,18,28,0.6428571428571429
DAL,CeeDee Lamb,7.0,2.6,6,2,0.53,5,62,0.08064516129032258
DAL,CeeDee Lamb,4.0,10.499999999999998,0,9,0.291044776119403,16,62,0.25806451612903225
DAL,CeeDee Lamb,6.0,2.1,0,3,0.15454545454545454,6,62,0.0967741935483871
DAL,CeeDee Lamb,5.0,14.000000000000002,0,13,0.36486486486486486,19,62,0.3064516129032258
DAL,CeeDee Lamb,8.0,13.600000000000001,0,5,0.465,6,62,0.0967741935483871
DAL,CeeDee Lamb,2.0,2.7,0,3,0.2192307692307692,10,62,0.16129032258064516
HOU,Chad Beebe,7.0,4.0,6,1,1.5714285714285714,1,6,0.16666666666666666
HOU,Chad Beebe,8.0,1.6,0,1,0.1625,2,6,0.3333333333333333
HOU,Chad Beebe,2.0,0.9,0,1,0.11176470588235293,3,6,0.5
PIT,Chase Claypool,3.0,2.2,6,2,5.1,3,67,0.04477611940298507
PIT,Chase Claypool,7.0,0.8,6,1,0.4105263157894737,5,67,0.07462686567164178
PIT,Chase Claypool,4.0,8.8,0,11,0.30000000000000004,14,67,0.208955223880597
PIT,Chase Claypool,6.0,2.3000000000000003,0,2,0.3583333333333334,2,67,0.029850746268656716
PIT,Chase Claypool,5.0,13.000000000000002,0,13,0.52,19,67,0.2835820895522388
PIT,Chase Claypool,8.0,10.4,12,4,1.3199999999999998,8,67,0.11940298507462686
PIT,Chase Claypool,2.0,10.0,12,9,1.0000000000000002,16,67,0.23880597014925373
MIA,Chase Edmonds,4.0,12.000000000000002,0,12,0.36363636363636365,15,23,0.6521739130434783
MIA,Chase Edmonds,5.0,3.5,0,5,0.85,6,23,0.2608695652173913
MIA,Chase Edmonds,2.0,2.9000000000000004,0,2,1.225,2,23,0.08695652173913043
SEA,Chris Carson,4.0,4.0,0,6,0.3125,7,7,1.0
HOU,Chris Conley,3.0,1.9,0,2,0.26,2,33,0.06060606060606061
HOU,Chris Conley,7.0,0.0,0,0,0.0,1,33,0.030303030303030304
HOU,Chris Conley,4.0,3.8,0,7,0.22978723404255322,10,33,0.30303030303030304
HOU,Chris Conley,5.0,7.8999999999999995,0,6,0.47931034482758617,12,33,0.36363636363636365
HOU,Chris Conley,8.0,1.7000000000000002,0,1,0.27,1,33,0.030303030303030304
HOU,Chris Conley,2.0,4.699999999999999,0,5,0.7461538461538461,7,33,0.21212121212121213
TB,Chris Godwin,7.0,4.7,0,1,1.1400000000000001,4,62,0.06451612903225806
TB,Chris Godwin,4.0,11.200000000000001,0,9,0.3206349206349206,12,62,0.1935483870967742
TB,Chris Godwin,6.0,3.0999999999999996,0,4,0.12456140350877193,6,62,0.0967741935483871
TB,Chris Godwin,5.0,12.8,12,12,0.6237288135593221,19,62,0.3064516129032258
TB,Chris Godwin,8.0,15.3,0,5,0.7518518518518519,7,62,0.11290322580645161
TB,Chris Godwin,2.0,6.7,6,8,0.7666666666666666,14,62,0.22580645161290322
JAX,Chris Manhertz,5.0,1.4000000000000001,0,2,0.24285714285714288,3,3,1.0
ARI,Christian Blake,3.0,0.0,0,0,0.0,1,11,0.09090909090909091
ARI,Christian Blake,7.0,4.0,0,2,0.375,2,11,0.18181818181818182
ARI,Christian Blake,5.0,1.2000000000000002,0,2,0.18823529411764706,4,11,0.36363636363636365
ARI,Christian Blake,8.0,0.0,0,0,0.0,1,11,0.09090909090909091
ARI,Christian Blake,2.0,0.7000000000000001,0,1,0.13076923076923078,3,11,0.2727272727272727
JAX,Christian Kirk,3.0,1.3,0,1,0.09999999999999999,3,38,0.07894736842105263
JAX,Christian Kirk,7.0,0.0,0,0,0.0,1,38,0.02631578947368421
JAX,Christian Kirk,4.0,12.900000000000002,6,12,0.2834862385321101,16,38,0.42105263157894735
JAX,Christian Kirk,6.0,1.6,0,1,0.06666666666666667,2,38,0.05263157894736842
JAX,Christian Kirk,5.0,5.4,6,6,0.6,7,38,0.18421052631578946
JAX,Christian Kirk,8.0,9.100000000000001,6,2,0.5516129032258065,3,38,0.07894736842105263
JAX,Christian Kirk,2.0,3.3,0,3,0.5727272727272728,6,38,0.15789473684210525
CAR,Christian McCaffrey,7.0,2.4000000000000004,0,1,1.7000000000000002,1,1,1.0
KC,Clyde Edwards-Helaire,7.0,2.4000000000000004,0,1,1.7000000000000002,1,2,0.5
KC,Clyde Edwards-Helaire,6.0,0.4,0,1,0.10769230769230768,1,2,0.5
CHI,Cole Kmet,4.0,6.0,0,6,0.24,10,15,0.6666666666666666
CHI,Cole Kmet,5.0,0.0,0,0,0.0,4,15,0.26666666666666666
CHI,Cole Kmet,8.0,0.0,0,0,0.0,1,15,0.06666666666666667
NYG,Collin Johnson,6.0,2.2,0,2,0.16153846153846155,4,11,0.36363636363636365
NYG,Collin Johnson,5.0,3.9000000000000004,0,3,0.3,5,11,0.45454545454545453
NYG,Collin Johnson,8.0,1.7000000000000002,0,1,0.24545454545454548,2,11,0.18181818181818182
LAR,Cooper Kupp,3.0,0.9,0,1,0.95,1,69,0.014492753623188406
LAR,Cooper Kupp,7.0,1.9000000000000001,0,1,0.1380952380952381,3,69,0.043478260869565216
LAR,Cooper Kupp,4.0,19.300000000000004,0,21,0.3912621359223301,27,69,0.391304347826087
LAR,Cooper Kupp,6.0,6.800000000000001,0,3,0.5764705882352942,4,69,0.057971014492753624
LAR,Cooper Kupp,5.0,17.400000000000002,6,16,0.5628571428571428,22,69,0.3188405797101449
LAR,Cooper Kupp,8.0,0.0,0,0,0.0,2,69,0.028985507246376812
LAR,Cooper Kupp,2.0,20.800000000000004,6,9,2.2375,10,69,0.14492753623188406
ATL,Cordarrelle Patterson,2.0,0.8,0,1,0.45,2,2,1.0
NYJ,Corey Davis,3.0,1.6,0,1,0.1368421052631579,4,58,0.06896551724137931
NYJ,Corey Davis,7.0,7.1,0,2,0.4789473684210526,4,58,0.06896551724137931
NYJ,Corey Davis,4.0,11.900000000000002,0,13,0.5297872340425531,15,58,0.25862068965517243
NYJ,Corey Davis,6.0,12.600000000000001,6,7,0.64,9,58,0.15517241379310345
NYJ,Corey Davis,5.0,15.3,6,11,0.41948051948051945,16,58,0.27586206896551724
NYJ,Corey Davis,8.0,0.0,0,0,0.0,1,58,0.017241379310344827
NYJ,Corey Davis,2.0,6.6000000000000005,0,6,0.3405405405405405,9,58,0.15517241379310345
DEN,Courtland Sutton,6.0,0.0,0,0,0.0,2,2,1.0
WAS,Curtis Samuel,7.0,1.7000000000000002,6,1,0.348,1,40,0.025
WAS,Curtis Samuel,4.0,6.5,0,7,0.34615384615384615,9,40,0.225
WAS,Curtis Samuel,6.0,4.5,0,3,0.22058823529411767,4,40,0.1
WAS,Curtis Samuel,5.0,15.4,0,11,0.5617021276595744,14,40,0.35
WAS,Curtis Samuel,8.0,7.9,0,2,0.45,2,40,0.05
WAS,Curtis Samuel,2.0,9.200000000000001,0,7,0.7043478260869565,10,40,0.25
DET,D'Andre Swift,4.0,4.300000000000001,0,4,0.259375,4,7,0.5714285714285714
DET,D'Andre Swift,2.0,2.9000000000000004,0,3,0.4916666666666667,3,7,0.42857142857142855
CAR,DJ Moore,3.0,3.6,0,2,0.509090909090909,2,69,0.028985507246376812
CAR,DJ Moore,7.0,1.8,0,1,0.09999999999999999,4,69,0.057971014492753624
CAR,DJ Moore,4.0,10.400000000000002,0,10,0.3578947368421053,12,69,0.17391304347826086
CAR,DJ Moore,6.0,15.0,0,10,0.3731343283582089,16,69,0.2318840579710145
CAR,DJ Moore,5.0,10.500000000000002,0,7,0.3181818181818182,14,69,0.2028985507246377
CAR,DJ Moore,8.0,11.8,6,2,1.1,5,69,0.07246376811594203
CAR,DJ Moore,2.0,12.700000000000001,0,8,0.48139534883720936,16,69,0.2318840579710145
SEA,DK Metcalf,3.0,5.7,0,4,0.5705882352941176,7,79,0.08860759493670886
SEA,DK Metcalf,7.0,0.0,0,0,0.0,1,79,0.012658227848101266
SEA,DK Metcalf,4.0,18.799999999999997,0,18,0.4181818181818182,24,79,0.3037974683544304
SEA,DK Metcalf,6.0,13.100000000000001,12,6,0.5553571428571429,10,79,0.12658227848101267
SEA,DK Metcalf,5.0,7.6,0,6,0.5037037037037037,8,79,0.10126582278481013
SEA,DK Metcalf,8.0,5.2,0,1,0.11923076923076924,4,79,0.05063291139240506
SEA,DK Metcalf,2.0,18.899999999999995,18,17,0.7700000000000001,25,79,0.31645569620253167
PHI,Dallas Goedert,7.0,0.0,0,0,0.0,1,27,0.037037037037037035
PHI,Dallas Goedert,4.0,4.5,0,7,0.3833333333333334,9,27,0.3333333333333333
PHI,Dallas Goedert,6.0,3.1,0,2,0.12439024390243901,2,27,0.07407407407407407
PHI,Dallas Goedert,5.0,8.0,0,7,0.4411764705882353,9,27,0.3333333333333333
PHI,Dallas Goedert,8.0,0.0,0,0,0.0,3,27,0.1111111111111111
PHI,Dallas Goedert,2.0,1.8000000000000003,0,2,0.47500000000000003,3,27,0.1111111111111111
DAL,Dalton Schultz,4.0,15.500000000000004,0,17,0.34946236559139787,20,52,0.38461538461538464
DAL,Dalton Schultz,6.0,8.700000000000001,0,7,0.21805555555555556,7,52,0.1346153846153846
DAL,Dalton Schultz,5.0,11.700000000000001,0,13,0.325,17,52,0.3269230769230769
DAL,Dalton Schultz,8.0,2.6,6,1,0.5647058823529412,1,52,0.019230769230769232
DAL,Dalton Schultz,2.0,1.8,0,2,0.11875,7,52,0.1346153846153846
MIN,Dalvin Cook,4.0,0.9000000000000001,0,3,0.12580645161290324,3,5,0.6
MIN,Dalvin Cook,6.0,2.9000000000000004,0,1,0.43333333333333335,2,5,0.4
ATL,Damiere Byrd,3.0,4.200000000000001,0,3,0.30000000000000004,6,51,0.11764705882352941
ATL,Damiere Byrd,4.0,15.6,0,14,0.7789473684210527,18,51,0.35294117647058826
ATL,Damiere Byrd,6.0,7.600000000000001,0,4,0.12210526315789476,9,51,0.17647058823529413
ATL,Damiere Byrd,5.0,6.0,0,4,0.45454545454545453,7,51,0.13725490196078433
ATL,Damiere Byrd,8.0,6.7,6,2,0.35,3,51,0.058823529411764705
ATL,Damiere Byrd,2.0,2.3000000000000003,0,3,0.265,8,51,0.1568627450980392
JAX,Dan Arnold,4.0,2.7,0,3,0.14615384615384616,5,14,0.35714285714285715
JAX,Dan Arnold,6.0,7.000000000000001,6,4,0.6296296296296297,5,14,0.35714285714285715
JAX,Dan Arnold,8.0,3.2,6,2,0.6222222222222222,2,14,0.14285714285714285
JAX,Dan Arnold,2.0,2.0,6,2,1.4285714285714286,2,14,0.14285714285714285
CHI,Dante Pettis,8.0,0.0,0,0,0.0,1,1,1.0
NYG,Darius Slayton,3.0,3.8,0,3,0.2518518518518518,6,65,0.09230769230769231
NYG,Darius Slayton,7.0,0.0,0,0,0.0,1,65,0.015384615384615385
NYG,Darius Slayton,4.0,12.5,0,13,0.22767857142857145,15,65,0.23076923076923078
NYG,Darius Slayton,6.0,11.3,0,6,0.36041666666666666,10,65,0.15384615384615385
NYG,Darius Slayton,5.0,2.0,0,2,0.14814814814814814,6,65,0.09230769230769231
NYG,Darius Slayton,8.0,6.200000000000001,6,2,0.8352941176470589,4,65,0.06153846153846154
NYG,Darius Slayton,2.0,13.800000000000002,6,11,0.4597014925373135,23,65,0.35384615384615387
CHI,Darnell Mooney,3.0,0.0,0,0,0.0,1,46,0.021739130434782608
CHI,Darnell Mooney,7.0,1.8,0,1,0.11666666666666665,3,46,0.06521739130434782
CHI,Darnell Mooney,4.0,9.299999999999999,0,12,0.19906542056074766,18,46,0.391304347826087
CHI,Darnell Mooney,6.0,1.7000000000000002,0,2,0.15416666666666667,4,46,0.08695652173913043
CHI,Darnell Mooney,5.0,8.3,0,9,0.4435897435897436,14,46,0.30434782608695654
CHI,Darnell Mooney,8.0,6.9,0,2,0.21707317073170732,4,46,0.08695652173913043
CHI,Darnell Mooney,2.0,0.0,0,0,0.0,2,46,0.043478260869565216
LV,Darren Waller,7.0,0.0,0,0,0.0,2,59,0.03389830508474576
LV,Darren Waller,4.0,16.900000000000002,6,15,0.5573529411764706,22,59,0.3728813559322034
LV,Darren Waller,6.0,10.3,0,7,0.3931818181818182,10,59,0.1694915254237288
LV,Darren Waller,5.0,9.100000000000001,0,9,0.5027777777777778,11,59,0.1864406779661017
LV,Darren Waller,8.0,0.2,6,1,0.4,2,59,0.03389830508474576
LV,Darren Waller,2.0,9.200000000000001,12,9,1.3130434782608698,12,59,0.2033898305084746
KC,Daurice Fountain,8.0,0.0,0,0,0.0,1,1,1.0
LV,Davante Adams,3.0,0.8,0,1,1.8,1,83,0.012048192771084338
LV,Davante Adams,7.0,0.7000000000000001,6,1,0.29615384615384616,3,83,0.03614457831325301
LV,Davante Adams,4.0,5.700000000000001,0,6,0.365625,10,83,0.12048192771084337
LV,Davante Adams,6.0,12.3,0,8,0.5075000000000001,12,83,0.14457831325301204
LV,Davante Adams,5.0,17.300000000000004,18,24,1.0781818181818181,29,83,0.3493975903614458
LV,Davante Adams,8.0,4.2,0,1,0.325,1,83,0.012048192771084338
LV,Davante Adams,2.0,19.799999999999997,12,20,1.2634146341463415,27,83,0.3253012048192771
CHI,David Montgomery,4.0,7.200000000000001,0,8,0.3707317073170732,10,13,0.7692307692307693
CHI,David Montgomery,5.0,1.4,0,2,0.26153846153846155,3,13,0.23076923076923078
CHI,David Moore,3.0,0.8,0,1,0.225,3,15,0.2
CHI,David Moore,6.0,2.1,6,2,0.38846153846153847,3,15,0.2
CHI,David Moore,5.0,1.5,0,2,0.20588235294117646,5,15,0.3333333333333333
CHI,David Moore,8.0,0.0,0,0,0.0,1,15,0.06666666666666667
CHI,David Moore,2.0,2.5,0,2,0.225,3,15,0.2
CLE,David Njoku,7.0,0.1,6,1,0.6454545454545454,1,14,0.07142857142857142
CLE,David Njoku,4.0,4.2,0,6,0.3290322580645161,7,14,0.5
CLE,David Njoku,6.0,1.1,0,1,0.12352941176470589,2,14,0.14285714285714285
CLE,David Njoku,5.0,2.9,0,3,0.5363636363636364,4,14,0.2857142857142857
BUF,Dawson Knox,4.0,1.2000000000000002,0,1,0.10476190476190476,1,7,0.14285714285714285
BUF,Dawson Knox,6.0,1.2000000000000002,0,1,0.09166666666666667,2,7,0.2857142857142857
BUF,Dawson Knox,5.0,2.6,6,3,0.5043478260869565,3,7,0.42857142857142855
BUF,Dawson Knox,8.0,0.0,0,0,0.0,1,7,0.14285714285714285
LAC,DeAndre Carter,8.0,0.0,0,0,0.0,1,1,1.0
NE,DeVante Parker,3.0,2.6,0,3,0.5599999999999999,5,77,0.06493506493506493
NE,DeVante Parker,7.0,1.8,0,1,0.09333333333333332,4,77,0.05194805194805195
NE,DeVante Parker,4.0,19.700000000000003,0,16,0.45769230769230773,24,77,0.3116883116883117
NE,DeVante Parker,6.0,9.500000000000002,0,7,0.4342105263157895,10,77,0.12987012987012986
NE,DeVante Parker,5.0,4.2,0,4,0.3727272727272728,5,77,0.06493506493506493
NE,DeVante Parker,8.0,1.5,0,1,0.09615384615384616,3,77,0.03896103896103896
NE,DeVante Parker,2.0,13.299999999999999,12,14,0.958536585365854,26,77,0.33766233766233766
SF,Deebo Samuel,4.0,3.0,0,2,0.29411764705882354,5,17,0.29411764705882354
SF,Deebo Samuel,6.0,3.4000000000000004,0,2,0.19285714285714287,6,17,0.35294117647058826
SF,Deebo Samuel,5.0,1.3,0,2,0.4125,2,17,0.11764705882352941
SF,Deebo Samuel,2.0,3.2,0,3,0.7750000000000001,4,17,0.23529411764705882
LV,Demarcus Robinson,3.0,1.3,0,2,1.0999999999999999,2,37,0.05405405405405406
LV,Demarcus Robinson,7.0,2.6,6,1,1.2,1,37,0.02702702702702703
LV,Demarcus Robinson,4.0,17.6,0,20,0.29606299212598425,22,37,0.5945945945945946
LV,Demarcus Robinson,5.0,7.199999999999999,0,6,0.5739130434782609,7,37,0.1891891891891892
LV,Demarcus Robinson,8.0,0.0,0,0,0.0,2,37,0.05405405405405406
LV,Demarcus Robinson,2.0,3.6,0,2,0.18666666666666665,3,37,0.08108108108108109
NYJ,Denzel Mims,7.0,0.0,0,0,0.0,2,19,0.10526315789473684
NYJ,Denzel Mims,4.0,5.4,0,4,0.3032258064516129,5,19,0.2631578947368421
NYJ,Denzel Mims,6.0,1.9000000000000001,0,1,0.09354838709677421,5,19,0.2631578947368421
NYJ,Denzel Mims,5.0,2.6,0,3,0.6222222222222222,3,19,0.15789473684210525
NYJ,Denzel Mims,8.0,0.0,0,0,0.0,3,19,0.15789473684210525
NYJ,Denzel Mims,2.0,2.6,0,1,0.5142857142857143,1,19,0.05263157894736842
TEN,Derrick Henry,4.0,2.3000000000000003,0,4,0.14,5,5,1.0
NE,Devin Asiasi,7.0,2.6,6,1,1.0666666666666667,1,5,0.2
NE,Devin Asiasi,6.0,1.3,0,1,0.32857142857142857,2,5,0.4
NE,Devin Asiasi,8.0,0.0,0,0,0.0,1,5,0.2
NE,Devin Asiasi,2.0,0.0,0,0,0.0,1,5,0.2
BAL,Devin Duvernay,7.0,0.0,0,0,0.0,1,10,0.1
BAL,Devin Duvernay,6.0,2.6,0,2,0.18400000000000002,4,10,0.4
BAL,Devin Duvernay,5.0,1.7000000000000002,0,2,0.33636363636363636,3,10,0.3
BAL,Devin Duvernay,8.0,3.9000000000000004,0,1,0.8166666666666668,1,10,0.1
BAL,Devin Duvernay,2.0,1.4000000000000001,0,1,0.17142857142857146,1,10,0.1
BUF,Devin Singletary,4.0,5.200000000000001,0,6,0.2196078431372549,6,6,1.0
PIT,Diontae Johnson,3.0,3.3000000000000003,0,3,0.525,4,82,0.04878048780487805
PIT,Diontae Johnson,7.0,0.0,0,0,0.0,2,82,0.024390243902439025
PIT,Diontae Johnson,4.0,8.3,0,10,0.3388888888888889,19,82,0.23170731707317074
PIT,Diontae Johnson,6.0,12.999999999999998,0,13,0.5777777777777777,19,82,0.23170731707317074
PIT,Diontae Johnson,5.0,14.0,6,13,0.55,15,82,0.18292682926829268
PIT,Diontae Johnson,8.0,0.0,0,0,0.0,3,82,0.036585365853658534
PIT,Diontae Johnson,2.0,11.600000000000001,6,14,0.7523809523809524,20,82,0.24390243902439024
CLE,Donovan Peoples-Jones,7.0,3.7,0,1,0.6714285714285715,1,7,0.14285714285714285
CLE,Donovan Peoples-Jones,6.0,1.3,0,1,0.32857142857142857,1,7,0.14285714285714285
CLE,Donovan Peoples-Jones,8.0,1.8,0,1,0.2545454545454545,2,7,0.2857142857142857
CLE,Donovan Peoples-Jones,2.0,1.3000000000000003,0,2,0.4714285714285715,3,7,0.42857142857142855
CIN,Drew Sample,7.0,0.0,0,0,0.0,3,20,0.15
CIN,Drew Sample,4.0,5.300000000000001,0,7,0.1430232558139535,7,20,0.35
CIN,Drew Sample,6.0,1.6,0,1,0.05909090909090909,2,20,0.1
CIN,Drew Sample,5.0,1.0,0,1,0.07407407407407407,3,20,0.15
CIN,Drew Sample,8.0,1.4000000000000001,0,1,0.18461538461538465,1,20,0.05
CIN,Drew Sample,2.0,2.1,0,3,0.51,4,20,0.2
MIA,Durham Smythe,2.0,1.0,0,1,0.4,3,3,1.0
CHI,Equanimeous St. Brown,3.0,0.0,0,0,0.0,1,4,0.25
CHI,Equanimeous St. Brown,6.0,3.6000000000000005,0,2,0.4307692307692308,2,4,0.5
CHI,Equanimeous St. Brown,2.0,0.0,0,0,0.0,1,4,0.25
DEN,Eric Tomlinson,8.0,0.0,0,0,0.0,1,1,1.0
JAX,Evan Engram,3.0,0.0,0,0,0.0,1,48,0.020833333333333332
JAX,Evan Engram,7.0,3.8000000000000003,0,2,0.21481481481481485,3,48,0.0625
JAX,Evan Engram,4.0,7.900000000000001,0,8,0.2148648648648649,16,48,0.3333333333333333
JAX,Evan Engram,6.0,0.0,0,0,0.0,4,48,0.08333333333333333
JAX,Evan Engram,5.0,6.200000000000001,0,8,0.3155555555555556,15,48,0.3125
JAX,Evan Engram,8.0,0.0,0,0,0.0,1,48,0.020833333333333332
JAX,Evan Engram,2.0,4.2,0,4,0.48235294117647054,8,48,0.16666666666666666
DAL,Ezekiel Elliott,4.0,3.4,0,6,0.19583333333333333,7,14,0.5
DAL,Ezekiel Elliott,6.0,0.4,0,1,0.175,3,14,0.21428571428571427
DAL,Ezekiel Elliott,5.0,1.9000000000000004,0,3,0.3266666666666667,4,14,0.2857142857142857
LV,Foster Moreau,8.0,0.0,0,0,0.0,1,1,1.0
SEA,Freddie Swain,3.0,1.2000000000000002,0,1,0.7333333333333334,1,4,0.25
SEA,Freddie Swain,2.0,3.0,0,2,0.4166666666666667,3,4,0.75
BUF,Gabriel Davis,7.0,7.800000000000001,0,2,0.5764705882352942,2,32,0.0625
BUF,Gabriel Davis,4.0,6.6000000000000005,0,6,0.22909090909090912,10,32,0.3125
BUF,Gabriel Davis,6.0,6.7,0,4,0.19814814814814813,5,32,0.15625
BUF,Gabriel Davis,5.0,2.8000000000000003,0,3,0.30526315789473685,3,32,0.09375
BUF,Gabriel Davis,8.0,7.9,12,2,0.5615384615384615,6,32,0.1875
BUF,Gabriel Davis,2.0,1.5,6,2,0.5,6,32,0.1875
TEN,Geoff Swaim,7.0,1.6,0,1,0.325,2,2,1.0
SF,George Kittle,7.0,0.5,6,1,1.5,1,30,0.03333333333333333
SF,George Kittle,4.0,4.9,0,5,0.41250000000000003,7,30,0.23333333333333334
SF,George Kittle,6.0,4.800000000000001,0,4,0.48888888888888893,6,30,0.2
SF,George Kittle,5.0,4.1,0,5,0.30333333333333334,5,30,0.16666666666666666
SF,George Kittle,8.0,1.4000000000000001,0,1,0.2666666666666667,3,30,0.1
SF,George Kittle,2.0,10.900000000000002,6,7,2.1727272727272724,8,30,0.26666666666666666
LAC,Gerald Everett,7.0,0.0,0,0,0.0,3,24,0.125
LAC,Gerald Everett,4.0,4.9,6,5,0.48181818181818176,7,24,0.2916666666666667
LAC,Gerald Everett,6.0,2.6,0,2,0.20909090909090908,3,24,0.125
LAC,Gerald Everett,5.0,8.5,0,4,0.43103448275862066,7,24,0.2916666666666667
LAC,Gerald Everett,2.0,3.3000000000000003,0,3,0.7,4,24,0.16666666666666666
PHI,Greg Ward,3.0,0.0,0,0,0.0,2,36,0.05555555555555555
PHI,Greg Ward,7.0,0.5,6,1,1.5,2,36,0.05555555555555555
PHI,Greg Ward,6.0,1.7000000000000002,0,2,0.04933333333333333,4,36,0.1111111111111111
PHI,Greg Ward,5.0,7.900000000000001,12,10,0.4901639344262295,17,36,0.4722222222222222
PHI,Greg Ward,8.0,3.2,6,1,0.20816326530612245,1,36,0.027777777777777776
PHI,Greg Ward,2.0,4.800000000000001,0,6,0.4153846153846154,10,36,0.2777777777777778
PIT,Gunner Olszewski,6.0,2.3000000000000003,0,2,0.47777777777777786,2,2,1.0
CLE,Harrison Bryant,3.0,0.9,0,1,1.9,1,24,0.041666666666666664
CLE,Harrison Bryant,4.0,5.300000000000001,0,6,0.2132075471698113,9,24,0.375
CLE,Harrison Bryant,6.0,1.8000000000000003,6,2,0.7000000000000001,3,24,0.125
CLE,Harrison Bryant,5.0,5.7,6,4,0.5413793103448277,7,24,0.2916666666666667
CLE,Harrison Bryant,8.0,0.0,0,0,0.0,2,24,0.08333333333333333
CLE,Harrison Bryant,2.0,1.4000000000000001,0,1,0.30000000000000004,2,24,0.08333333333333333
CIN,Hayden Hurst,7.0,1.8,0,1,0.09333333333333332,1,31,0.03225806451612903
CIN,Hayden Hurst,4.0,6.300000000000001,0,5,0.15066666666666667,10,31,0.3225806451612903
CIN,Hayden Hurst,6.0,1.7000000000000002,0,1,0.0509433962264151,7,31,0.22580645161290322
CIN,Hayden Hurst,5.0,4.7,0,6,0.2098039215686275,9,31,0.2903225806451613
CIN,Hayden Hurst,2.0,1.6,6,2,0.96,4,31,0.12903225806451613
NE,Hunter Henry,7.0,4.9,6,3,0.6950000000000001,7,44,0.1590909090909091
NE,Hunter Henry,4.0,16.9,6,17,0.6435483870967741,21,44,0.4772727272727273
NE,Hunter Henry,5.0,5.0,0,8,0.21666666666666667,10,44,0.22727272727272727
NE,Hunter Henry,8.0,3.4000000000000004,0,2,0.2571428571428572,3,44,0.06818181818181818
NE,Hunter Henry,2.0,1.0,6,1,1.3333333333333333,3,44,0.06818181818181818
LV,Hunter Renfrow,4.0,10.800000000000002,0,10,0.33015873015873015,12,39,0.3076923076923077
LV,Hunter Renfrow,6.0,2.8000000000000003,0,2,0.14117647058823532,5,39,0.1282051282051282
LV,Hunter Renfrow,5.0,6.300000000000001,6,8,0.47209302325581404,10,39,0.2564102564102564
LV,Hunter Renfrow,8.0,1.6,0,1,0.18571428571428572,1,39,0.02564102564102564
LV,Hunter Renfrow,2.0,6.0,0,5,0.6111111111111112,11,39,0.28205128205128205
CAR,Ian Thomas,7.0,0.0,0,0,0.0,3,14,0.21428571428571427
CAR,Ian Thomas,4.0,5.8,0,5,0.14794520547945206,6,14,0.42857142857142855
CAR,Ian Thomas,6.0,1.1,0,1,0.028767123287671233,5,14,0.35714285714285715
BUF,Isaiah McKenzie,6.0,1.8,0,2,0.475,2,2,1.0
WAS,J.D. McKissic,4.0,7.0,0,8,0.32608695652173914,11,24,0.4583333333333333
WAS,J.D. McKissic,6.0,3.1000000000000005,0,3,0.4357142857142858,3,24,0.125
WAS,J.D. McKissic,5.0,7.5,0,8,0.911764705882353,10,24,0.4166666666666667
BAL,J.K. Dobbins,2.0,1.3000000000000003,0,2,0.55,2,2,1.0
CLE,Ja'Marcus Bradley,3.0,0.0,0,0,0.0,1,1,1.0
LV,Jacob Hollister,4.0,4.0,6,4,0.3783783783783784,7,8,0.875
LV,Jacob Hollister,8.0,1.1,0,1,0.23333333333333334,1,8,0.125
NE,Jakobi Meyers,7.0,3.3000000000000003,0,1,0.3583333333333334,2,64,0.03125
NE,Jakobi Meyers,4.0,9.1,0,10,0.5787878787878789,14,64,0.21875
NE,Jakobi Meyers,6.0,21.6,0,12,0.5599999999999999,16,64,0.25
NE,Jakobi Meyers,5.0,16.200000000000003,0,14,0.7947368421052632,20,64,0.3125
NE,Jakobi Meyers,8.0,0.0,0,0,0.0,3,64,0.046875
NE,Jakobi Meyers,2.0,10.5,0,8,1.4230769230769231,9,64,0.140625
LAC,Jalen Guyton,3.0,0.8,0,1,0.3,3,21,0.14285714285714285
LAC,Jalen Guyton,7.0,5.200000000000001,0,2,0.2571428571428572,3,21,0.14285714285714285
LAC,Jalen Guyton,4.0,3.4000000000000004,0,4,0.06607142857142857,6,21,0.2857142857142857
LAC,Jalen Guyton,6.0,3.0,0,2,0.18518518518518517,2,21,0.09523809523809523
LAC,Jalen Guyton,5.0,1.5,0,1,0.08620689655172414,4,21,0.19047619047619047
LAC,Jalen Guyton,8.0,0.0,0,0,0.0,3,21,0.14285714285714285
PHI,Jalen Reagor,3.0,4.800000000000001,0,4,0.5176470588235295,4,21,0.19047619047619047
PHI,Jalen Reagor,6.0,1.6,0,1,0.06341463414634146,5,21,0.23809523809523808
PHI,Jalen Reagor,5.0,3.9000000000000004,0,4,0.4647058823529412,5,21,0.23809523809523808
PHI,Jalen Reagor,8.0,0.0,0,0,0.0,4,21,0.19047619047619047
PHI,Jalen Reagor,2.0,0.0,0,0,0.0,3,21,0.14285714285714285
DET,Jamaal Williams,4.0,2.9000000000000004,0,5,0.49374999999999997,5,5,1.0
JAX,Jamal Agnew,8.0,0.0,0,0,0.0,2,2,1.0
ARI,James Conner,4.0,2.3000000000000003,0,4,0.315,4,9,0.4444444444444444
ARI,James Conner,5.0,1.8000000000000003,0,2,0.47500000000000003,3,9,0.3333333333333333
ARI,James Conner,2.0,1.2000000000000002,0,2,0.4571428571428572,2,9,0.2222222222222222
CHI,James O'Shaughnessy,7.0,0.0,0,0,0.0,1,17,0.058823529411764705
CHI,James O'Shaughnessy,4.0,2.9,0,4,0.1864864864864865,5,17,0.29411764705882354
CHI,James O'Shaughnessy,6.0,3.4000000000000004,0,3,0.35555555555555557,5,17,0.29411764705882354
CHI,James O'Shaughnessy,5.0,3.3000000000000003,0,3,0.14,6,17,0.35294117647058826
JAX,James Robinson,4.0,6.000000000000001,0,7,0.34210526315789475,7,16,0.4375
JAX,James Robinson,6.0,2.7,0,4,0.41875,5,16,0.3125
JAX,James Robinson,5.0,2.7,0,3,0.57,4,16,0.25
DAL,James Washington,3.0,1.3,0,1,0.7666666666666666,1,32,0.03125
DAL,James Washington,7.0,0.0,0,0,0.0,2,32,0.0625
DAL,James Washington,4.0,15.000000000000002,6,11,0.9696969696969696,13,32,0.40625
DAL,James Washington,5.0,3.9000000000000004,0,4,0.27241379310344827,8,32,0.25
DAL,James Washington,8.0,1.9000000000000001,6,1,0.55625,3,32,0.09375
DAL,James Washington,2.0,2.7,6,3,0.508695652173913,5,32,0.15625
BUF,Jamison Crowder,3.0,1.0,0,1,0.6666666666666666,1,38,0.02631578947368421
BUF,Jamison Crowder,7.0,2.0,6,1,1.0,2,38,0.05263157894736842
BUF,Jamison Crowder,4.0,3.1000000000000005,6,4,0.31190476190476185,8,38,0.21052631578947367
BUF,Jamison Crowder,6.0,3.8000000000000003,6,2,0.47200000000000003,2,38,0.05263157894736842
BUF,Jamison Crowder,5.0,7.700000000000002,0,12,0.38627450980392153,17,38,0.4473684210526316
BUF,Jamison Crowder,8.0,0.0,0,0,0.0,1,38,0.02631578947368421
BUF,Jamison Crowder,2.0,4.9,0,4,0.55625,7,38,0.18421052631578946
NO,Jarvis Landry,3.0,0.0,0,0,0.0,1,66,0.015151515151515152
NO,Jarvis Landry,7.0,4.300000000000001,0,2,0.37058823529411766,3,66,0.045454545454545456
NO,Jarvis Landry,4.0,10.5,0,12,0.3358208955223881,15,66,0.22727272727272727
NO,Jarvis Landry,6.0,8.3,6,6,0.5970588235294118,9,66,0.13636363636363635
NO,Jarvis Landry,5.0,17.099999999999998,6,18,0.7339285714285714,23,66,0.3484848484848485
NO,Jarvis Landry,8.0,2.2,0,1,0.1523809523809524,3,66,0.045454545454545456
NO,Jarvis Landry,2.0,14.100000000000001,6,11,1.5550000000000002,12,66,0.18181818181818182
NYJ,Jeff Smith,7.0,0.0,0,0,0.0,1,19,0.05263157894736842
NYJ,Jeff Smith,4.0,4.0,0,6,0.24390243902439024,7,19,0.3684210526315789
NYJ,Jeff Smith,6.0,2.3,0,2,0.11621621621621621,5,19,0.2631578947368421
NYJ,Jeff Smith,5.0,1.4,0,2,0.24285714285714285,3,19,0.15789473684210525
NYJ,Jeff Smith,2.0,0.8,0,1,0.2571428571428572,3,19,0.15789473684210525
KC,Jerick McKinnon,7.0,2.6,0,1,3.6,1,22,0.045454545454545456
KC,Jerick McKinnon,4.0,5.0,0,7,0.5714285714285714,9,22,0.4090909090909091
KC,Jerick McKinnon,6.0,2.0,0,2,0.6666666666666666,2,22,0.09090909090909091
KC,Jerick McKinnon,5.0,1.4000000000000001,0,3,0.20952380952380953,7,22,0.3181818181818182
KC,Jerick McKinnon,2.0,1.9000000000000001,0,2,0.65,3,22,0.13636363636363635
DEN,Jerry Jeudy,7.0,2.2,0,1,0.09696969696969697,4,68,0.058823529411764705
DEN,Jerry Jeudy,4.0,8.6,6,7,0.21386138613861388,20,68,0.29411764705882354
DEN,Jerry Jeudy,6.0,12.4,0,6,0.2920634920634921,14,68,0.20588235294117646
DEN,Jerry Jeudy,5.0,2.3,0,4,0.18529411764705883,10,68,0.14705882352941177
DEN,Jerry Jeudy,8.0,11.700000000000001,6,2,0.5794117647058824,5,68,0.07352941176470588
DEN,Jerry Jeudy,2.0,5.6000000000000005,0,5,0.19629629629629633,15,68,0.22058823529411764
PHI,John Hightower,3.0,0.0,0,0,0.0,1,13,0.07692307692307693
PHI,John Hightower,4.0,1.8,0,2,0.22352941176470587,4,13,0.3076923076923077
PHI,John Hightower,8.0,0.0,0,0,0.0,3,13,0.23076923076923078
PHI,John Hightower,2.0,2.0,0,2,0.23529411764705882,5,13,0.38461538461538464
NE,Jonnu Smith,7.0,2.3000000000000003,12,3,0.6919999999999998,6,26,0.23076923076923078
NE,Jonnu Smith,4.0,3.7,0,4,0.21999999999999997,6,26,0.23076923076923078
NE,Jonnu Smith,5.0,1.3,0,2,0.11379310344827585,6,26,0.23076923076923078
NE,Jonnu Smith,2.0,7.9,6,6,0.9476190476190477,8,26,0.3076923076923077
NYG,Jordan Akins,7.0,2.0,0,1,0.14285714285714285,3,24,0.125
NYG,Jordan Akins,4.0,4.9,0,6,0.2658536585365854,7,24,0.2916666666666667
NYG,Jordan Akins,6.0,2.4000000000000004,0,3,0.19285714285714287,5,24,0.20833333333333334
NYG,Jordan Akins,5.0,7.100000000000001,0,7,0.23114754098360657,9,24,0.375
LV,Josh Jacobs,4.0,3.9000000000000004,0,4,0.17555555555555558,7,7,1.0
DET,Josh Reynolds,3.0,1.3,0,1,0.15333333333333332,4,51,0.0784313725490196
DET,Josh Reynolds,7.0,1.6,0,1,0.0962962962962963,3,51,0.058823529411764705
DET,Josh Reynolds,4.0,21.300000000000004,0,17,0.49102564102564106,23,51,0.45098039215686275
DET,Josh Reynolds,6.0,7.3,0,4,0.20545454545454547,7,51,0.13725490196078433
DET,Josh Reynolds,5.0,4.9,0,6,0.24222222222222223,8,51,0.1568627450980392
DET,Josh Reynolds,8.0,1.7000000000000002,0,1,0.3375,1,51,0.0196078431372549
DET,Josh Reynolds,2.0,2.5,0,2,0.34615384615384615,5,51,0.09803921568627451
LAC,Joshua Kelley,4.0,1.6,0,4,0.509090909090909,5,5,1.0
KC,JuJu Smith-Schuster,4.0,7.700000000000001,0,10,0.19887640449438201,18,53,0.33962264150943394
KC,JuJu Smith-Schuster,6.0,2.0,0,2,0.0851063829787234,5,53,0.09433962264150944
KC,JuJu Smith-Schuster,5.0,7.300000000000001,6,11,0.37384615384615383,16,53,0.3018867924528302
KC,JuJu Smith-Schuster,8.0,2.4000000000000004,0,1,0.1619047619047619,2,53,0.03773584905660377
KC,JuJu Smith-Schuster,2.0,9.4,6,9,0.6777777777777778,12,53,0.22641509433962265
MIN,Justin Jefferson,3.0,2.3000000000000003,0,2,0.5375000000000001,2,71,0.028169014084507043
MIN,Justin Jefferson,7.0,1.9000000000000001,0,1,0.09354838709677421,3,71,0.04225352112676056
MIN,Justin Jefferson,4.0,15.100000000000005,0,14,0.3932432432432433,19,71,0.2676056338028169
MIN,Justin Jefferson,6.0,16.900000000000002,6,11,0.5136363636363636,14,71,0.19718309859154928
MIN,Justin Jefferson,5.0,17.7,0,13,0.7139534883720932,17,71,0.23943661971830985
MIN,Justin Jefferson,8.0,10.100000000000001,0,3,0.524,3,71,0.04225352112676056
MIN,Justin Jefferson,2.0,12.600000000000001,6,10,0.7526315789473683,13,71,0.18309859154929578
KC,Justin Watson,6.0,1.1,0,2,0.1631578947368421,4,8,0.5
KC,Justin Watson,5.0,1.2000000000000002,0,1,0.1375,3,8,0.375
KC,Justin Watson,2.0,1.0,0,1,1.0,1,8,0.125
DET,Kalif Raymond,5.0,3.2,0,3,0.31,6,9,0.6666666666666666
DET,Kalif Raymond,8.0,0.0,0,0,0.0,1,9,0.1111111111111111
DET,Kalif Raymond,2.0,3.3,0,2,0.7571428571428571,2,9,0.2222222222222222
CLE,Kareem Hunt,4.0,2.5,6,2,0.21875,3,11,0.2727272727272727
CLE,Kareem Hunt,6.0,2.5,6,2,1.3125,3,11,0.2727272727272727
CLE,Kareem Hunt,5.0,1.6,0,2,0.27692307692307694,5,11,0.45454545454545453
TB,Ke'Shawn Vaughn,6.0,0.1,0,1,0.22000000000000003,2,2,1.0
SF,KeeSean Johnson,3.0,0.0,0,0,0.0,2,7,0.2857142857142857
SF,KeeSean Johnson,5.0,1.2000000000000002,0,2,0.29090909090909095,3,7,0.42857142857142855
SF,KeeSean Johnson,8.0,0.0,0,0,0.0,1,7,0.14285714285714285
SF,KeeSean Johnson,2.0,0.7000000000000001,0,1,0.42500000000000004,1,7,0.14285714285714285
LV,Keelan Cole,7.0,1.3,6,1,0.24411764705882355,6,45,0.13333333333333333
LV,Keelan Cole,4.0,4.1,0,4,0.13728813559322034,6,45,0.13333333333333333
LV,Keelan Cole,6.0,6.700000000000001,0,6,0.2760869565217391,8,45,0.17777777777777778
LV,Keelan Cole,5.0,14.100000000000001,0,14,0.28099999999999997,14,45,0.3111111111111111
LV,Keelan Cole,8.0,0.0,0,0,0.0,1,45,0.022222222222222223
LV,Keelan Cole,2.0,6.4,6,6,0.5575757575757575,10,45,0.2222222222222222
LAC,Keenan Allen,3.0,2.1,0,3,0.6375,4,87,0.04597701149425287
LAC,Keenan Allen,7.0,2.1,0,1,0.11923076923076924,5,87,0.05747126436781609
LAC,Keenan Allen,4.0,20.900000000000002,6,21,0.4696078431372549,30,87,0.3448275862068966
LAC,Keenan Allen,6.0,10.700000000000001,0,8,0.38163265306122457,11,87,0.12643678160919541
LAC,Keenan Allen,5.0,6.700000000000001,6,8,0.42244897959183664,17,87,0.19540229885057472
LAC,Keenan Allen,8.0,1.4000000000000001,6,1,0.49411764705882355,2,87,0.022988505747126436
LAC,Keenan Allen,2.0,11.900000000000002,0,10,0.7300000000000001,18,87,0.20689655172413793
IND,Keke Coutee,7.0,2.9000000000000004,0,1,0.43333333333333335,2,20,0.1
IND,Keke Coutee,4.0,6.999999999999999,0,7,0.3783783783783784,7,20,0.35
IND,Keke Coutee,5.0,4.5,0,6,0.3387096774193548,6,20,0.3
IND,Keke Coutee,8.0,0.0,0,0,0.0,2,20,0.1
IND,Keke Coutee,2.0,2.2,6,2,0.7285714285714285,3,20,0.15
NE,Kendrick Bourne,4.0,11.700000000000001,0,9,0.28356164383561644,15,49,0.30612244897959184
NE,Kendrick Bourne,6.0,9.5,0,6,0.24603174603174602,13,49,0.2653061224489796
NE,Kendrick Bourne,5.0,10.5,0,10,0.36607142857142855,11,49,0.22448979591836735
NE,Kendrick Bourne,8.0,3.5,0,2,0.3055555555555556,3,49,0.061224489795918366
NE,Kendrick Bourne,2.0,8.4,0,6,0.72,7,49,0.14285714285714285
NYG,Kenny Golladay,3.0,0.0,0,0,0.0,2,21,0.09523809523809523
NYG,Kenny Golladay,6.0,3.0,0,2,0.38461538461538464,4,21,0.19047619047619047
NYG,Kenny Golladay,8.0,11.700000000000001,6,5,1.2611111111111113,9,21,0.42857142857142855
NYG,Kenny Golladay,2.0,4.2,0,4,0.6307692307692307,6,21,0.2857142857142857
LV,Kenyan Drake,4.0,4.800000000000001,0,6,0.32727272727272727,6,6,1.0
ATL,KhaDarel Hodge,3.0,2.8,0,2,0.48,2,9,0.2222222222222222
ATL,KhaDarel Hodge,7.0,2.6,0,1,0.4,2,9,0.2222222222222222
ATL,KhaDarel Hodge,5.0,2.9,0,3,0.7375,4,9,0.4444444444444444
ATL,KhaDarel Hodge,8.0,1.5,0,1,0.16666666666666666,1,9,0.1111111111111111
SF,Kyle Juszczyk,5.0,3.0,0,3,0.6666666666666666,4,4,1.0
JAX,Laquon Treadwell,4.0,2.4,12,4,1.4153846153846152,4,4,1.0
TB,Leonard Fournette,4.0,6.0,0,5,0.275,6,14,0.42857142857142855
TB,Leonard Fournette,5.0,5.300000000000001,0,5,0.5421052631578948,8,14,0.5714285714285714
WAS,Logan Thomas,7.0,3.6,6,2,0.725,3,47,0.06382978723404255
WAS,Logan Thomas,4.0,12.4,6,13,0.35280898876404493,18,47,0.3829787234042553
WAS,Logan Thomas,6.0,0.8,0,1,0.03461538461538462,2,47,0.0425531914893617
WAS,Logan Thomas,5.0,11.600000000000003,0,11,0.24835164835164836,22,47,0.46808510638297873
WAS,Logan Thomas,8.0,0.0,0,0,0.0,2,47,0.0425531914893617
MIA,Lynn Bowden Jr.,5.0,4.1,0,3,0.25357142857142856,4,12,0.3333333333333333
MIA,Lynn Bowden Jr.,8.0,2.2,0,1,0.24615384615384617,1,12,0.08333333333333333
MIA,Lynn Bowden Jr.,2.0,4.300000000000001,0,5,0.4043478260869566,7,12,0.5833333333333334
LV,Mack Hollins,7.0,0.0,0,0,0.0,1,16,0.0625
LV,Mack Hollins,4.0,1.7000000000000002,0,2,0.30833333333333335,4,16,0.25
LV,Mack Hollins,6.0,4.3,0,4,0.3608695652173913,5,16,0.3125
LV,Mack Hollins,2.0,3.2,0,4,0.36,6,16,0.375
GB,Malik Taylor,7.0,0.0,0,0,0.0,1,2,0.5
GB,Malik Taylor,8.0,2.6,0,1,0.9,1,2,0.5
SF,Marcus Johnson,7.0,10.2,0,3,1.8857142857142857,3,18,0.16666666666666666
SF,Marcus Johnson,4.0,4.1,0,3,0.15777777777777777,5,18,0.2777777777777778
SF,Marcus Johnson,6.0,6.800000000000001,0,5,0.36874999999999997,7,18,0.3888888888888889
SF,Marcus Johnson,8.0,3.6,0,1,0.27058823529411763,3,18,0.16666666666666666
BAL,Mark Andrews,7.0,4.9,6,2,0.47777777777777775,5,51,0.09803921568627451
BAL,Mark Andrews,4.0,10.100000000000001,6,11,0.4301587301587302,18,51,0.35294117647058826
BAL,Mark Andrews,6.0,10.200000000000001,6,7,0.6823529411764705,9,51,0.17647058823529413
BAL,Mark Andrews,5.0,6.7,0,8,0.4741935483870969,12,51,0.23529411764705882
BAL,Mark Andrews,8.0,1.4000000000000001,0,1,0.30000000000000004,2,51,0.0392156862745098
BAL,Mark Andrews,2.0,3.0,0,3,0.42857142857142855,5,51,0.09803921568627451
NO,Marquez Callaway,3.0,1.1,0,1,0.525,1,18,0.05555555555555555
NO,Marquez Callaway,4.0,7.300000000000001,0,8,0.5666666666666667,11,18,0.6111111111111112
NO,Marquez Callaway,5.0,3.1,0,4,0.39444444444444443,4,18,0.2222222222222222
NO,Marquez Callaway,2.0,3.2,0,2,0.4727272727272727,2,18,0.1111111111111111
KC,Marquez Valdes-Scantling,3.0,0.8,0,1,0.9,2,23,0.08695652173913043
KC,Marquez Valdes-Scantling,7.0,1.9000000000000001,0,1,0.1380952380952381,2,23,0.08695652173913043
KC,Marquez Valdes-Scantling,4.0,6.2,0,4,0.24285714285714283,5,23,0.21739130434782608
KC,Marquez Valdes-Scantling,5.0,3.3000000000000003,0,5,0.21842105263157896,9,23,0.391304347826087
KC,Marquez Valdes-Scantling,8.0,0.0,0,0,0.0,3,23,0.13043478260869565
KC,Marquez Valdes-Scantling,2.0,1.2000000000000002,0,1,0.08800000000000001,2,23,0.08695652173913043
ARI,Marquise Brown,3.0,2.0,0,2,0.4,3,65,0.046153846153846156
ARI,Marquise Brown,7.0,4.7,0,1,0.20357142857142857,5,65,0.07692307692307693
ARI,Marquise Brown,4.0,12.0,6,10,0.56,11,65,0.16923076923076924
ARI,Marquise Brown,6.0,8.899999999999999,0,5,0.33095238095238094,9,65,0.13846153846153847
ARI,Marquise Brown,5.0,9.500000000000002,6,10,0.6891891891891891,18,65,0.27692307692307694
ARI,Marquise Brown,8.0,1.8,6,1,0.21463414634146344,5,65,0.07692307692307693
ARI,Marquise Brown,2.0,9.700000000000001,0,10,0.7576923076923078,14,65,0.2153846153846154
JAX,Marvin Hall,3.0,0.0,0,0,0.0,1,22,0.045454545454545456
JAX,Marvin Hall,4.0,5.3,0,5,0.38148148148148153,6,22,0.2727272727272727
JAX,Marvin Hall,6.0,4.9,0,4,0.2696969696969697,7,22,0.3181818181818182
JAX,Marvin Hall,5.0,1.7000000000000002,0,2,0.23125,3,22,0.13636363636363635
JAX,Marvin Hall,8.0,2.4000000000000004,6,1,0.5222222222222223,5,22,0.22727272727272727
KC,Mecole Hardman,7.0,1.9000000000000001,0,1,0.17058823529411768,3,26,0.11538461538461539
KC,Mecole Hardman,4.0,13.300000000000002,0,12,0.4600000000000001,15,26,0.5769230769230769
KC,Mecole Hardman,5.0,1.9000000000000001,0,2,0.22941176470588237,4,26,0.15384615384615385
KC,Mecole Hardman,8.0,0.0,0,0,0.0,2,26,0.07692307692307693
KC,Mecole Hardman,2.0,1.9000000000000001,0,1,0.2416666666666667,2,26,0.07692307692307693
DAL,Michael Gallup,3.0,2.9000000000000004,0,2,0.13611111111111113,5,65,0.07692307692307693
DAL,Michael Gallup,7.0,1.3,6,1,0.4882352941176471,2,65,0.03076923076923077
DAL,Michael Gallup,4.0,19.299999999999997,0,16,0.26742424242424245,27,65,0.4153846153846154
DAL,Michael Gallup,6.0,5.9,0,4,0.11927710843373494,6,65,0.09230769230769231
DAL,Michael Gallup,5.0,6.800000000000001,0,6,0.3047619047619048,9,65,0.13846153846153847
DAL,Michael Gallup,8.0,6.1000000000000005,0,3,0.26000000000000006,5,65,0.07692307692307693
DAL,Michael Gallup,2.0,6.300000000000001,12,5,0.6297297297297296,11,65,0.16923076923076924
IND,Michael Pittman Jr.,3.0,0.0,0,0,0.0,2,42,0.047619047619047616
IND,Michael Pittman Jr.,7.0,0.0,0,0,0.0,1,42,0.023809523809523808
IND,Michael Pittman Jr.,4.0,6.000000000000001,0,7,0.16883116883116886,11,42,0.2619047619047619
IND,Michael Pittman Jr.,6.0,3.6000000000000005,0,3,0.12222222222222223,7,42,0.16666666666666666
IND,Michael Pittman Jr.,5.0,0.7000000000000001,0,1,0.2833333333333334,3,42,0.07142857142857142
IND,Michael Pittman Jr.,8.0,0.0,0,0,0.0,4,42,0.09523809523809523
IND,Michael Pittman Jr.,2.0,10.500000000000002,0,11,0.8958333333333335,14,42,0.3333333333333333
NO,Michael Thomas,7.0,3.8000000000000003,0,1,0.4000000000000001,2,47,0.0425531914893617
NO,Michael Thomas,4.0,9.0,6,8,1.0454545454545454,10,47,0.2127659574468085
NO,Michael Thomas,6.0,9.7,0,6,0.5233333333333333,8,47,0.1702127659574468
NO,Michael Thomas,5.0,9.9,0,9,0.8590909090909092,11,47,0.23404255319148937
NO,Michael Thomas,8.0,2.0,0,1,0.21428571428571427,4,47,0.0851063829787234
NO,Michael Thomas,2.0,6.8999999999999995,0,10,0.7347826086956522,12,47,0.2553191489361702
BAL,Mike Davis,4.0,6.200000000000001,0,10,0.44999999999999996,11,11,1.0
TB,Mike Evans,3.0,10.600000000000001,0,6,0.9222222222222223,8,82,0.0975609756097561
TB,Mike Evans,7.0,3.9000000000000004,12,3,0.7269230769230769,6,82,0.07317073170731707
TB,Mike Evans,4.0,18.1,0,15,0.29035087719298247,28,82,0.34146341463414637
TB,Mike Evans,6.0,16.400000000000002,6,9,0.32040816326530613,13,82,0.15853658536585366
TB,Mike Evans,5.0,11.000000000000002,12,12,0.813953488372093,17,82,0.2073170731707317
TB,Mike Evans,2.0,3.1,6,4,0.29111111111111104,10,82,0.12195121951219512
MIA,Mike Gesicki,7.0,24.3,12,10,0.8735849056603776,15,56,0.26785714285714285
MIA,Mike Gesicki,4.0,4.800000000000001,6,6,0.56,6,56,0.10714285714285714
MIA,Mike Gesicki,6.0,1.6,0,2,0.15,4,56,0.07142857142857142
MIA,Mike Gesicki,5.0,2.8000000000000007,0,4,0.10625000000000001,11,56,0.19642857142857142
MIA,Mike Gesicki,8.0,8.700000000000001,0,4,0.4884615384615385,7,56,0.125
MIA,Mike Gesicki,2.0,11.2,0,9,0.7769230769230769,13,56,0.23214285714285715
CIN,Mike Thomas,6.0,0.0,0,0,0.0,3,12,0.25
CIN,Mike Thomas,5.0,2.7,0,3,0.5181818181818182,6,12,0.5
CIN,Mike Thomas,8.0,0.0,0,0,0.0,1,12,0.08333333333333333
CIN,Mike Thomas,2.0,1.4,6,2,1.0444444444444445,2,12,0.16666666666666666
LAC,Mike Williams,3.0,0.7000000000000001,0,1,0.8500000000000001,1,54,0.018518518518518517
LAC,Mike Williams,7.0,3.6,0,2,0.2545454545454545,3,54,0.05555555555555555
LAC,Mike Williams,4.0,13.5,0,16,0.3352272727272727,21,54,0.3888888888888889
LAC,Mike Williams,6.0,8.200000000000001,6,4,0.330909090909091,7,54,0.12962962962962962
LAC,Mike Williams,5.0,2.6,0,2,0.22999999999999998,7,54,0.12962962962962962
LAC,Mike Williams,8.0,6.6,0,2,0.3071428571428571,6,54,0.1111111111111111
LAC,Mike Williams,2.0,7.700000000000001,0,6,0.5074074074074074,9,54,0.16666666666666666
PIT,Miles Boykin,7.0,0.6000000000000001,6,1,1.0857142857142856,2,21,0.09523809523809523
PIT,Miles Boykin,4.0,5.0,0,5,0.3333333333333333,6,21,0.2857142857142857
PIT,Miles Boykin,6.0,0.0,0,0,0.0,2,21,0.09523809523809523
PIT,Miles Boykin,5.0,1.6,0,2,0.32727272727272727,4,21,0.19047619047619047
PIT,Miles Boykin,8.0,5.8,6,2,0.6900000000000001,3,21,0.14285714285714285
PIT,Miles Boykin,2.0,3.8000000000000007,0,3,0.3238095238095238,4,21,0.19047619047619047
PHI,Miles Sanders,4.0,2.2,0,4,0.24799999999999997,6,16,0.375
PHI,Miles Sanders,5.0,3.4,0,5,0.2210526315789474,10,16,0.625
IND,Mo Alie-Cox,7.0,8.100000000000001,0,3,0.5285714285714287,6,14,0.42857142857142855
IND,Mo Alie-Cox,4.0,3.6,0,4,0.27142857142857146,5,14,0.35714285714285715
IND,Mo Alie-Cox,8.0,3.3000000000000003,0,2,1.7666666666666668,2,14,0.14285714285714285
IND,Mo Alie-Cox,2.0,0.0,0,0,0.0,1,14,0.07142857142857142
NE,N'Keal Harry,3.0,3.7,0,2,1.1400000000000001,3,29,0.10344827586206896
NE,N'Keal Harry,7.0,0.0,0,0,0.0,1,29,0.034482758620689655
NE,N'Keal Harry,4.0,7.2,6,8,0.6838709677419355,11,29,0.3793103448275862
NE,N'Keal Harry,6.0,1.3,0,1,0.06052631578947368,4,29,0.13793103448275862
NE,N'Keal Harry,8.0,0.0,0,0,0.0,3,29,0.10344827586206896
NE,N'Keal Harry,2.0,3.3000000000000003,0,4,0.5615384615384615,7,29,0.2413793103448276
NE,Nelson Agholor,3.0,1.4000000000000001,0,1,0.3428571428571429,3,49,0.061224489795918366
NE,Nelson Agholor,7.0,2.7,6,2,0.48636363636363633,5,49,0.10204081632653061
NE,Nelson Agholor,4.0,9.700000000000003,0,10,0.34561403508771926,12,49,0.24489795918367346
NE,Nelson Agholor,6.0,3.8000000000000003,0,3,0.13877551020408166,9,49,0.1836734693877551
NE,Nelson Agholor,5.0,5.9,0,6,0.39666666666666667,9,49,0.1836734693877551
NE,Nelson Agholor,8.0,15.500000000000002,12,4,0.9545454545454546,8,49,0.16326530612244897
NE,Nelson Agholor,2.0,2.1,0,2,0.25625,3,49,0.061224489795918366
BAL,Nick Boyle,7.0,1.7000000000000002,0,1,0.54,1,1,1.0
TEN,Nick Westbrook-Ikhine,3.0,0.7000000000000001,0,1,0.42500000000000004,1,5,0.2
TEN,Nick Westbrook-Ikhine,7.0,1.9000000000000001,0,1,0.7250000000000001,1,5,0.2
TEN,Nick Westbrook-Ikhine,5.0,0.7000000000000001,0,1,0.17,3,5,0.6
DAL,Noah Brown,7.0,0.0,0,0,0.0,1,17,0.058823529411764705
DAL,Noah Brown,4.0,5.5,0,4,0.36538461538461536,6,17,0.35294117647058826
DAL,Noah Brown,6.0,5.300000000000001,0,2,0.4866666666666667,3,17,0.17647058823529413
DAL,Noah Brown,8.0,0.0,0,0,0.0,1,17,0.058823529411764705
DAL,Noah Brown,2.0,5.1000000000000005,0,5,1.0099999999999998,6,17,0.35294117647058826
SEA,Noah Fant,7.0,4.800000000000001,12,3,0.8999999999999999,7,33,0.21212121212121213
SEA,Noah Fant,4.0,5.200000000000001,0,8,0.22372881355932206,10,33,0.30303030303030304
SEA,Noah Fant,6.0,2.6,0,2,0.15333333333333332,4,33,0.12121212121212122
SEA,Noah Fant,5.0,5.9,0,8,0.27254901960784317,12,33,0.36363636363636365
IND,Nyheim Hines,4.0,5.000000000000001,0,7,0.5217391304347825,7,23,0.30434782608695654
IND,Nyheim Hines,6.0,1.5,0,2,0.3181818181818182,2,23,0.08695652173913043
IND,Nyheim Hines,5.0,5.6000000000000005,6,8,1.031578947368421,10,23,0.43478260869565216
IND,Nyheim Hines,2.0,2.3,0,3,1.06,4,23,0.17391304347826086
ATL,Olamide Zaccheaus,3.0,1.0,0,1,0.6666666666666666,1,19,0.05263157894736842
ATL,Olamide Zaccheaus,7.0,0.0,0,0,0.0,1,19,0.05263157894736842
ATL,Olamide Zaccheaus,4.0,4.5,0,5,0.296875,7,19,0.3684210526315789
ATL,Olamide Zaccheaus,6.0,3.0,0,3,0.16666666666666666,4,19,0.21052631578947367
ATL,Olamide Zaccheaus,2.0,4.6,0,5,1.0666666666666667,6,19,0.3157894736842105
IND,Parris Campbell,7.0,1.7000000000000002,0,1,0.9,2,4,0.5
IND,Parris Campbell,6.0,3.9000000000000004,0,2,1.9666666666666668,2,4,0.5
HOU,Pharaoh Brown,8.0,1.4000000000000001,0,1,1.2000000000000002,1,1,1.0
MIA,Preston Williams,7.0,0.0,0,0,0.0,2,20,0.1
MIA,Preston Williams,4.0,3.8,6,4,0.35384615384615387,8,20,0.4
MIA,Preston Williams,8.0,4.7,6,2,0.396875,3,20,0.15
MIA,Preston Williams,2.0,3.7,12,5,1.29375,7,20,0.35
PHI,Quez Watkins,7.0,0.0,0,0,0.0,2,2,1.0
DET,Quintez Cephus,3.0,1.4000000000000001,0,1,0.30000000000000004,1,25,0.04
DET,Quintez Cephus,7.0,0.0,0,0,0.0,1,25,0.04
DET,Quintez Cephus,4.0,2.9000000000000004,0,3,0.184375,8,25,0.32
DET,Quintez Cephus,6.0,3.6,0,1,0.16428571428571428,4,25,0.16
DET,Quintez Cephus,8.0,5.4,0,3,0.6,5,25,0.2
DET,Quintez Cephus,2.0,6.3,0,6,0.6473684210526316,6,25,0.24
MIA,Raheem Mostert,4.0,1.9,0,3,0.4454545454545455,4,8,0.5
MIA,Raheem Mostert,5.0,2.0,0,4,0.5454545454545454,4,8,0.5
GB,Randall Cobb,7.0,2.8000000000000003,0,1,0.38,1,26,0.038461538461538464
GB,Randall Cobb,4.0,5.6,0,7,0.2863636363636364,8,26,0.3076923076923077
GB,Randall Cobb,6.0,3.3000000000000003,0,3,0.26249999999999996,4,26,0.15384615384615385
GB,Randall Cobb,5.0,3.5000000000000004,0,3,0.17105263157894737,6,26,0.23076923076923078
GB,Randall Cobb,8.0,1.5,0,1,0.16666666666666666,2,26,0.07692307692307693
GB,Randall Cobb,2.0,3.5999999999999996,0,4,0.38,5,26,0.19230769230769232
CAR,Rashard Higgins,3.0,0.0,0,0,0.0,1,44,0.022727272727272728
CAR,Rashard Higgins,7.0,2.6000000000000005,0,2,0.23000000000000004,3,44,0.06818181818181818
CAR,Rashard Higgins,4.0,12.5,0,9,0.5657894736842105,13,44,0.29545454545454547
CAR,Rashard Higgins,6.0,10.000000000000002,0,6,0.8888888888888888,7,44,0.1590909090909091
CAR,Rashard Higgins,5.0,9.4,0,6,0.6695652173913043,10,44,0.22727272727272727
CAR,Rashard Higgins,8.0,0.0,0,0,0.0,2,44,0.045454545454545456
CAR,Rashard Higgins,2.0,5.8999999999999995,0,5,0.4037037037037037,8,44,0.18181818181818182
HOU,Rex Burkhead,7.0,0.0,0,0,0.0,2,2,1.0
MIA,River Cracraft,7.0,0.0,0,0,0.0,1,3,0.3333333333333333
MIA,River Cracraft,2.0,2.0,0,2,0.5714285714285714,2,3,0.6666666666666666
GB,Robert Tonyan,7.0,1.9000000000000001,6,1,0.37083333333333335,3,14,0.21428571428571427
GB,Robert Tonyan,4.0,4.4,12,5,0.5944444444444446,5,14,0.35714285714285715
GB,Robert Tonyan,5.0,2.3000000000000003,0,3,0.22083333333333335,3,14,0.21428571428571427
GB,Robert Tonyan,2.0,2.0,6,3,0.9166666666666666,3,14,0.21428571428571427
TEN,Robert Woods,3.0,0.0,0,0,0.0,1,67,0.014925373134328358
TEN,Robert Woods,7.0,3.0,0,1,0.10526315789473684,7,67,0.1044776119402985
TEN,Robert Woods,4.0,10.6,0,12,0.2483516483516484,17,67,0.2537313432835821
TEN,Robert Woods,5.0,19.000000000000007,6,22,0.573170731707317,33,67,0.4925373134328358
TEN,Robert Woods,8.0,12.4,6,6,0.9384615384615385,6,67,0.08955223880597014
TEN,Robert Woods,2.0,3.5,0,2,0.7857142857142857,3,67,0.04477611940298507
SF,Ross Dwelley,7.0,1.7000000000000002,0,1,0.38571428571428573,2,8,0.25
SF,Ross Dwelley,6.0,0.0,0,0,0.0,2,8,0.25
SF,Ross Dwelley,5.0,3.3,0,3,0.39375,3,8,0.375
SF,Ross Dwelley,8.0,2.0,0,1,0.2727272727272727,1,8,0.125
TB,Russell Gage,7.0,1.7000000000000002,0,1,0.19285714285714287,2,62,0.03225806451612903
TB,Russell Gage,4.0,17.3,0,15,0.32626262626262625,17,62,0.27419354838709675
TB,Russell Gage,6.0,0.0,0,0,0.0,4,62,0.06451612903225806
TB,Russell Gage,5.0,15.700000000000001,12,16,0.7283333333333334,21,62,0.3387096774193548
TB,Russell Gage,8.0,5.1000000000000005,0,2,0.2535714285714286,5,62,0.08064516129032258
TB,Russell Gage,2.0,12.9,6,8,0.5847826086956522,13,62,0.20967741935483872
GB,Sammy Watkins,3.0,0.0,0,0,0.0,1,36,0.027777777777777776
GB,Sammy Watkins,7.0,1.7000000000000002,0,1,0.135,3,36,0.08333333333333333
GB,Sammy Watkins,4.0,8.400000000000002,0,10,0.25555555555555554,13,36,0.3611111111111111
GB,Sammy Watkins,6.0,7.5,0,5,0.2604166666666667,6,36,0.16666666666666666
GB,Sammy Watkins,5.0,4.0,0,4,0.3333333333333333,5,36,0.1388888888888889
GB,Sammy Watkins,2.0,3.2,0,3,0.23846153846153847,8,36,0.2222222222222222
TB,Scotty Miller,3.0,2.1,0,2,0.24117647058823527,2,28,0.07142857142857142
TB,Scotty Miller,7.0,0.0,0,0,0.0,1,28,0.03571428571428571
TB,Scotty Miller,4.0,6.1000000000000005,0,7,0.22586206896551728,8,28,0.2857142857142857
TB,Scotty Miller,6.0,1.4000000000000001,0,2,0.10967741935483873,2,28,0.07142857142857142
TB,Scotty Miller,5.0,6.000000000000001,0,5,0.4782608695652174,10,28,0.35714285714285715
TB,Scotty Miller,8.0,4.800000000000001,6,1,0.7866666666666667,3,28,0.10714285714285714
TB,Scotty Miller,2.0,1.2000000000000002,0,1,0.22000000000000003,2,28,0.07142857142857142
BUF,Stefon Diggs,3.0,5.9,0,5,1.211111111111111,5,121,0.04132231404958678
BUF,Stefon Diggs,7.0,2.1,6,1,0.7,2,121,0.01652892561983471
BUF,Stefon Diggs,4.0,49.699999999999996,0,50,0.6116564417177915,60,121,0.49586776859504134
BUF,Stefon Diggs,6.0,6.699999999999999,6,8,0.3763636363636364,13,121,0.10743801652892562
BUF,Stefon Diggs,5.0,17.6,0,18,0.726530612244898,23,121,0.19008264462809918
BUF,Stefon Diggs,8.0,5.1,0,2,0.39444444444444443,4,121,0.03305785123966942
BUF,Stefon Diggs,2.0,20.400000000000006,18,12,2.5199999999999996,14,121,0.11570247933884298
NYG,Sterling Shepard,3.0,2.2,0,2,0.4666666666666667,2,53,0.03773584905660377
NYG,Sterling Shepard,7.0,0.0,0,0,0.0,1,53,0.018867924528301886
NYG,Sterling Shepard,4.0,15.6,0,16,0.3257731958762887,23,53,0.4339622641509434
NYG,Sterling Shepard,6.0,8.700000000000001,0,4,0.5291666666666667,4,53,0.07547169811320754
NYG,Sterling Shepard,5.0,5.300000000000001,0,8,0.41562499999999997,10,53,0.18867924528301888
NYG,Sterling Shepard,8.0,2.4000000000000004,0,1,0.3777777777777778,1,53,0.018867924528301886
NYG,Sterling Shepard,2.0,5.000000000000001,6,7,0.5806451612903225,12,53,0.22641509433962265
DET,T.J. Hockenson,7.0,11.3,0,5,0.5620689655172414,7,50,0.14
DET,T.J. Hockenson,4.0,3.0,0,4,0.1044776119402985,7,50,0.14
DET,T.J. Hockenson,6.0,7.0,6,6,0.48717948717948717,9,50,0.18
DET,T.J. Hockenson,5.0,11.8,6,11,0.5333333333333333,19,50,0.38
DET,T.J. Hockenson,8.0,3.0,0,2,0.35714285714285715,4,50,0.08
DET,T.J. Hockenson,2.0,4.300000000000001,0,4,0.4368421052631579,4,50,0.08
NO,Taysom Hill,7.0,0.0,0,0,0.0,2,2,1.0
CIN,Tee Higgins,3.0,4.2,0,2,1.0333333333333334,2,65,0.03076923076923077
CIN,Tee Higgins,7.0,0.1,6,1,0.41764705882352937,1,65,0.015384615384615385
CIN,Tee Higgins,4.0,11.300000000000002,0,12,0.31486486486486487,16,65,0.24615384615384617
CIN,Tee Higgins,6.0,15.100000000000001,12,12,0.5012820512820513,16,65,0.24615384615384617
CIN,Tee Higgins,5.0,6.5,0,7,0.37499999999999994,10,65,0.15384615384615385
CIN,Tee Higgins,8.0,6.4,0,4,0.19999999999999998,6,65,0.09230769230769231
CIN,Tee Higgins,2.0,14.900000000000002,6,10,1.03,14,65,0.2153846153846154
WAS,Terry McLaurin,3.0,2.0,0,2,0.5,4,82,0.04878048780487805
WAS,Terry McLaurin,7.0,3.1,6,2,0.3264705882352941,6,82,0.07317073170731707
WAS,Terry McLaurin,4.0,17.999999999999996,0,17,0.5000000000000001,23,82,0.2804878048780488
WAS,Terry McLaurin,6.0,10.799999999999999,0,7,0.2656716417910448,10,82,0.12195121951219512
WAS,Terry McLaurin,5.0,9.200000000000001,0,8,0.43,9,82,0.10975609756097561
WAS,Terry McLaurin,8.0,4.2,0,1,0.1925925925925926,3,82,0.036585365853658534
WAS,Terry McLaurin,2.0,25.3,6,18,0.8649122807017542,27,82,0.32926829268292684
DEN,Tim Patrick,3.0,0.0,0,0,0.0,1,35,0.02857142857142857
DEN,Tim Patrick,7.0,2.1,0,1,0.10333333333333333,4,35,0.11428571428571428
DEN,Tim Patrick,4.0,5.7,0,9,0.17926829268292685,12,35,0.34285714285714286
DEN,Tim Patrick,6.0,7.1000000000000005,6,5,0.3290909090909091,7,35,0.2
DEN,Tim Patrick,8.0,0.9,6,1,0.4647058823529412,5,35,0.14285714285714285
DEN,Tim Patrick,2.0,5.800000000000001,0,4,0.5157894736842106,6,35,0.17142857142857143
DAL,Tony Pollard,6.0,0.0,0,0,0.0,2,2,1.0
DEN,Travis Fulgham,3.0,4.3,0,4,0.259375,8,46,0.17391304347826086
DEN,Travis Fulgham,4.0,9.399999999999999,6,9,0.4,15,46,0.32608695652173914
DEN,Travis Fulgham,6.0,1.9000000000000001,0,1,0.05800000000000001,4,46,0.08695652173913043
DEN,Travis Fulgham,5.0,10.900000000000002,0,8,0.54,13,46,0.2826086956521739
DEN,Travis Fulgham,8.0,1.8,6,1,0.25882352941176473,3,46,0.06521739130434782
DEN,Travis Fulgham,2.0,2.9000000000000004,0,2,0.35000000000000003,3,46,0.06521739130434782
KC,Travis Kelce,7.0,11.200000000000001,12,5,0.7230769230769231,7,102,0.06862745098039216
KC,Travis Kelce,4.0,35.2,12,28,0.6266666666666665,34,102,0.3333333333333333
KC,Travis Kelce,6.0,5.9,0,5,0.1493150684931507,10,102,0.09803921568627451
KC,Travis Kelce,5.0,29.400000000000002,18,21,1.2436363636363637,28,102,0.27450980392156865
KC,Travis Kelce,8.0,1.5,0,1,0.22727272727272727,5,102,0.049019607843137254
KC,Travis Kelce,2.0,19.8,6,15,1.8545454545454547,18,102,0.17647058823529413
NO,Tre'Quan Smith,3.0,0.4,0,1,0.27999999999999997,1,28,0.03571428571428571
NO,Tre'Quan Smith,4.0,6.200000000000001,0,5,0.22399999999999998,7,28,0.25
NO,Tre'Quan Smith,6.0,11.200000000000001,0,5,0.3446808510638298,8,28,0.2857142857142857
NO,Tre'Quan Smith,5.0,4.4,6,5,0.3347826086956522,8,28,0.2857142857142857
NO,Tre'Quan Smith,8.0,1.9000000000000001,0,1,0.12608695652173915,1,28,0.03571428571428571
NO,Tre'Quan Smith,2.0,1.5,0,2,0.3181818181818182,3,28,0.10714285714285714
CIN,Trent Taylor,6.0,1.4,0,2,0.3090909090909091,2,8,0.25
CIN,Trent Taylor,5.0,0.9,0,1,0.08636363636363636,4,8,0.5
CIN,Trent Taylor,8.0,2.9000000000000004,0,1,0.65,1,8,0.125
CIN,Trent Taylor,2.0,0.0,0,0,0.0,1,8,0.125
CIN,Tyler Boyd,3.0,1.1,0,1,0.42000000000000004,2,59,0.03389830508474576
CIN,Tyler Boyd,7.0,1.6,6,1,0.3185185185185185,3,59,0.05084745762711865
CIN,Tyler Boyd,4.0,17.6,6,18,0.5012048192771084,21,59,0.3559322033898305
CIN,Tyler Boyd,6.0,8.9,0,8,0.3188679245283019,9,59,0.15254237288135594
CIN,Tyler Boyd,5.0,4.500000000000001,6,5,0.2767857142857143,10,59,0.1694915254237288
CIN,Tyler Boyd,8.0,0.9,6,1,0.16458333333333333,3,59,0.05084745762711865
CIN,Tyler Boyd,2.0,12.300000000000002,0,9,0.7344827586206896,11,59,0.1864406779661017
NYJ,Tyler Conklin,6.0,1.6,0,2,0.16363636363636364,2,4,0.5
NYJ,Tyler Conklin,2.0,2.9000000000000004,0,2,0.37692307692307697,2,4,0.5
LAR,Tyler Higbee,7.0,10.100000000000001,0,3,0.3852941176470588,5,34,0.14705882352941177
LAR,Tyler Higbee,4.0,6.300000000000002,0,8,0.3666666666666667,14,34,0.4117647058823529
LAR,Tyler Higbee,5.0,3.7,0,6,0.3592592592592592,8,34,0.23529411764705882
LAR,Tyler Higbee,8.0,1.7000000000000002,0,1,0.45,1,34,0.029411764705882353
LAR,Tyler Higbee,2.0,6.200000000000001,0,4,1.4571428571428573,6,34,0.17647058823529413
TB,Tyler Johnson,6.0,3.2,6,3,0.61,5,11,0.45454545454545453
TB,Tyler Johnson,8.0,3.5,0,1,0.3,3,11,0.2727272727272727
TB,Tyler Johnson,2.0,1.1,0,1,0.16153846153846155,3,11,0.2727272727272727
SEA,Tyler Lockett,3.0,3.5000000000000004,0,3,0.65,4,54,0.07407407407407407
SEA,Tyler Lockett,7.0,2.4000000000000004,0,1,0.0918918918918919,5,54,0.09259259259259259
SEA,Tyler Lockett,4.0,15.7,0,16,0.2908256880733945,19,54,0.35185185185185186
SEA,Tyler Lockett,6.0,7.4,0,5,0.36470588235294116,5,54,0.09259259259259259
SEA,Tyler Lockett,5.0,8.4,6,12,0.371830985915493,14,54,0.25925925925925924
SEA,Tyler Lockett,8.0,4.3,6,1,0.3766666666666667,4,54,0.07407407407407407
SEA,Tyler Lockett,2.0,1.7000000000000002,0,2,0.13214285714285715,3,54,0.05555555555555555
MIA,Tyreek Hill,3.0,5.500000000000001,6,4,2.5833333333333335,5,87,0.05747126436781609
MIA,Tyreek Hill,7.0,13.6,12,5,0.5563636363636364,13,87,0.14942528735632185
MIA,Tyreek Hill,4.0,24.5,0,24,0.5388888888888889,35,87,0.40229885057471265
MIA,Tyreek Hill,6.0,4.4,0,2,0.23703703703703705,2,87,0.022988505747126436
MIA,Tyreek Hill,5.0,16.5,0,15,0.7500000000000001,20,87,0.22988505747126436
MIA,Tyreek Hill,8.0,5.800000000000001,6,1,0.2723404255319149,3,87,0.034482758620689655
MIA,Tyreek Hill,2.0,16.6,0,8,1.0695652173913044,9,87,0.10344827586206896
DEN,Tyrie Cleveland,6.0,1.6,0,1,0.65,2,2,1.0
LV,Tyron Johnson,3.0,2.2,0,2,0.8400000000000001,3,8,0.375
LV,Tyron Johnson,7.0,5.1,6,2,1.190909090909091,3,8,0.375
LV,Tyron Johnson,6.0,0.0,0,0,0.0,1,8,0.125
LV,Tyron Johnson,2.0,1.0,0,1,0.15384615384615385,1,8,0.125
LAR,Van Jefferson,3.0,1.4000000000000001,0,1,0.8000000000000002,1,22,0.045454545454545456
LAR,Van Jefferson,7.0,2.1,0,1,0.25833333333333336,2,22,0.09090909090909091
LAR,Van Jefferson,4.0,5.4,6,7,0.8761904761904761,10,22,0.45454545454545453
LAR,Van Jefferson,6.0,3.5999999999999996,0,3,0.264,5,22,0.22727272727272727
LAR,Van Jefferson,8.0,1.5,0,1,0.17857142857142858,2,22,0.09090909090909091
LAR,Van Jefferson,2.0,0.7000000000000001,6,1,1.54,2,22,0.09090909090909091
SEA,Will Dissly,7.0,0.0,0,0,0.0,1,3,0.3333333333333333
SEA,Will Dissly,6.0,2.6,0,1,0.45,2,3,0.6666666666666666
ARI,Zach Ertz,3.0,0.0,0,0,0.0,1,38,0.02631578947368421
ARI,Zach Ertz,7.0,3.0,0,1,0.2857142857142857,1,38,0.02631578947368421
ARI,Zach Ertz,6.0,6.000000000000001,0,5,0.20754716981132076,9,38,0.23684210526315788
ARI,Zach Ertz,5.0,9.700000000000001,0,9,0.34629629629629627,20,38,0.5263157894736842
ARI,Zach Ertz,2.0,2.2,0,3,0.24761904761904763,7,38,0.18421052631578946
PHI,Zach Pascal,7.0,1.7000000000000002,6,1,0.41428571428571426,2,35,0.05714285714285714
PHI,Zach Pascal,4.0,7.000000000000001,0,6,0.17333333333333337,11,35,0.3142857142857143
PHI,Zach Pascal,6.0,4.800000000000001,0,3,0.14716981132075474,6,35,0.17142857142857143
PHI,Zach Pascal,5.0,4.9,0,3,0.2393939393939394,7,35,0.2
PHI,Zach Pascal,8.0,3.4000000000000004,6,2,0.6705882352941177,3,35,0.08571428571428572
PHI,Zach Pascal,2.0,2.8000000000000003,0,3,0.4833333333333334,6,35,0.17142857142857143
JAX,Zay Jones,7.0,1.5,6,1,1.4166666666666667,1,5,0.2
JAX,Zay Jones,6.0,1.6,0,1,0.10400000000000001,3,5,0.6
JAX,Zay Jones,2.0,0.0,0,0,0.0,1,5,0.2
