team,playerName,CoverageType_pooled,FP_yards,FP_TD,FP_receiving,FP_total,Routes Run,FP/routes,plays,totalPlays,freq
PHI,A.J. Brown,Man,55.00000000000001,42,37,134.0,192.0,0.6979166666666666,71,124,0.5725806451612904
PHI,A.J. Brown,Other,8.9,6,9,23.900000000000002,109.0,0.21926605504587157,11,124,0.08870967741935484
PHI,A.J. Brown,Zone,52.1,24,30,106.10000000000001,185.0,0.5735135135135135,42,124,0.3387096774193548
ARI,A.J. Green,Man,27.7,6,26,59.7,226.0,0.26415929203539823,55,116,0.47413793103448276
ARI,A.J. Green,Other,0.0,0,0,0.0,12.0,0.0,2,116,0.017241379310344827
ARI,A.J. Green,Zone,25.900000000000002,12,24,61.900000000000006,233.0,0.26566523605150216,59,116,0.5086206896551724
GB,Aaron Jones,Man,14.3,6,17,37.30000000000001,84.0,0.4440476190476192,26,70,0.37142857142857144
GB,Aaron Jones,Other,15.700000000000003,0,22,37.7,69.0,0.5463768115942029,25,70,0.35714285714285715
GB,Aaron Jones,Zone,8.100000000000001,6,13,27.1,66.0,0.41060606060606064,19,70,0.2714285714285714
MIA,Adam Shaheen,Man,10.8,18,8,36.8,57.0,0.6456140350877192,16,16,1.0
MIN,Adam Thielen,Man,36.60000000000001,60,32,128.59999999999997,214.0,0.6009345794392522,52,115,0.45217391304347826
MIN,Adam Thielen,Other,4.2,0,4,8.2,112.0,0.0732142857142857,6,115,0.05217391304347826
MIN,Adam Thielen,Zone,54.39999999999999,24,41,119.40000000000002,236.0,0.5059322033898306,57,115,0.4956521739130435
NO,Adam Trautman,Zone,12.000000000000002,6,9,27.0,61.0,0.4426229508196721,10,10,1.0
DEN,Albert Okwuegbunam,Man,10.100000000000001,0,9,19.099999999999998,29.0,0.6586206896551723,12,12,1.0
MIA,Alec Ingold,Man,0.5,6,3,9.5,4.0,2.375,5,17,0.29411764705882354
MIA,Alec Ingold,Zone,10.5,0,9,19.5,29.0,0.6724137931034483,12,17,0.7058823529411765
WAS,Alex Erickson,Man,2.7,0,4,6.7,14.0,0.4785714285714286,7,7,1.0
MIN,Alexander Mattison,Man,6.500000000000001,6,6,18.5,12.0,1.5416666666666667,7,16,0.4375
MIN,Alexander Mattison,Other,2.5,0,3,5.5,15.0,0.36666666666666664,4,16,0.25
MIN,Alexander Mattison,Zone,3.9000000000000004,0,5,8.899999999999999,2.0,4.449999999999999,5,16,0.3125
GB,Allen Lazard,Man,23.0,18,15,56.0,121.0,0.4628099173553719,28,62,0.45161290322580644
GB,Allen Lazard,Other,2.1999999999999997,0,4,6.199999999999999,39.0,0.15897435897435896,5,62,0.08064516129032258
GB,Allen Lazard,Zone,35.699999999999996,6,21,62.7,96.0,0.6531250000000001,29,62,0.46774193548387094
NO,Alvin Kamara,Man,26.299999999999997,6,26,58.29999999999999,128.0,0.4554687499999999,35,121,0.2892561983471074
NO,Alvin Kamara,Other,28.2,18,37,83.2,98.0,0.8489795918367348,49,121,0.4049586776859504
NO,Alvin Kamara,Zone,29.1,6,30,65.1,133.0,0.4894736842105263,37,121,0.30578512396694213
CLE,Amari Cooper,Man,58.0,18,45,121.00000000000001,254.0,0.47637795275590555,62,132,0.4696969696969697
CLE,Amari Cooper,Other,1.3,0,5,6.3,17.0,0.37058823529411766,6,132,0.045454545454545456
CLE,Amari Cooper,Zone,52.10000000000001,12,43,107.10000000000001,267.0,0.401123595505618,64,132,0.48484848484848486
ARI,Andy Isabella,Man,5.800000000000001,6,5,16.8,34.0,0.49411764705882355,10,35,0.2857142857142857
ARI,Andy Isabella,Other,5.000000000000001,6,9,19.999999999999996,43.0,0.4651162790697674,10,35,0.2857142857142857
ARI,Andy Isabella,Zone,11.600000000000001,0,7,18.6,48.0,0.3875,15,35,0.42857142857142855
ATL,Anthony Firkser,Man,23.4,6,19,48.4,120.0,0.4033333333333333,27,57,0.47368421052631576
ATL,Anthony Firkser,Other,2.6,0,1,3.6,65.0,0.055384615384615386,1,57,0.017543859649122806
ATL,Anthony Firkser,Zone,17.1,0,21,38.10000000000001,98.0,0.38877551020408174,29,57,0.5087719298245614
PIT,Anthony McFarland Jr.,Man,0.7000000000000001,0,1,1.7000000000000002,1.0,1.7000000000000002,3,7,0.42857142857142855
PIT,Anthony McFarland Jr.,Other,2.2,0,3,5.2,21.0,0.24761904761904763,4,7,0.5714285714285714
PIT,Anthony Miller,Man,26.4,12,20,58.400000000000006,190.0,0.3073684210526316,41,80,0.5125
PIT,Anthony Miller,Other,5.8,0,9,14.799999999999999,41.0,0.36097560975609755,10,80,0.125
PIT,Anthony Miller,Zone,18.500000000000007,0,22,40.49999999999999,204.0,0.19852941176470584,29,80,0.3625
WAS,Antonio Gibson,Man,4.2,0,10,14.2,37.0,0.38378378378378375,15,47,0.3191489361702128
WAS,Antonio Gibson,Other,7.8999999999999995,0,8,15.900000000000002,40.0,0.3975000000000001,10,47,0.2127659574468085
WAS,Antonio Gibson,Zone,13.000000000000002,0,20,33.0,62.0,0.532258064516129,22,47,0.46808510638297873
ATL,Auden Tate,Man,4.1,0,4,8.1,20.0,0.40499999999999997,10,13,0.7692307692307693
ATL,Auden Tate,Other,4.300000000000001,0,3,7.300000000000001,2.0,3.6500000000000004,3,13,0.23076923076923078
LAC,Austin Ekeler,Man,9.1,6,11,26.1,65.0,0.40153846153846157,15,66,0.22727272727272727
LAC,Austin Ekeler,Other,16.3,6,20,42.300000000000004,74.0,0.5716216216216217,22,66,0.3333333333333333
LAC,Austin Ekeler,Zone,14.900000000000004,0,23,37.9,100.0,0.379,29,66,0.4393939393939394
TEN,Austin Hooper,Man,19.400000000000002,0,22,41.39999999999999,123.0,0.33658536585365845,33,84,0.39285714285714285
TEN,Austin Hooper,Other,6.6000000000000005,6,9,21.6,57.0,0.37894736842105264,10,84,0.11904761904761904
TEN,Austin Hooper,Zone,25.3,24,25,74.30000000000001,143.0,0.5195804195804197,41,84,0.4880952380952381
KC,Blake Bell,Man,7.0,0,5,12.0,12.0,1.0,7,7,1.0
PHI,Boston Scott,Man,8.0,6,7,21.0,38.0,0.5526315789473685,14,37,0.3783783783783784
PHI,Boston Scott,Other,4.1,0,6,10.100000000000001,14.0,0.7214285714285715,8,37,0.21621621621621623
PHI,Boston Scott,Zone,10.8,0,13,23.800000000000004,49.0,0.4857142857142858,15,37,0.40540540540540543
HOU,Brandin Cooks,Man,48.3,18,29,95.30000000000001,243.0,0.39218106995884777,55,124,0.4435483870967742
HOU,Brandin Cooks,Other,14.999999999999998,6,14,35.0,115.0,0.30434782608695654,14,124,0.11290322580645161
HOU,Brandin Cooks,Zone,55.6,18,41,114.60000000000001,260.0,0.4407692307692308,55,124,0.4435483870967742
SF,Brandon Aiyuk,Man,23.3,12,19,54.3,160.0,0.339375,41,103,0.39805825242718446
SF,Brandon Aiyuk,Other,11.7,6,14,31.7,94.0,0.3372340425531915,16,103,0.1553398058252427
SF,Brandon Aiyuk,Zone,39.8,12,27,78.8,210.0,0.3752380952380952,46,103,0.44660194174757284
LAR,Brandon Powell,Man,3.6000000000000005,12,7,22.6,55.0,0.41090909090909095,13,13,1.0
NYJ,Braxton Berrios,Man,15.600000000000001,18,11,44.599999999999994,90.0,0.49555555555555547,22,56,0.39285714285714285
NYJ,Braxton Berrios,Other,6.800000000000001,0,12,18.8,19.0,0.9894736842105264,12,56,0.21428571428571427
NYJ,Braxton Berrios,Zone,17.000000000000004,0,14,31.0,64.0,0.484375,22,56,0.39285714285714285
TB,Breshad Perriman,Man,18.0,0,9,27.0,107.0,0.2523364485981308,24,66,0.36363636363636365
TB,Breshad Perriman,Other,5.8,0,7,12.8,86.0,0.14883720930232558,8,66,0.12121212121212122
TB,Breshad Perriman,Zone,27.600000000000005,18,15,60.60000000000001,183.0,0.3311475409836066,34,66,0.5151515151515151
ATL,Bryan Edwards,Man,5.0,0,4,9.0,5.0,1.8,8,8,1.0
CHI,Byron Pringle,Man,6.700000000000001,0,7,13.700000000000001,5.0,2.74,12,12,1.0
NYG,C.J. Board,Other,-0.2,0,1,0.8,2.0,0.4,1,12,0.08333333333333333
NYG,C.J. Board,Zone,6.699999999999999,0,6,12.7,25.0,0.508,11,12,0.9166666666666666
NYJ,C.J. Uzomah,Man,3.8000000000000003,6,2,11.8,2.0,5.9,3,3,1.0
LAR,Cam Akers,Man,1.5000000000000002,6,4,11.5,4.0,2.875,5,15,0.3333333333333333
LAR,Cam Akers,Zone,13.600000000000001,0,8,21.6,38.0,0.5684210526315789,10,15,0.6666666666666666
WAS,Cam Sims,Man,25.500000000000004,6,14,45.5,99.0,0.4595959595959596,19,62,0.3064516129032258
WAS,Cam Sims,Other,5.0,0,5,10.0,51.0,0.19607843137254902,5,62,0.08064516129032258
WAS,Cam Sims,Zone,27.6,0,20,47.599999999999994,205.0,0.2321951219512195,38,62,0.6129032258064516
TB,Cameron Brate,Man,25.200000000000003,12,23,60.199999999999996,76.0,0.7921052631578946,31,54,0.5740740740740741
TB,Cameron Brate,Other,3.6,0,3,6.6,30.0,0.22,3,54,0.05555555555555555
TB,Cameron Brate,Zone,16.800000000000004,6,16,38.79999999999999,29.0,1.3379310344827582,20,54,0.37037037037037035
DAL,CeeDee Lamb,Man,32.499999999999986,12,22,66.50000000000001,209.0,0.31818181818181823,43,118,0.3644067796610169
DAL,CeeDee Lamb,Other,7.8,0,18,25.8,103.0,0.2504854368932039,24,118,0.2033898305084746
DAL,CeeDee Lamb,Zone,53.2,18,34,105.20000000000002,218.0,0.4825688073394496,51,118,0.4322033898305085
HOU,Chad Beebe,Man,4.800000000000001,0,5,9.8,22.0,0.4454545454545455,7,33,0.21212121212121213
HOU,Chad Beebe,Other,4.7,6,2,12.7,38.0,0.33421052631578946,2,33,0.06060606060606061
HOU,Chad Beebe,Zone,12.100000000000001,6,14,32.1,101.0,0.3178217821782178,24,33,0.7272727272727273
PIT,Chase Claypool,Man,46.8,36,26,108.79999999999998,197.0,0.5522842639593908,54,133,0.40601503759398494
PIT,Chase Claypool,Other,8.0,12,8,27.999999999999996,72.0,0.38888888888888884,15,133,0.11278195488721804
PIT,Chase Claypool,Zone,41.80000000000001,24,36,101.79999999999998,180.0,0.5655555555555555,64,133,0.48120300751879697
MIA,Chase Edmonds,Man,13.799999999999997,12,18,43.800000000000004,88.0,0.4977272727272728,24,70,0.34285714285714286
MIA,Chase Edmonds,Other,4.9,6,12,22.899999999999995,64.0,0.3578124999999999,15,70,0.21428571428571427
MIA,Chase Edmonds,Zone,23.400000000000002,6,25,54.39999999999999,137.0,0.39708029197080286,31,70,0.44285714285714284
SEA,Chris Carson,Man,10.3,6,10,26.300000000000004,73.0,0.3602739726027398,15,50,0.3
SEA,Chris Carson,Other,6.1,6,10,22.1,23.0,0.9608695652173914,13,50,0.26
SEA,Chris Carson,Zone,13.700000000000003,12,20,45.699999999999996,62.0,0.7370967741935484,22,50,0.44
HOU,Chris Conley,Man,32.1,12,23,67.1,143.0,0.4692307692307692,38,65,0.5846153846153846
HOU,Chris Conley,Other,2.7,0,3,5.699999999999999,71.0,0.08028169014084506,3,65,0.046153846153846156
HOU,Chris Conley,Zone,13.600000000000001,0,15,28.6,132.0,0.21666666666666667,24,65,0.36923076923076925
TB,Chris Godwin,Man,50.90000000000001,12,43,105.90000000000002,221.0,0.479185520361991,62,121,0.512396694214876
TB,Chris Godwin,Other,16.0,0,19,35.0,47.0,0.7446808510638298,21,121,0.17355371900826447
TB,Chris Godwin,Zone,44.000000000000014,42,22,108.00000000000001,139.0,0.7769784172661871,38,121,0.3140495867768595
JAX,Chris Manhertz,Man,2.5,0,2,4.5,13.0,0.34615384615384615,4,4,1.0
ARI,Christian Blake,Man,2.6999999999999997,0,3,5.7,17.0,0.33529411764705885,8,21,0.38095238095238093
ARI,Christian Blake,Other,0.7000000000000001,0,1,1.7000000000000002,21.0,0.08095238095238096,2,21,0.09523809523809523
ARI,Christian Blake,Zone,10.700000000000003,0,9,19.699999999999996,6.0,3.2833333333333328,11,21,0.5238095238095238
JAX,Christian Kirk,Man,16.6,6,9,31.6,96.0,0.32916666666666666,24,81,0.2962962962962963
JAX,Christian Kirk,Other,4.1000000000000005,6,8,18.099999999999998,57.0,0.3175438596491228,9,81,0.1111111111111111
JAX,Christian Kirk,Zone,41.80000000000001,24,32,97.80000000000003,255.0,0.383529411764706,48,81,0.5925925925925926
CAR,Christian McCaffrey,Man,4.0,6,5,15.000000000000002,9.0,1.666666666666667,7,21,0.3333333333333333
CAR,Christian McCaffrey,Other,4.4,0,6,10.4,43.0,0.24186046511627907,7,21,0.3333333333333333
CAR,Christian McCaffrey,Zone,6.300000000000001,0,7,13.3,6.0,2.216666666666667,7,21,0.3333333333333333
KC,Clyde Edwards-Helaire,Man,11.300000000000002,12,13,36.3,93.0,0.39032258064516123,22,61,0.36065573770491804
KC,Clyde Edwards-Helaire,Other,5.5,0,9,14.5,23.0,0.6304347826086957,9,61,0.14754098360655737
KC,Clyde Edwards-Helaire,Zone,18.1,0,19,37.1,102.0,0.36372549019607847,30,61,0.4918032786885246
CHI,Cole Kmet,Man,6.8,0,9,15.8,98.0,0.16122448979591839,16,49,0.32653061224489793
CHI,Cole Kmet,Other,1.8,0,2,3.8,17.0,0.22352941176470587,4,49,0.08163265306122448
CHI,Cole Kmet,Zone,17.599999999999994,12,20,49.600000000000016,116.0,0.42758620689655186,29,49,0.5918367346938775
NYG,Collin Johnson,Man,12.400000000000002,6,9,27.4,58.0,0.4724137931034483,17,19,0.8947368421052632
NYG,Collin Johnson,Other,0.6000000000000001,0,1,1.6,20.0,0.08,2,19,0.10526315789473684
LAR,Cooper Kupp,Man,32.800000000000004,12,32,76.8,169.0,0.4544378698224852,53,138,0.38405797101449274
LAR,Cooper Kupp,Other,8.300000000000002,0,13,21.299999999999997,55.0,0.3872727272727272,15,138,0.10869565217391304
LAR,Cooper Kupp,Zone,67.6,6,53,126.59999999999997,274.0,0.46204379562043785,70,138,0.5072463768115942
ATL,Cordarrelle Patterson,Other,2.3,0,7,9.299999999999999,10.0,0.9299999999999999,7,7,1.0
NYJ,Corey Davis,Man,36.9,12,29,77.9,140.0,0.5564285714285715,46,99,0.46464646464646464
NYJ,Corey Davis,Other,2.7,0,4,6.699999999999999,87.0,0.07701149425287356,4,99,0.04040404040404041
NYJ,Corey Davis,Zone,60.69999999999999,18,34,112.7,176.0,0.6403409090909091,49,99,0.494949494949495
DET,Craig Reynolds,Man,0.30000000000000004,0,1,1.3,1.0,1.3,1,1,1.0
WAS,Curtis Samuel,Man,28.900000000000002,6,25,59.9,163.0,0.3674846625766871,38,102,0.37254901960784315
WAS,Curtis Samuel,Other,11.700000000000001,6,17,34.7,83.0,0.41807228915662653,22,102,0.21568627450980393
WAS,Curtis Samuel,Zone,45.0,6,36,87.00000000000001,206.0,0.42233009708737873,42,102,0.4117647058823529
DET,D'Andre Swift,Man,11.800000000000002,12,17,40.800000000000004,72.0,0.5666666666666668,21,60,0.35
DET,D'Andre Swift,Other,8.9,0,10,18.900000000000002,48.0,0.39375000000000004,14,60,0.23333333333333334
DET,D'Andre Swift,Zone,15.699999999999998,0,20,35.7,99.0,0.36060606060606065,25,60,0.4166666666666667
CAR,DJ Moore,Man,48.9,6,27,81.90000000000002,232.0,0.35301724137931045,50,122,0.4098360655737705
CAR,DJ Moore,Other,18.5,18,8,44.5,100.0,0.445,10,122,0.08196721311475409
CAR,DJ Moore,Zone,53.1,0,33,86.10000000000004,241.0,0.3572614107883819,62,122,0.5081967213114754
SEA,DK Metcalf,Man,63.10000000000001,36,35,134.10000000000002,276.0,0.4858695652173914,62,147,0.4217687074829932
SEA,DK Metcalf,Other,13.3,12,13,38.29999999999999,113.0,0.33893805309734504,15,147,0.10204081632653061
SEA,DK Metcalf,Zone,71.80000000000001,30,41,142.8,302.0,0.47284768211920536,70,147,0.47619047619047616
PHI,Dallas Goedert,Man,24.700000000000003,12,20,56.7,133.0,0.42631578947368426,32,68,0.47058823529411764
PHI,Dallas Goedert,Other,1.5,0,4,5.5,46.0,0.11956521739130435,7,68,0.10294117647058823
PHI,Dallas Goedert,Zone,26.200000000000003,6,22,54.2,141.0,0.3843971631205674,29,68,0.4264705882352941
DAL,Dalton Schultz,Man,22.800000000000004,0,26,48.8,232.0,0.21034482758620687,40,91,0.43956043956043955
DAL,Dalton Schultz,Other,5.3,0,6,11.3,113.0,0.1,8,91,0.08791208791208792
DAL,Dalton Schultz,Zone,35.49999999999999,24,32,91.50000000000001,248.0,0.36895161290322587,43,91,0.4725274725274725
MIN,Dalvin Cook,Man,10.600000000000003,0,11,21.600000000000005,35.0,0.6171428571428573,14,56,0.25
MIN,Dalvin Cook,Other,15.6,6,17,38.6,72.0,0.5361111111111111,21,56,0.375
MIN,Dalvin Cook,Zone,10.500000000000002,0,17,27.5,105.0,0.2619047619047619,21,56,0.375
NE,Damien Harris,Other,2.7,0,2,4.7,20.0,0.23500000000000001,4,8,0.5
NE,Damien Harris,Zone,2.5,0,3,5.5,3.0,1.8333333333333333,4,8,0.5
ATL,Damiere Byrd,Man,23.400000000000002,6,15,44.4,168.0,0.2642857142857143,26,79,0.3291139240506329
ATL,Damiere Byrd,Other,3.8000000000000003,0,8,11.8,89.0,0.13258426966292136,8,79,0.10126582278481013
ATL,Damiere Byrd,Zone,33.199999999999996,0,24,57.199999999999996,215.0,0.26604651162790693,45,79,0.569620253164557
JAX,Dan Arnold,Man,14.8,12,11,37.8,49.0,0.7714285714285714,17,50,0.34
JAX,Dan Arnold,Other,0.7,0,2,2.7,60.0,0.045000000000000005,2,50,0.04
JAX,Dan Arnold,Zone,28.900000000000002,12,19,59.900000000000006,155.0,0.3864516129032258,31,50,0.62
CHI,Dante Pettis,Other,1.0,0,1,2.0,3.0,0.6666666666666666,1,1,1.0
NYG,Darius Slayton,Man,34.800000000000004,18,19,71.8,224.0,0.32053571428571426,47,101,0.46534653465346537
NYG,Darius Slayton,Other,4.6,0,4,8.600000000000001,85.0,0.10117647058823531,4,101,0.039603960396039604
NYG,Darius Slayton,Zone,38.800000000000004,6,28,72.8,274.0,0.2656934306569343,50,101,0.49504950495049505
CHI,Darnell Mooney,Man,17.8,6,17,40.80000000000001,221.0,0.18461538461538465,29,101,0.2871287128712871
CHI,Darnell Mooney,Other,10.4,12,13,35.400000000000006,61.0,0.5803278688524591,16,101,0.15841584158415842
CHI,Darnell Mooney,Zone,36.00000000000001,6,32,73.99999999999999,250.0,0.29599999999999993,56,101,0.5544554455445545
ARI,Darrel Williams,Man,2.3000000000000003,0,4,6.300000000000001,18.0,0.35000000000000003,7,19,0.3684210526315789
ARI,Darrel Williams,Other,5.0,0,9,14.0,10.0,1.4,12,19,0.631578947368421
LV,Darren Waller,Man,51.099999999999994,30,41,122.10000000000001,212.0,0.5759433962264151,67,151,0.44370860927152317
LV,Darren Waller,Other,19.1,0,21,40.1,75.0,0.5346666666666667,22,151,0.1456953642384106
LV,Darren Waller,Zone,49.49999999999999,24,45,118.50000000000001,252.0,0.4702380952380953,62,151,0.4105960264900662
CHI,Darrynton Evans,Man,0.30000000000000004,6,1,7.3,1.0,7.3,1,1,1.0
KC,Daurice Fountain,Zone,0.0,0,0,0.0,1.0,0.0,1,1,1.0
LV,Davante Adams,Man,78.60000000000001,96,61,235.6,199.0,1.1839195979899497,81,180,0.45
LV,Davante Adams,Other,19.7,12,29,60.7,71.0,0.8549295774647888,29,180,0.16111111111111112
LV,Davante Adams,Zone,56.10000000000001,18,45,119.10000000000002,192.0,0.6203125000000002,70,180,0.3888888888888889
CHI,David Montgomery,Man,14.1,6,14,34.1,100.0,0.341,20,72,0.2777777777777778
CHI,David Montgomery,Other,2.8000000000000003,6,7,15.8,22.0,0.7181818181818183,10,72,0.1388888888888889
CHI,David Montgomery,Zone,27.199999999999996,0,34,61.19999999999999,157.0,0.38980891719745214,42,72,0.5833333333333334
CHI,David Moore,Man,18.900000000000002,24,14,56.9,130.0,0.43769230769230766,20,50,0.4
CHI,David Moore,Other,4.7,0,9,13.700000000000001,29.0,0.47241379310344833,10,50,0.2
CHI,David Moore,Zone,18.9,12,14,44.89999999999999,124.0,0.3620967741935483,20,50,0.4
CLE,David Njoku,Man,15.0,12,16,42.99999999999999,74.0,0.581081081081081,24,28,0.8571428571428571
CLE,David Njoku,Other,4.7,0,2,6.7,5.0,1.34,4,28,0.14285714285714285
BUF,Dawson Knox,Man,13.799999999999999,6,14,33.8,77.0,0.43896103896103894,28,60,0.4666666666666667
BUF,Dawson Knox,Other,3.0,12,5,20.0,34.0,0.5882352941176471,6,60,0.1
BUF,Dawson Knox,Zone,18.500000000000004,12,15,45.5,67.0,0.6791044776119403,26,60,0.43333333333333335
NE,DeVante Parker,Man,41.800000000000004,18,33,92.8,209.0,0.44401913875598087,59,113,0.5221238938053098
NE,DeVante Parker,Other,5.0,0,5,10.0,15.0,0.6666666666666666,7,113,0.061946902654867256
NE,DeVante Parker,Zone,32.5,6,25,63.5,192.0,0.3307291666666667,47,113,0.415929203539823
SF,Deebo Samuel,Man,11.2,0,8,19.2,38.0,0.5052631578947369,10,44,0.22727272727272727
SF,Deebo Samuel,Other,19.7,6,18,43.699999999999996,31.0,1.4096774193548385,18,44,0.4090909090909091
SF,Deebo Samuel,Zone,8.200000000000001,0,7,15.200000000000001,86.0,0.17674418604651165,16,44,0.36363636363636365
LV,Demarcus Robinson,Man,18.7,12,17,47.699999999999996,153.0,0.3117647058823529,22,69,0.3188405797101449
LV,Demarcus Robinson,Other,3.6000000000000005,0,2,5.6000000000000005,93.0,0.060215053763440864,3,69,0.043478260869565216
LV,Demarcus Robinson,Zone,28.8,6,30,64.79999999999997,238.0,0.2722689075630251,44,69,0.6376811594202898
NYJ,Denzel Mims,Man,18.700000000000003,0,10,28.700000000000003,87.0,0.3298850574712644,29,49,0.5918367346938775
NYJ,Denzel Mims,Other,6.2,0,3,9.2,26.0,0.3538461538461538,3,49,0.061224489795918366
NYJ,Denzel Mims,Zone,10.799999999999999,0,10,20.8,114.0,0.1824561403508772,17,49,0.3469387755102041
TEN,Derrick Henry,Man,0.3,0,2,2.3,44.0,0.05227272727272727,7,34,0.20588235294117646
TEN,Derrick Henry,Other,3.1,0,6,9.100000000000001,49.0,0.18571428571428575,9,34,0.2647058823529412
TEN,Derrick Henry,Zone,11.5,0,14,25.500000000000004,58.0,0.43965517241379315,18,34,0.5294117647058824
BAL,Devin Duvernay,Other,9.5,0,12,21.5,35.0,0.6142857142857143,14,25,0.56
BAL,Devin Duvernay,Zone,9.4,0,6,15.400000000000002,44.0,0.35000000000000003,11,25,0.44
BUF,Devin Singletary,Man,10.1,0,15,25.099999999999994,114.0,0.2201754385964912,19,61,0.3114754098360656
BUF,Devin Singletary,Other,11.799999999999999,0,14,25.8,65.0,0.39692307692307693,19,61,0.3114754098360656
BUF,Devin Singletary,Zone,11.5,0,18,29.5,116.0,0.2543103448275862,23,61,0.3770491803278688
PIT,Diontae Johnson,Man,41.7,30,43,114.69999999999997,243.0,0.4720164609053497,80,170,0.47058823529411764
PIT,Diontae Johnson,Other,9.9,0,16,25.9,116.0,0.2232758620689655,20,170,0.11764705882352941
PIT,Diontae Johnson,Zone,55.40000000000001,18,44,117.4,202.0,0.5811881188118813,70,170,0.4117647058823529
CLE,Donovan Peoples-Jones,Man,15.200000000000003,6,9,30.200000000000003,47.0,0.6425531914893617,14,15,0.9333333333333333
CLE,Donovan Peoples-Jones,Other,0.0,0,0,0.0,1.0,0.0,1,15,0.06666666666666667
CIN,Drew Sample,Man,9.0,6,11,26.0,148.0,0.17567567567567569,17,56,0.30357142857142855
CIN,Drew Sample,Other,6.200000000000001,0,8,14.200000000000001,87.0,0.1632183908045977,9,56,0.16071428571428573
CIN,Drew Sample,Zone,20.2,0,22,42.20000000000001,197.0,0.2142131979695432,30,56,0.5357142857142857
MIA,Durham Smythe,Man,2.9000000000000004,0,5,7.9,16.0,0.49375,8,26,0.3076923076923077
MIA,Durham Smythe,Zone,15.200000000000001,12,17,44.2,46.0,0.9608695652173914,18,26,0.6923076923076923
JAX,Evan Engram,Man,33.099999999999994,6,27,66.10000000000001,208.0,0.3177884615384616,52,120,0.43333333333333335
JAX,Evan Engram,Other,7.000000000000001,6,8,21.0,73.0,0.2876712328767123,9,120,0.075
JAX,Evan Engram,Zone,32.5,0,33,65.5,246.0,0.266260162601626,59,120,0.49166666666666664
DAL,Ezekiel Elliott,Man,11.7,6,16,33.7,136.0,0.24779411764705883,22,75,0.29333333333333333
DAL,Ezekiel Elliott,Other,9.4,12,18,39.400000000000006,99.0,0.39797979797979804,20,75,0.26666666666666666
DAL,Ezekiel Elliott,Zone,13.700000000000001,0,20,33.7,155.0,0.2174193548387097,33,75,0.44
LV,Foster Moreau,Man,10.3,12,4,26.299999999999997,5.0,5.26,5,5,1.0
SEA,Freddie Swain,Man,4.2,6,2,12.2,23.0,0.5304347826086956,7,20,0.35
SEA,Freddie Swain,Zone,14.400000000000004,6,10,30.400000000000002,40.0,0.76,13,20,0.65
BUF,Gabriel Davis,Man,31.60000000000001,30,17,78.6,199.0,0.39497487437185924,40,77,0.5194805194805194
BUF,Gabriel Davis,Other,1.8000000000000003,0,4,5.800000000000001,99.0,0.058585858585858595,6,77,0.07792207792207792
BUF,Gabriel Davis,Zone,39.8,24,21,84.80000000000001,179.0,0.4737430167597766,31,77,0.4025974025974026
TEN,Geoff Swaim,Other,0.0,0,0,0.0,2.0,0.0,2,12,0.16666666666666666
TEN,Geoff Swaim,Zone,6.5,6,8,20.5,1.0,20.5,10,12,0.8333333333333334
SF,George Kittle,Man,33.4,12,21,66.39999999999999,78.0,0.8512820512820511,24,65,0.36923076923076925
SF,George Kittle,Other,3.3,0,4,7.3,14.0,0.5214285714285715,6,65,0.09230769230769231
SF,George Kittle,Zone,27.299999999999997,0,24,51.3,105.0,0.48857142857142855,35,65,0.5384615384615384
LAC,Gerald Everett,Man,9.900000000000002,0,9,18.9,79.0,0.2392405063291139,24,68,0.35294117647058826
LAC,Gerald Everett,Other,6.3999999999999995,0,9,15.4,25.0,0.616,9,68,0.1323529411764706
LAC,Gerald Everett,Zone,26.8,6,24,56.8,137.0,0.4145985401459854,35,68,0.5147058823529411
PHI,Greg Ward,Man,20.0,30,23,73.0,236.0,0.3093220338983051,42,83,0.5060240963855421
PHI,Greg Ward,Other,3.4000000000000004,0,10,13.4,32.0,0.41875,11,83,0.13253012048192772
PHI,Greg Ward,Zone,18.5,6,20,44.50000000000001,201.0,0.2213930348258707,30,83,0.3614457831325301
PIT,Gunner Olszewski,Man,2.3000000000000003,0,2,4.300000000000001,1.0,4.300000000000001,2,2,1.0
BAL,Gus Edwards,Man,0.2,0,1,1.2,2.0,0.6,2,2,1.0
CLE,Harrison Bryant,Man,8.8,12,10,30.799999999999994,95.0,0.3242105263157894,17,41,0.4146341463414634
CLE,Harrison Bryant,Other,1.6,0,2,3.6,37.0,0.0972972972972973,2,41,0.04878048780487805
CLE,Harrison Bryant,Zone,13.4,6,12,31.4,122.0,0.25737704918032783,22,41,0.5365853658536586
CIN,Hayden Hurst,Man,21.699999999999996,18,20,59.7,251.0,0.23784860557768925,37,97,0.38144329896907214
CIN,Hayden Hurst,Other,3.0,6,9,18.0,90.0,0.2,11,97,0.1134020618556701
CIN,Hayden Hurst,Zone,33.00000000000001,12,29,73.99999999999999,232.0,0.3189655172413792,49,97,0.5051546391752577
NE,Hunter Henry,Man,28.299999999999997,18,31,77.30000000000001,228.0,0.3390350877192983,55,97,0.5670103092783505
NE,Hunter Henry,Other,7.500000000000001,0,7,14.500000000000002,92.0,0.15760869565217392,8,97,0.08247422680412371
NE,Hunter Henry,Zone,27.099999999999998,6,24,57.1,178.0,0.3207865168539326,34,97,0.35051546391752575
LV,Hunter Renfrow,Man,22.7,6,18,46.69999999999999,158.0,0.29556962025316447,38,83,0.4578313253012048
LV,Hunter Renfrow,Other,13.4,0,15,28.4,31.0,0.9161290322580645,17,83,0.20481927710843373
LV,Hunter Renfrow,Zone,31.200000000000003,6,25,62.20000000000001,157.0,0.39617834394904466,28,83,0.3373493975903614
CAR,Ian Thomas,Man,1.7999999999999998,6,6,13.8,61.0,0.22622950819672133,9,27,0.3333333333333333
CAR,Ian Thomas,Zone,11.1,0,12,23.099999999999998,134.0,0.1723880597014925,18,27,0.6666666666666666
BUF,Isaiah McKenzie,Man,12.000000000000002,18,10,39.99999999999999,57.0,0.7017543859649121,11,38,0.2894736842105263
BUF,Isaiah McKenzie,Other,7.8,6,14,27.8,29.0,0.9586206896551724,15,38,0.39473684210526316
BUF,Isaiah McKenzie,Zone,11.799999999999999,18,11,40.800000000000004,2.0,20.400000000000002,12,38,0.3157894736842105
WAS,J.D. McKissic,Man,19.399999999999995,0,28,47.4,139.0,0.3410071942446043,44,115,0.3826086956521739
WAS,J.D. McKissic,Other,6.200000000000001,0,11,17.200000000000003,76.0,0.22631578947368425,15,115,0.13043478260869565
WAS,J.D. McKissic,Zone,34.500000000000014,12,44,90.50000000000001,199.0,0.45477386934673375,56,115,0.48695652173913045
BAL,J.K. Dobbins,Man,9.0,0,10,19.0,9.0,2.111111111111111,13,31,0.41935483870967744
BAL,J.K. Dobbins,Other,1.3000000000000003,0,4,5.3,34.0,0.15588235294117647,7,31,0.22580645161290322
BAL,J.K. Dobbins,Zone,6.5,0,9,15.5,46.0,0.33695652173913043,11,31,0.3548387096774194
CLE,Ja'Marcus Bradley,Zone,3.2,0,3,6.2,6.0,1.0333333333333334,6,6,1.0
LV,Jacob Hollister,Man,8.1,6,10,24.1,84.0,0.28690476190476194,20,41,0.4878048780487805
LV,Jacob Hollister,Zone,9.700000000000001,6,11,26.700000000000003,58.0,0.46034482758620693,21,41,0.5121951219512195
BUF,Jake Kumerow,Zone,2.2,6,1,9.2,1.0,9.2,1,1,1.0
LV,Jakob Johnson,Man,0.2,6,3,9.2,3.0,3.0666666666666664,3,3,1.0
NE,Jakobi Meyers,Man,31.6,0,22,53.6,114.0,0.47017543859649125,36,89,0.4044943820224719
NE,Jakobi Meyers,Other,4.9,0,5,9.9,59.0,0.16779661016949154,5,89,0.056179775280898875
NE,Jakobi Meyers,Zone,42.89999999999999,0,36,78.89999999999998,149.0,0.5295302013422817,48,89,0.5393258426966292
LAC,Jalen Guyton,Man,25.000000000000007,12,14,50.99999999999999,273.0,0.1868131868131868,31,61,0.5081967213114754
LAC,Jalen Guyton,Other,1.1,0,2,3.1,107.0,0.02897196261682243,3,61,0.04918032786885246
LAC,Jalen Guyton,Zone,29.600000000000005,6,13,48.6,235.0,0.2068085106382979,27,61,0.4426229508196721
PHI,Jalen Reagor,Man,8.0,6,6,20.0,132.0,0.15151515151515152,18,58,0.3103448275862069
PHI,Jalen Reagor,Other,9.700000000000001,0,12,21.7,34.0,0.638235294117647,16,58,0.27586206896551724
PHI,Jalen Reagor,Zone,21.9,0,13,34.900000000000006,126.0,0.27698412698412705,24,58,0.41379310344827586
DET,Jamaal Williams,Man,6.200000000000001,6,9,21.2,34.0,0.6235294117647059,9,41,0.21951219512195122
DET,Jamaal Williams,Other,10.099999999999998,0,12,22.099999999999998,43.0,0.513953488372093,15,41,0.36585365853658536
DET,Jamaal Williams,Zone,9.800000000000002,0,15,24.799999999999997,29.0,0.8551724137931034,17,41,0.4146341463414634
JAX,Jamal Agnew,Other,4.2,0,8,12.200000000000001,18.0,0.6777777777777778,8,8,1.0
ARI,James Conner,Man,8.5,0,10,18.5,42.0,0.44047619047619047,14,49,0.2857142857142857
ARI,James Conner,Other,9.7,0,17,26.700000000000006,60.0,0.4450000000000001,18,49,0.3673469387755102
ARI,James Conner,Zone,6.800000000000001,6,14,26.8,34.0,0.788235294117647,17,49,0.3469387755102041
CHI,James O'Shaughnessy,Man,12.1,0,12,24.099999999999998,94.0,0.2563829787234042,19,39,0.48717948717948717
CHI,James O'Shaughnessy,Other,2.6,0,2,4.6,19.0,0.2421052631578947,2,39,0.05128205128205128
CHI,James O'Shaughnessy,Zone,11.500000000000004,0,14,25.5,65.0,0.3923076923076923,18,39,0.46153846153846156
JAX,James Robinson,Man,8.400000000000002,6,12,26.400000000000002,96.0,0.275,13,59,0.22033898305084745
JAX,James Robinson,Other,7.9,0,9,16.900000000000002,47.0,0.3595744680851064,14,59,0.23728813559322035
JAX,James Robinson,Zone,20.3,12,28,60.300000000000004,104.0,0.5798076923076924,32,59,0.5423728813559322
DAL,James Washington,Man,22.0,18,16,56.0,122.0,0.45901639344262296,35,66,0.5303030303030303
DAL,James Washington,Other,5.700000000000001,0,5,10.7,63.0,0.16984126984126982,6,66,0.09090909090909091
DAL,James Washington,Zone,18.699999999999996,12,14,44.7,103.0,0.43398058252427185,25,66,0.3787878787878788
BUF,Jamison Crowder,Man,34.4,18,29,81.4,175.0,0.4651428571428572,43,90,0.4777777777777778
BUF,Jamison Crowder,Other,11.7,12,9,32.7,99.0,0.3303030303030303,11,90,0.12222222222222222
BUF,Jamison Crowder,Zone,24.199999999999996,6,22,52.20000000000001,171.0,0.3052631578947369,36,90,0.4
NO,Jarvis Landry,Man,43.5,24,34,101.50000000000003,168.0,0.6041666666666669,54,123,0.43902439024390244
NO,Jarvis Landry,Other,4.300000000000002,0,8,12.299999999999999,69.0,0.1782608695652174,9,123,0.07317073170731707
NO,Jarvis Landry,Zone,50.00000000000002,6,45,100.99999999999999,188.0,0.5372340425531914,60,123,0.4878048780487805
NYJ,Jeff Smith,Man,9.0,0,9,18.0,110.0,0.16363636363636364,23,39,0.5897435897435898
NYJ,Jeff Smith,Other,2.2,0,2,4.2,37.0,0.11351351351351352,3,39,0.07692307692307693
NYJ,Jeff Smith,Zone,5.5,0,6,11.5,63.0,0.18253968253968253,13,39,0.3333333333333333
NO,Jerald Hawkins,Man,0.0,0,0,0.0,1.0,0.0,1,1,1.0
KC,Jerick McKinnon,Man,8.5,12,12,32.5,89.0,0.3651685393258427,23,50,0.46
KC,Jerick McKinnon,Other,3.3000000000000007,0,7,10.3,44.0,0.2340909090909091,8,50,0.16
KC,Jerick McKinnon,Zone,15.3,0,16,31.3,38.0,0.8236842105263158,19,50,0.38
DEN,Jerry Jeudy,Man,39.8,6,25,70.80000000000001,244.0,0.29016393442622956,53,119,0.44537815126050423
DEN,Jerry Jeudy,Other,7.8999999999999995,0,6,13.9,49.0,0.2836734693877551,11,119,0.09243697478991597
DEN,Jerry Jeudy,Zone,37.90000000000001,12,21,70.9,217.0,0.32672811059907836,55,119,0.46218487394957986
CIN,Joe Mixon,Man,3.7,6,4,13.7,3.0,4.566666666666666,7,26,0.2692307692307692
CIN,Joe Mixon,Other,3.7,0,8,11.7,28.0,0.4178571428571428,8,26,0.3076923076923077
CIN,Joe Mixon,Zone,6.8,0,9,15.800000000000002,4.0,3.9500000000000006,11,26,0.4230769230769231
PHI,John Hightower,Man,2.9,0,3,5.9,88.0,0.06704545454545455,13,33,0.3939393939393939
PHI,John Hightower,Other,0.0,0,0,0.0,4.0,0.0,1,33,0.030303030303030304
PHI,John Hightower,Zone,13.8,0,7,20.800000000000004,106.0,0.19622641509433966,19,33,0.5757575757575758
IND,Jonathan Taylor,Man,14.7,6,15,35.7,74.0,0.48243243243243245,17,45,0.37777777777777777
IND,Jonathan Taylor,Other,8.700000000000001,0,12,20.700000000000003,33.0,0.6272727272727273,13,45,0.28888888888888886
IND,Jonathan Taylor,Zone,7.600000000000001,0,12,19.6,55.0,0.3563636363636364,15,45,0.3333333333333333
NE,Jonnu Smith,Man,12.600000000000001,30,16,58.6,135.0,0.4340740740740741,30,70,0.42857142857142855
NE,Jonnu Smith,Other,5.6,0,4,9.6,39.0,0.24615384615384614,7,70,0.1
NE,Jonnu Smith,Zone,28.800000000000004,18,24,70.8,125.0,0.5664,33,70,0.4714285714285714
NYG,Jordan Akins,Man,20.499999999999996,0,17,37.5,135.0,0.2777777777777778,27,50,0.54
NYG,Jordan Akins,Other,2.2,0,2,4.2,77.0,0.05454545454545455,2,50,0.04
NYG,Jordan Akins,Zone,17.6,6,18,41.60000000000001,136.0,0.30588235294117655,21,50,0.42
LV,Josh Jacobs,Man,6.2,0,10,16.200000000000003,58.0,0.27931034482758627,16,47,0.3404255319148936
LV,Josh Jacobs,Other,1.7000000000000002,0,4,5.7,12.0,0.47500000000000003,4,47,0.0851063829787234
LV,Josh Jacobs,Zone,18.300000000000004,0,20,38.300000000000004,101.0,0.37920792079207927,27,47,0.574468085106383
DET,Josh Reynolds,Man,18.5,6,18,42.50000000000001,129.0,0.3294573643410853,33,88,0.375
DET,Josh Reynolds,Other,4.300000000000001,0,5,9.3,39.0,0.23846153846153847,6,88,0.06818181818181818
DET,Josh Reynolds,Zone,45.49999999999999,6,32,83.49999999999997,257.0,0.32490272373540846,49,88,0.5568181818181818
LAC,Joshua Kelley,Man,2.5,0,7,9.5,24.0,0.3958333333333333,7,25,0.28
LAC,Joshua Kelley,Other,0.4,0,5,5.3999999999999995,22.0,0.24545454545454543,5,25,0.2
LAC,Joshua Kelley,Zone,12.400000000000002,0,12,24.400000000000006,3.0,8.133333333333335,13,25,0.52
KC,JuJu Smith-Schuster,Man,48.3,42,47,137.29999999999998,287.0,0.47839721254355394,72,156,0.46153846153846156
KC,JuJu Smith-Schuster,Other,22.1,0,30,52.099999999999994,93.0,0.5602150537634408,33,156,0.21153846153846154
KC,JuJu Smith-Schuster,Zone,33.699999999999996,18,37,88.70000000000002,231.0,0.38398268398268404,51,156,0.3269230769230769
MIN,Justin Jefferson,Man,74.50000000000001,30,43,147.50000000000006,212.0,0.6957547169811323,66,131,0.5038167938931297
MIN,Justin Jefferson,Other,8.100000000000001,0,9,17.1,131.0,0.13053435114503817,9,131,0.06870229007633588
MIN,Justin Jefferson,Zone,62.099999999999994,12,37,111.10000000000001,261.0,0.4256704980842912,56,131,0.42748091603053434
KC,Justin Watson,Zone,6.300000000000001,0,4,10.3,5.0,2.06,7,7,1.0
DET,Kalif Raymond,Man,3.9,0,3,6.9,3.0,2.3000000000000003,6,6,1.0
CLE,Kareem Hunt,Man,7.500000000000001,12,10,29.500000000000004,44.0,0.6704545454545455,14,55,0.2545454545454545
CLE,Kareem Hunt,Other,9.600000000000001,0,14,23.6,42.0,0.5619047619047619,15,55,0.2727272727272727
CLE,Kareem Hunt,Zone,15.300000000000002,18,17,50.29999999999999,98.0,0.5132653061224489,26,55,0.4727272727272727
TB,Ke'Shawn Vaughn,Other,0.0,0,0,0.0,16.0,0.0,1,1,1.0
SF,KeeSean Johnson,Man,3.7000000000000006,0,5,8.7,38.0,0.22894736842105262,11,23,0.4782608695652174
SF,KeeSean Johnson,Other,4.7,0,3,7.7,14.0,0.55,3,23,0.13043478260869565
SF,KeeSean Johnson,Zone,8.9,0,7,15.9,27.0,0.5888888888888889,9,23,0.391304347826087
LV,Keelan Cole,Man,23.500000000000004,24,20,67.5,246.0,0.27439024390243905,40,93,0.43010752688172044
LV,Keelan Cole,Other,5.700000000000001,0,8,13.700000000000001,102.0,0.1343137254901961,11,93,0.11827956989247312
LV,Keelan Cole,Zone,36.199999999999996,6,28,70.2,255.0,0.27529411764705886,42,93,0.45161290322580644
LAC,Keenan Allen,Man,51.000000000000014,18,46,114.99999999999999,249.0,0.4618473895582329,73,154,0.474025974025974
LAC,Keenan Allen,Other,17.0,0,22,39.0,96.0,0.40625,26,154,0.16883116883116883
LAC,Keenan Allen,Zone,33.099999999999994,30,34,97.10000000000001,201.0,0.4830845771144279,55,154,0.35714285714285715
ATL,Keith Smith,Other,0.4,0,1,1.4,3.0,0.4666666666666666,1,12,0.08333333333333333
ATL,Keith Smith,Zone,4.8,0,9,13.8,14.0,0.9857142857142858,11,12,0.9166666666666666
IND,Keke Coutee,Man,6.8999999999999995,12,8,26.900000000000002,9.0,2.988888888888889,10,41,0.24390243902439024
IND,Keke Coutee,Other,4.4,0,6,10.399999999999999,20.0,0.5199999999999999,6,41,0.14634146341463414
IND,Keke Coutee,Zone,29.200000000000003,6,20,55.2,107.0,0.5158878504672898,25,41,0.6097560975609756
NE,Kendrick Bourne,Man,25.899999999999995,0,20,45.900000000000006,177.0,0.2593220338983051,29,78,0.3717948717948718
NE,Kendrick Bourne,Other,5.9,6,2,13.9,48.0,0.28958333333333336,3,78,0.038461538461538464
NE,Kendrick Bourne,Zone,38.30000000000001,6,29,73.29999999999998,217.0,0.3377880184331796,46,78,0.5897435897435898
NYG,Kenny Golladay,Man,12.2,0,10,22.200000000000003,51.0,0.4352941176470589,14,35,0.4
NYG,Kenny Golladay,Zone,18.7,12,9,39.7,51.0,0.7784313725490196,21,35,0.6
LV,Kenyan Drake,Other,3.3000000000000003,0,8,11.3,44.0,0.25681818181818183,9,26,0.34615384615384615
LV,Kenyan Drake,Zone,7.100000000000001,0,14,21.1,72.0,0.29305555555555557,17,26,0.6538461538461539
ATL,KhaDarel Hodge,Man,13.8,0,7,20.8,28.0,0.7428571428571429,9,9,1.0
SF,Kyle Juszczyk,Zone,19.8,24,18,61.8,77.0,0.8025974025974025,26,26,1.0
JAX,Laquon Treadwell,Man,0.6000000000000001,0,1,1.6,2.0,0.8,2,2,1.0
TB,Leonard Fournette,Man,12.200000000000003,6,18,36.20000000000001,82.0,0.44146341463414646,22,68,0.3235294117647059
TB,Leonard Fournette,Other,6.800000000000002,0,11,17.8,50.0,0.35600000000000004,15,68,0.22058823529411764
TB,Leonard Fournette,Zone,19.100000000000005,0,25,44.1,83.0,0.5313253012048192,31,68,0.45588235294117646
WAS,Logan Thomas,Man,18.5,24,23,65.5,221.0,0.29638009049773756,41,124,0.33064516129032256
WAS,Logan Thomas,Other,5.6,0,7,12.6,109.0,0.11559633027522935,13,124,0.10483870967741936
WAS,Logan Thomas,Zone,51.5,12,49,112.50000000000004,296.0,0.3800675675675677,70,124,0.5645161290322581
MIA,Lynn Bowden Jr.,Man,13.5,0,13,26.499999999999996,127.0,0.2086614173228346,19,37,0.5135135135135135
MIA,Lynn Bowden Jr.,Other,0.5000000000000001,0,5,5.5,16.0,0.34375,5,37,0.13513513513513514
MIA,Lynn Bowden Jr.,Zone,7.100000000000001,0,10,17.1,38.0,0.45,13,37,0.35135135135135137
LV,Mack Hollins,Man,15.800000000000002,6,13,34.800000000000004,100.0,0.34800000000000003,21,27,0.7777777777777778
LV,Mack Hollins,Zone,2.0,0,3,5.0,2.0,2.5,6,27,0.2222222222222222
GB,Malik Taylor,Man,4.7,6,3,13.7,7.0,1.957142857142857,4,4,1.0
GB,Marcedes Lewis,Man,4.800000000000001,18,6,28.800000000000004,3.0,9.600000000000001,10,22,0.45454545454545453
GB,Marcedes Lewis,Other,2.0,0,2,4.0,7.0,0.5714285714285714,3,22,0.13636363636363635
GB,Marcedes Lewis,Zone,7.699999999999999,0,6,13.7,2.0,6.85,9,22,0.4090909090909091
SF,Marcus Johnson,Man,11.100000000000001,0,6,17.099999999999998,26.0,0.6576923076923076,11,26,0.4230769230769231
SF,Marcus Johnson,Zone,14.000000000000002,0,7,21.0,78.0,0.2692307692307692,15,26,0.5769230769230769
BAL,Mark Andrews,Man,17.1,6,15,38.1,88.0,0.4329545454545455,27,108,0.25
BAL,Mark Andrews,Other,0.30000000000000004,0,1,1.3,52.0,0.025,4,108,0.037037037037037035
BAL,Mark Andrews,Zone,61.6,36,51,148.60000000000002,211.0,0.704265402843602,77,108,0.7129629629629629
NO,Marquez Callaway,Man,8.000000000000002,0,8,16.0,29.0,0.5517241379310345,11,29,0.3793103448275862
NO,Marquez Callaway,Zone,12.999999999999998,0,13,26.000000000000004,60.0,0.4333333333333334,18,29,0.6206896551724138
KC,Marquez Valdes-Scantling,Man,42.2,24,16,82.2,196.0,0.41938775510204085,39,76,0.5131578947368421
KC,Marquez Valdes-Scantling,Zone,34.2,18,18,70.19999999999999,170.0,0.41294117647058814,37,76,0.4868421052631579
ARI,Marquise Brown,Man,26.099999999999998,18,13,57.099999999999994,128.0,0.44609374999999996,30,120,0.25
ARI,Marquise Brown,Other,0.4,0,4,4.4,79.0,0.055696202531645575,5,120,0.041666666666666664
ARI,Marquise Brown,Zone,71.89999999999999,30,54,155.89999999999998,286.0,0.545104895104895,85,120,0.7083333333333334
JAX,Marvin Hall,Man,9.8,0,5,14.8,25.0,0.5920000000000001,11,38,0.2894736842105263
JAX,Marvin Hall,Other,1.4,0,2,3.4,57.0,0.05964912280701754,3,38,0.07894736842105263
JAX,Marvin Hall,Zone,24.200000000000003,12,12,48.20000000000001,137.0,0.35182481751824823,24,38,0.631578947368421
NYG,Matt Breida,Other,5.4,0,6,11.399999999999999,8.0,1.4249999999999998,7,7,1.0
ARI,Maxx Williams,Man,8.9,6,6,20.900000000000002,6.0,3.483333333333334,6,6,1.0
KC,Mecole Hardman,Man,14.100000000000003,6,13,33.1,123.0,0.26910569105691057,28,82,0.34146341463414637
KC,Mecole Hardman,Other,20.8,18,17,55.8,89.0,0.6269662921348315,17,82,0.2073170731707317
KC,Mecole Hardman,Zone,28.099999999999998,6,20,54.09999999999999,172.0,0.31453488372093014,37,82,0.45121951219512196
KC,Michael Burton,Man,1.6,0,2,3.6,2.0,1.8,2,2,1.0
DAL,Michael Gallup,Man,30.00000000000001,12,23,65.0,266.0,0.24436090225563908,42,111,0.3783783783783784
DAL,Michael Gallup,Other,12.0,6,9,27.0,132.0,0.20454545454545456,12,111,0.10810810810810811
DAL,Michael Gallup,Zone,47.0,12,28,87.0,287.0,0.30313588850174217,57,111,0.5135135135135135
IND,Michael Pittman Jr.,Man,23.900000000000002,0,19,42.9,105.0,0.4085714285714286,28,74,0.3783783783783784
IND,Michael Pittman Jr.,Other,7.299999999999999,0,7,14.3,110.0,0.13,10,74,0.13513513513513514
IND,Michael Pittman Jr.,Zone,28.300000000000004,6,19,53.3,155.0,0.3438709677419355,36,74,0.4864864864864865
NO,Michael Thomas,Man,14.600000000000001,6,17,37.6,81.0,0.46419753086419757,34,69,0.4927536231884058
NO,Michael Thomas,Other,0.0,0,1,1.0,5.0,0.2,2,69,0.028985507246376812
NO,Michael Thomas,Zone,36.5,0,27,63.5,84.0,0.7559523809523809,33,69,0.4782608695652174
BAL,Mike Davis,Man,12.3,6,20,38.3,113.0,0.3389380530973451,23,71,0.323943661971831
BAL,Mike Davis,Other,8.100000000000001,6,16,30.099999999999998,33.0,0.9121212121212121,20,71,0.28169014084507044
BAL,Mike Davis,Zone,16.900000000000002,0,23,39.89999999999999,123.0,0.324390243902439,28,71,0.39436619718309857
TB,Mike Evans,Man,58.9,54,37,149.89999999999998,268.0,0.5593283582089551,77,148,0.5202702702702703
TB,Mike Evans,Other,3.0,12,4,19.000000000000004,150.0,0.12666666666666668,4,148,0.02702702702702703
TB,Mike Evans,Zone,59.10000000000001,24,40,123.10000000000005,231.0,0.5329004329004331,67,148,0.4527027027027027
MIA,Mike Gesicki,Man,39.900000000000006,24,35,98.89999999999998,219.0,0.45159817351598164,59,92,0.6413043478260869
MIA,Mike Gesicki,Other,7.0,0,1,8.0,14.0,0.5714285714285714,2,92,0.021739130434782608
MIA,Mike Gesicki,Zone,24.999999999999996,12,19,56.00000000000001,167.0,0.3353293413173653,31,92,0.33695652173913043
CIN,Mike Thomas,Man,5.1,6,4,15.100000000000001,11.0,1.3727272727272728,7,18,0.3888888888888889
CIN,Mike Thomas,Zone,7.500000000000001,0,7,14.5,39.0,0.3717948717948718,11,18,0.6111111111111112
LAC,Mike Williams,Man,38.40000000000001,18,27,83.39999999999999,159.0,0.5245283018867924,54,94,0.574468085106383
LAC,Mike Williams,Other,0.9,0,1,1.9,73.0,0.02602739726027397,1,94,0.010638297872340425
LAC,Mike Williams,Zone,40.80000000000001,12,21,73.80000000000001,191.0,0.3863874345549739,39,94,0.4148936170212766
PIT,Miles Boykin,Man,2.8000000000000003,6,3,11.799999999999999,12.0,0.9833333333333333,8,38,0.21052631578947367
PIT,Miles Boykin,Other,1.5,0,1,2.5,10.0,0.25,2,38,0.05263157894736842
PIT,Miles Boykin,Zone,24.300000000000004,18,18,60.3,147.0,0.41020408163265304,28,38,0.7368421052631579
PHI,Miles Sanders,Man,7.4,0,8,15.4,120.0,0.12833333333333333,18,55,0.32727272727272727
PHI,Miles Sanders,Other,6.800000000000001,0,11,17.799999999999997,50.0,0.3559999999999999,16,55,0.2909090909090909
PHI,Miles Sanders,Zone,6.500000000000001,0,10,16.5,49.0,0.336734693877551,21,55,0.38181818181818183
IND,Mo Alie-Cox,Man,13.5,12,17,42.50000000000001,67.0,0.6343283582089553,20,43,0.46511627906976744
IND,Mo Alie-Cox,Other,9.5,0,5,14.500000000000002,28.0,0.5178571428571429,6,43,0.13953488372093023
IND,Mo Alie-Cox,Zone,19.700000000000003,0,13,32.7,59.0,0.5542372881355933,17,43,0.3953488372093023
NE,N'Keal Harry,Man,13.200000000000001,6,13,32.199999999999996,107.0,0.3009345794392523,29,59,0.4915254237288136
NE,N'Keal Harry,Other,2.1,0,4,6.1,26.0,0.23461538461538461,4,59,0.06779661016949153
NE,N'Keal Harry,Zone,16.2,6,17,39.2,125.0,0.31360000000000005,26,59,0.4406779661016949
NE,Nelson Agholor,Man,34.10000000000001,24,19,77.10000000000001,174.0,0.4431034482758621,41,95,0.43157894736842106
NE,Nelson Agholor,Other,6.000000000000001,0,5,11.0,59.0,0.1864406779661017,7,95,0.07368421052631578
NE,Nelson Agholor,Zone,55.9,36,27,118.9,215.0,0.5530232558139535,47,95,0.49473684210526314
BAL,Nick Boyle,Man,5.7,6,6,17.700000000000003,4.0,4.425000000000001,8,19,0.42105263157894735
BAL,Nick Boyle,Other,0.6000000000000001,0,1,1.6,9.0,0.17777777777777778,1,19,0.05263157894736842
BAL,Nick Boyle,Zone,5.500000000000001,6,9,20.5,3.0,6.833333333333333,10,19,0.5263157894736842
CLE,Nick Chubb,Man,3.8000000000000003,0,5,8.8,24.0,0.3666666666666667,8,29,0.27586206896551724
CLE,Nick Chubb,Other,13.700000000000001,6,10,29.700000000000003,31.0,0.9580645161290323,13,29,0.4482758620689655
CLE,Nick Chubb,Zone,5.4,0,8,13.400000000000002,7.0,1.9142857142857146,8,29,0.27586206896551724
NO,Nick Vannett,Man,5.800000000000001,6,7,18.8,38.0,0.4947368421052632,11,11,1.0
TEN,Nick Westbrook-Ikhine,Man,3.8000000000000003,0,3,6.800000000000001,1.0,6.800000000000001,6,6,1.0
DAL,Noah Brown,Man,12.500000000000002,0,9,21.5,24.0,0.8958333333333334,13,23,0.5652173913043478
DAL,Noah Brown,Other,0.0,0,0,0.0,27.0,0.0,1,23,0.043478260869565216
DAL,Noah Brown,Zone,5.6,0,5,10.600000000000001,6.0,1.7666666666666668,9,23,0.391304347826087
SEA,Noah Fant,Man,26.1,12,20,58.1,178.0,0.32640449438202246,34,95,0.35789473684210527
SEA,Noah Fant,Other,5.300000000000001,6,9,20.299999999999997,81.0,0.2506172839506173,13,95,0.1368421052631579
SEA,Noah Fant,Zone,35.9,0,33,68.90000000000002,191.0,0.36073298429319384,48,95,0.5052631578947369
IND,Nyheim Hines,Man,15.500000000000002,12,22,49.49999999999999,102.0,0.48529411764705876,29,84,0.34523809523809523
IND,Nyheim Hines,Other,23.400000000000002,12,21,56.4,76.0,0.7421052631578947,22,84,0.2619047619047619
IND,Nyheim Hines,Zone,20.200000000000003,6,25,51.199999999999996,108.0,0.47407407407407404,33,84,0.39285714285714285
ATL,Olamide Zaccheaus,Man,5.5,0,5,10.5,12.0,0.875,7,32,0.21875
ATL,Olamide Zaccheaus,Other,0.8,0,1,1.8,20.0,0.09,1,32,0.03125
ATL,Olamide Zaccheaus,Zone,21.099999999999998,6,14,41.10000000000001,105.0,0.3914285714285715,24,32,0.75
IND,Parris Campbell,Man,5.9,0,4,9.900000000000002,3.0,3.3000000000000007,6,6,1.0
MIA,Preston Williams,Man,10.600000000000001,12,8,30.600000000000005,76.0,0.4026315789473685,19,36,0.5277777777777778
MIA,Preston Williams,Zone,17.5,12,9,38.5,44.0,0.875,17,36,0.4722222222222222
PHI,Quez Watkins,Other,4.9,6,5,15.9,8.0,1.9875,6,6,1.0
DET,Quintez Cephus,Man,12.200000000000001,0,7,19.2,38.0,0.5052631578947369,13,38,0.34210526315789475
DET,Quintez Cephus,Other,4.7,0,2,6.699999999999999,23.0,0.29130434782608694,4,38,0.10526315789473684
DET,Quintez Cephus,Zone,18.8,12,12,42.8,96.0,0.4458333333333333,21,38,0.5526315789473685
MIA,Raheem Mostert,Other,0.8,0,2,2.8000000000000003,7.0,0.4,4,4,1.0
GB,Randall Cobb,Man,14.600000000000001,12,16,42.599999999999994,130.0,0.32769230769230767,23,48,0.4791666666666667
GB,Randall Cobb,Other,3.4000000000000004,0,4,7.4,56.0,0.13214285714285715,4,48,0.08333333333333333
GB,Randall Cobb,Zone,26.1,6,18,50.099999999999994,101.0,0.496039603960396,21,48,0.4375
CAR,Rashard Higgins,Man,33.2,6,20,59.20000000000001,132.0,0.44848484848484854,36,72,0.5
CAR,Rashard Higgins,Other,5.0,0,2,7.0,21.0,0.3333333333333333,2,72,0.027777777777777776
CAR,Rashard Higgins,Zone,34.89999999999999,18,23,75.9,125.0,0.6072000000000001,34,72,0.4722222222222222
BUF,Reggie Gilliam,Man,0.1,6,1,7.1,3.0,2.3666666666666667,1,1,1.0
HOU,Rex Burkhead,Man,5.2,6,6,17.200000000000003,35.0,0.4914285714285715,10,27,0.37037037037037035
HOU,Rex Burkhead,Other,11.9,12,16,39.900000000000006,19.0,2.1,17,27,0.6296296296296297
GB,Robert Tonyan,Man,23.5,54,21,98.49999999999999,171.0,0.5760233918128654,27,67,0.40298507462686567
GB,Robert Tonyan,Other,2.1,0,5,7.1000000000000005,20.0,0.35500000000000004,5,67,0.07462686567164178
GB,Robert Tonyan,Zone,41.20000000000001,18,34,93.19999999999999,131.0,0.7114503816793892,35,67,0.5223880597014925
TEN,Robert Woods,Man,36.7,24,29,89.7,197.0,0.45532994923857867,49,150,0.32666666666666666
TEN,Robert Woods,Other,14.8,0,25,39.800000000000004,74.0,0.5378378378378379,29,150,0.19333333333333333
TEN,Robert Woods,Zone,52.599999999999994,18,50,120.59999999999995,289.0,0.4173010380622836,72,150,0.48
SF,Ross Dwelley,Man,4.7,0,5,9.7,28.0,0.3464285714285714,8,25,0.32
SF,Ross Dwelley,Other,1.4000000000000001,0,1,2.4000000000000004,30.0,0.08000000000000002,1,25,0.04
SF,Ross Dwelley,Zone,18.4,6,13,37.4,35.0,1.0685714285714285,16,25,0.64
TB,Russell Gage,Man,42.10000000000001,12,35,89.1,240.0,0.37124999999999997,56,111,0.5045045045045045
TB,Russell Gage,Other,5.6000000000000005,0,10,15.600000000000001,100.0,0.15600000000000003,11,111,0.0990990990990991
TB,Russell Gage,Zone,30.9,12,27,69.9,240.0,0.29125,44,111,0.3963963963963964
DAL,Ryan Nall,Man,4.0,0,4,8.0,9.0,0.8888888888888888,5,5,1.0
CIN,Samaje Perine,Other,4.800000000000001,0,6,10.8,12.0,0.9,6,6,1.0
GB,Sammy Watkins,Man,20.599999999999998,6,18,44.60000000000001,155.0,0.287741935483871,30,57,0.5263157894736842
GB,Sammy Watkins,Other,0.2,6,1,7.2,33.0,0.2181818181818182,2,57,0.03508771929824561
GB,Sammy Watkins,Zone,22.599999999999998,0,19,41.599999999999994,138.0,0.3014492753623188,25,57,0.43859649122807015
TB,Scotty Miller,Man,22.6,6,14,42.599999999999994,105.0,0.40571428571428564,26,62,0.41935483870967744
TB,Scotty Miller,Other,2.2,0,4,6.2,61.0,0.10163934426229508,5,62,0.08064516129032258
TB,Scotty Miller,Zone,33.3,18,19,70.30000000000001,138.0,0.5094202898550726,31,62,0.5
MIA,Sony Michel,Other,2.6,0,2,4.6,6.0,0.7666666666666666,3,8,0.375
MIA,Sony Michel,Zone,5.6,6,4,15.6,1.0,15.6,5,8,0.625
BUF,Stefon Diggs,Man,108.2,48,78,234.19999999999996,287.0,0.8160278745644598,110,210,0.5238095238095238
BUF,Stefon Diggs,Other,12.799999999999999,6,16,34.800000000000004,125.0,0.27840000000000004,18,210,0.08571428571428572
BUF,Stefon Diggs,Zone,66.7,12,58,136.69999999999996,240.0,0.5695833333333332,82,210,0.3904761904761905
NYG,Sterling Shepard,Man,29.100000000000005,12,27,68.09999999999998,155.0,0.4393548387096773,46,96,0.4791666666666667
NYG,Sterling Shepard,Other,5.5,0,8,13.499999999999998,51.0,0.2647058823529411,8,96,0.08333333333333333
NYG,Sterling Shepard,Zone,33.300000000000004,6,35,74.30000000000003,169.0,0.4396449704142013,42,96,0.4375
DET,T.J. Hockenson,Man,30.199999999999996,24,30,84.2,191.0,0.4408376963350785,51,107,0.4766355140186916
DET,T.J. Hockenson,Other,12.299999999999999,6,14,32.300000000000004,71.0,0.4549295774647888,15,107,0.14018691588785046
DET,T.J. Hockenson,Zone,31.9,6,25,62.89999999999999,210.0,0.29952380952380947,41,107,0.38317757009345793
CIN,Tee Higgins,Man,56.500000000000014,30,37,123.49999999999999,195.0,0.6333333333333333,56,115,0.48695652173913045
CIN,Tee Higgins,Other,0.9000000000000001,0,3,3.9000000000000004,83.0,0.04698795180722892,5,115,0.043478260869565216
CIN,Tee Higgins,Zone,43.599999999999994,6,32,81.60000000000002,252.0,0.3238095238095239,54,115,0.46956521739130436
WAS,Terry McLaurin,Man,59.2,12,39,110.19999999999996,236.0,0.46694915254237274,66,150,0.44
WAS,Terry McLaurin,Other,11.0,0,18,29.0,125.0,0.232,21,150,0.14
WAS,Terry McLaurin,Zone,51.4,12,39,102.39999999999999,282.0,0.3631205673758865,63,150,0.42
DEN,Tim Patrick,Man,38.80000000000001,18,25,81.80000000000001,203.0,0.4029556650246306,42,88,0.4772727272727273
DEN,Tim Patrick,Other,2.7,0,1,3.7,97.0,0.03814432989690722,2,88,0.022727272727272728
DEN,Tim Patrick,Zone,33.0,18,26,77.0,198.0,0.3888888888888889,44,88,0.5
DAL,Tony Pollard,Man,6.5,6,8,20.5,43.0,0.47674418604651164,13,41,0.3170731707317073
DAL,Tony Pollard,Other,6.300000000000001,0,11,17.3,27.0,0.6407407407407407,13,41,0.3170731707317073
DAL,Tony Pollard,Zone,7.6000000000000005,0,10,17.6,39.0,0.45128205128205134,15,41,0.36585365853658536
DEN,Travis Fulgham,Man,16.7,6,12,34.7,158.0,0.21962025316455697,27,72,0.375
DEN,Travis Fulgham,Other,2.1,0,4,6.1000000000000005,34.0,0.17941176470588238,7,72,0.09722222222222222
DEN,Travis Fulgham,Zone,35.1,18,22,75.1,171.0,0.43918128654970756,38,72,0.5277777777777778
KC,Travis Kelce,Man,71.19999999999999,12,48,131.2,220.0,0.5963636363636363,68,193,0.35233160621761656
KC,Travis Kelce,Other,20.400000000000006,36,21,77.4,109.0,0.7100917431192661,24,193,0.12435233160621761
KC,Travis Kelce,Zone,93.29999999999997,36,70,199.3,260.0,0.7665384615384616,101,193,0.5233160621761658
NO,Tre'Quan Smith,Man,15.1,18,13,46.1,154.0,0.29935064935064937,20,51,0.39215686274509803
NO,Tre'Quan Smith,Zone,35.0,18,23,76.0,170.0,0.4470588235294118,31,51,0.6078431372549019
CIN,Trent Taylor,Man,4.4,0,5,9.4,40.0,0.23500000000000001,10,21,0.47619047619047616
CIN,Trent Taylor,Other,-0.5000000000000001,0,2,1.5,44.0,0.03409090909090909,3,21,0.14285714285714285
CIN,Trent Taylor,Zone,4.7,0,3,7.700000000000001,8.0,0.9625000000000001,8,21,0.38095238095238093
CIN,Tyler Boyd,Man,41.39999999999999,12,35,88.4,204.0,0.43333333333333335,50,113,0.4424778761061947
CIN,Tyler Boyd,Other,12.4,6,12,30.400000000000002,75.0,0.4053333333333334,12,113,0.10619469026548672
CIN,Tyler Boyd,Zone,32.300000000000004,12,33,77.3,254.0,0.3043307086614173,51,113,0.45132743362831856
NYJ,Tyler Conklin,Man,6.6000000000000005,0,7,13.600000000000001,15.0,0.9066666666666667,12,27,0.4444444444444444
NYJ,Tyler Conklin,Other,2.3,0,2,4.3,4.0,1.075,3,27,0.1111111111111111
NYJ,Tyler Conklin,Zone,10.5,6,10,26.5,70.0,0.37857142857142856,12,27,0.4444444444444444
LAR,Tyler Higbee,Man,16.0,24,21,61.0,98.0,0.6224489795918368,27,66,0.4090909090909091
LAR,Tyler Higbee,Other,3.3000000000000003,0,3,6.300000000000001,28.0,0.22500000000000003,4,66,0.06060606060606061
LAR,Tyler Higbee,Zone,33.699999999999996,6,23,62.70000000000001,176.0,0.35625000000000007,35,66,0.5303030303030303
TB,Tyler Johnson,Man,5.2,6,5,16.2,17.0,0.9529411764705882,11,11,1.0
SEA,Tyler Lockett,Man,45.8,42,43,130.79999999999995,279.0,0.4688172043010751,60,143,0.4195804195804196
SEA,Tyler Lockett,Other,8.200000000000001,0,11,19.199999999999996,118.0,0.16271186440677962,12,143,0.08391608391608392
SEA,Tyler Lockett,Zone,56.10000000000001,18,49,123.1,293.0,0.420136518771331,71,143,0.4965034965034965
MIA,Tyreek Hill,Man,78.89999999999999,54,41,173.90000000000003,239.0,0.7276150627615064,64,173,0.3699421965317919
MIA,Tyreek Hill,Other,21.000000000000004,12,19,52.0,115.0,0.45217391304347826,22,173,0.12716763005780346
MIA,Tyreek Hill,Zone,76.00000000000001,36,56,168.00000000000003,278.0,0.6043165467625901,87,173,0.5028901734104047
DEN,Tyrie Cleveland,Man,0.0,0,0,0.0,1.0,0.0,2,2,1.0
LV,Tyron Johnson,Man,14.7,0,7,21.7,28.0,0.775,7,26,0.2692307692307692
LV,Tyron Johnson,Other,12.3,6,5,23.299999999999997,30.0,0.7766666666666666,5,26,0.19230769230769232
LV,Tyron Johnson,Zone,12.8,12,8,32.800000000000004,41.0,0.8000000000000002,14,26,0.5384615384615384
LAR,Van Jefferson,Man,11.8,12,11,34.8,58.0,0.6,16,38,0.42105263157894735
LAR,Van Jefferson,Other,0.30000000000000004,0,1,1.3,5.0,0.26,1,38,0.02631578947368421
LAR,Van Jefferson,Zone,14.500000000000002,0,13,27.5,51.0,0.5392156862745098,21,38,0.5526315789473685
TB,Vyncint Smith,Zone,1.3,0,1,2.3,1.0,2.3,1,1,1.0
SEA,Will Dissly,Man,7.800000000000001,6,7,20.8,34.0,0.611764705882353,9,30,0.3
SEA,Will Dissly,Zone,16.6,6,16,38.6,95.0,0.40631578947368424,21,30,0.7
ARI,Zach Ertz,Man,9.8,6,15,30.800000000000008,164.0,0.18780487804878054,33,72,0.4583333333333333
ARI,Zach Ertz,Other,4.1000000000000005,0,4,8.100000000000001,6.0,1.3500000000000003,8,72,0.1111111111111111
ARI,Zach Ertz,Zone,19.599999999999998,0,17,36.599999999999994,148.0,0.24729729729729727,31,72,0.4305555555555556
PHI,Zach Pascal,Man,29.000000000000004,30,21,80.0,205.0,0.3902439024390244,37,79,0.46835443037974683
PHI,Zach Pascal,Other,9.7,0,9,18.700000000000003,57.0,0.32807017543859657,10,79,0.12658227848101267
PHI,Zach Pascal,Zone,29.500000000000007,6,19,54.5,180.0,0.30277777777777776,32,79,0.4050632911392405
JAX,Zay Jones,Other,2.2,6,3,11.200000000000001,25.0,0.44800000000000006,3,16,0.1875
JAX,Zay Jones,Zone,11.100000000000001,0,8,19.1,40.0,0.47750000000000004,13,16,0.8125
