,playerName,DropType_descr,FP_yards,FP_TD,FP_receiving,FP_total,Routes Run,FP/routes
0,A.J. Brown,0/1 Step,36.599999999999994,30,27,93.60000000000001,31.0,3.0193548387096776
1,A.J. Brown,3 Step,37.8,36,27,100.80000000000001,44.0,2.290909090909091
2,A.J. Brown,5 Step,21.900000000000002,0,11,32.900000000000006,18.0,1.8277777777777782
3,A.J. Brown,7 Step,12.4,0,6,18.4,10.0,1.8399999999999999
14,A.J. Green,0/1 Step,21.1,6,22,49.10000000000001,38.0,1.2921052631578949
15,A.J. Green,3 Step,19.7,6,18,43.7,53.0,0.8245283018867925
16,A.J. Green,5 Step,8.100000000000001,6,6,20.1,8.0,2.5125
17,A.J. Green,7 Step,1.9000000000000001,0,1,2.9000000000000004,4.0,0.7250000000000001
22,Aaron Jones,0/1 Step,5.500000000000001,6,5,16.5,8.0,2.0625
23,Aaron Jones,3 Step,12.700000000000001,6,22,40.699999999999996,24.0,1.695833333333333
24,Aaron Jones,5 Step,3.5000000000000004,0,5,8.5,8.0,1.0625
25,Aaron Jones,7 Step,5.700000000000001,0,5,10.700000000000001,5.0,2.14
30,Adam Humphries,0/1 Step,10.4,6,10,26.400000000000002,12.0,2.2
31,Adam Humphries,3 Step,12.4,6,13,31.400000000000002,23.0,1.365217391304348
39,Adam Thielen,0/1 Step,8.0,6,7,21.000000000000004,15.0,1.4000000000000001
40,Adam Thielen,3 Step,26.4,30,27,83.4,38.0,2.194736842105263
41,Adam Thielen,5 Step,17.400000000000002,12,15,44.39999999999999,21.0,2.114285714285714
42,Adam Thielen,7 Step,21.299999999999997,12,10,43.3,13.0,3.3307692307692305
50,Adam Trautman,7 Step,1.5000000000000002,0,2,3.5,2.0,1.75
56,Adrian Peterson,5 Step,1.7,0,4,5.7,6.0,0.9500000000000001
57,Adrian Peterson,7 Step,1.4,0,2,3.4,2.0,1.7
67,Alec Ingold,5 Step,7.3999999999999995,6,7,20.400000000000002,9.0,2.266666666666667
71,Alex Armah,7 Step,0.9,0,2,2.9,2.0,1.45
76,Alex Erickson,0/1 Step,13.500000000000002,0,11,24.5,12.0,2.0416666666666665
80,Alexander Mattison,5 Step,4.5,6,5,15.5,5.0,3.1
83,Alfred Morris,7 Step,0.9,0,1,1.9,2.0,0.95
86,Allen Lazard,3 Step,15.900000000000002,0,11,26.900000000000002,18.0,1.4944444444444445
87,Allen Lazard,5 Step,12.900000000000002,6,10,28.900000000000002,12.0,2.4083333333333337
88,Allen Lazard,7 Step,16.1,6,4,26.1,3.0,8.700000000000001
92,Allen Robinson,0/1 Step,26.499999999999996,6,31,63.500000000000014,37.0,1.7162162162162167
93,Allen Robinson,3 Step,61.1,24,43,128.10000000000002,67.0,1.911940298507463
94,Allen Robinson,5 Step,12.500000000000002,0,8,20.5,13.0,1.5769230769230769
95,Allen Robinson,7 Step,11.0,0,5,16.0,5.0,3.2
100,Alshon Jeffery,0/1 Step,7.6000000000000005,6,5,18.6,8.0,2.325
103,Alvin Kamara,0/1 Step,4.6,6,9,19.6,13.0,1.5076923076923079
104,Alvin Kamara,3 Step,17.6,0,20,37.6,25.0,1.504
105,Alvin Kamara,5 Step,33.7,6,41,80.70000000000002,40.0,2.0175000000000005
106,Alvin Kamara,7 Step,7.4,6,3,16.4,5.0,3.28
112,Amari Cooper,0/1 Step,22.200000000000003,12,20,54.2,26.0,2.0846153846153848
113,Amari Cooper,3 Step,50.29999999999999,12,47,109.30000000000001,68.0,1.6073529411764707
114,Amari Cooper,5 Step,15.9,6,8,29.9,13.0,2.3
115,Amari Cooper,7 Step,9.600000000000001,0,3,12.600000000000001,5.0,2.5200000000000005
128,Andy Isabella,0/1 Step,4.2,0,7,11.2,9.0,1.2444444444444445
130,Andy Isabella,5 Step,14.500000000000002,6,7,27.500000000000004,14.0,1.9642857142857146
137,Anthony Firkser,0/1 Step,13.4,0,13,26.4,16.0,1.65
138,Anthony Firkser,3 Step,27.200000000000003,6,23,56.20000000000001,31.0,1.812903225806452
146,Anthony Miller,0/1 Step,14.899999999999999,0,18,32.9,22.0,1.4954545454545454
147,Anthony Miller,3 Step,21.299999999999997,6,15,42.300000000000004,29.0,1.4586206896551726
148,Anthony Miller,5 Step,9.500000000000002,6,7,22.5,10.0,2.25
154,Antonio Brown,0/1 Step,12.700000000000001,0,19,31.700000000000003,22.0,1.4409090909090911
155,Antonio Brown,3 Step,21.5,18,16,55.5,22.0,2.522727272727273
156,Antonio Brown,5 Step,10.5,18,5,33.5,5.0,6.7
157,Antonio Brown,7 Step,3.9000000000000004,0,2,5.9,2.0,2.95
165,Antonio Gibson,0/1 Step,0.8,0,8,8.8,9.0,0.9777777777777779
166,Antonio Gibson,3 Step,10.100000000000001,0,17,27.1,19.0,1.4263157894736842
167,Antonio Gibson,5 Step,11.4,0,9,20.4,10.0,2.04
168,Antonio Gibson,7 Step,0.6000000000000001,0,1,1.6,2.0,0.8
176,Auden Tate,0/1 Step,7.800000000000001,0,7,14.8,10.0,1.48
180,Austin Carr,7 Step,1.0,0,1,2.0,2.0,1.0
182,Austin Ekeler,0/1 Step,7.500000000000002,6,11,24.5,13.0,1.8846153846153846
183,Austin Ekeler,3 Step,10.700000000000003,6,16,32.7,21.0,1.5571428571428574
184,Austin Ekeler,5 Step,6.100000000000001,0,10,16.1,11.0,1.4636363636363638
185,Austin Ekeler,7 Step,4.7,0,5,9.7,6.0,1.6166666666666665
189,Austin Hooper,0/1 Step,3.4000000000000004,6,5,14.4,6.0,2.4
190,Austin Hooper,3 Step,23.8,6,23,52.8,30.0,1.76
191,Austin Hooper,5 Step,7.800000000000001,12,10,29.800000000000004,11.0,2.7090909090909094
192,Austin Hooper,7 Step,2.3000000000000003,6,2,10.3,4.0,2.575
213,Benny Snell,7 Step,0.0,0,0,0.0,1.0,0.0
225,Boston Scott,3 Step,12.200000000000001,6,12,30.200000000000006,16.0,1.8875000000000004
226,Boston Scott,5 Step,1.6,0,3,4.6,7.0,0.6571428571428571
230,Brandin Cooks,0/1 Step,19.7,6,18,43.70000000000002,23.0,1.9000000000000008
231,Brandin Cooks,3 Step,33.300000000000004,6,26,65.30000000000001,41.0,1.5926829268292686
232,Brandin Cooks,5 Step,33.9,12,20,65.9,28.0,2.3535714285714286
233,Brandin Cooks,7 Step,7.4,6,4,17.4,6.0,2.9
240,Brandon Aiyuk,0/1 Step,18.5,18,20,56.50000000000001,36.0,1.5694444444444446
241,Brandon Aiyuk,3 Step,35.300000000000004,12,21,68.3,31.0,2.203225806451613
242,Brandon Aiyuk,5 Step,7.300000000000001,0,5,12.3,10.0,1.23
243,Brandon Aiyuk,7 Step,4.800000000000001,0,3,7.8,6.0,1.3
250,Brandon Powell,0/1 Step,4.8,6,8,18.8,9.0,2.088888888888889
257,Braxton Berrios,0/1 Step,4.4,0,11,15.4,11.0,1.4000000000000001
258,Braxton Berrios,3 Step,17.4,0,16,33.400000000000006,29.0,1.1517241379310348
259,Braxton Berrios,5 Step,7.6,12,4,23.6,9.0,2.6222222222222222
265,Breshad Perriman,0/1 Step,3.4000000000000004,0,6,9.400000000000002,11.0,0.8545454545454547
266,Breshad Perriman,3 Step,18.700000000000003,12,11,41.70000000000001,28.0,1.4892857142857145
267,Breshad Perriman,5 Step,8.8,0,4,12.8,9.0,1.4222222222222223
268,Breshad Perriman,7 Step,18.0,6,6,30.000000000000004,8.0,3.7500000000000004
272,Brian Hill,0/1 Step,2.9000000000000004,0,5,7.9,7.0,1.1285714285714286
274,Brian Hill,5 Step,6.4,0,8,14.4,8.0,1.8
275,Brian Hill,7 Step,3.2,0,4,7.2,5.0,1.44
288,Byron Pringle,5 Step,8.5,0,5,13.5,5.0,2.7
289,Byron Pringle,7 Step,0.2,0,1,1.2,1.0,1.2
302,C.J. Ham,7 Step,1.3,0,2,3.3,4.0,0.825
313,Calvin Ridley,0/1 Step,12.299999999999999,12,16,40.30000000000001,24.0,1.6791666666666671
314,Calvin Ridley,3 Step,59.699999999999996,18,37,114.7,63.0,1.8206349206349206
315,Calvin Ridley,5 Step,32.1,6,20,58.09999999999999,33.0,1.7606060606060603
316,Calvin Ridley,7 Step,21.7,6,8,35.7,15.0,2.3800000000000003
323,Cam Akers,7 Step,1.8,0,2,3.8000000000000003,3.0,1.2666666666666668
328,Cam Sims,0/1 Step,13.500000000000002,0,10,23.499999999999996,11.0,2.1363636363636362
329,Cam Sims,3 Step,16.6,6,11,33.6,20.0,1.6800000000000002
330,Cam Sims,5 Step,19.5,0,10,29.500000000000004,6.0,4.916666666666667
331,Cam Sims,7 Step,6.5,0,4,10.5,7.0,1.5
340,Cameron Brate,0/1 Step,11.100000000000001,12,13,36.1,13.0,2.776923076923077
341,Cameron Brate,3 Step,21.700000000000003,0,19,40.70000000000001,15.0,2.713333333333334
343,Cameron Brate,7 Step,9.5,0,5,14.5,2.0,7.25
347,Carlos Hyde,5 Step,3.8,0,5,8.8,6.0,1.4666666666666668
351,Cedrick Wilson,3 Step,4.9,0,6,10.9,12.0,0.9083333333333333
358,CeeDee Lamb,0/1 Step,22.900000000000002,12,20,54.900000000000006,25.0,2.196
359,CeeDee Lamb,3 Step,53.9,18,39,110.90000000000003,64.0,1.7328125000000005
360,CeeDee Lamb,5 Step,7.300000000000001,0,3,10.3,7.0,1.4714285714285715
361,CeeDee Lamb,7 Step,2.0,0,1,3.0,2.0,1.5
372,Chad Beebe,3 Step,15.200000000000001,12,13,40.2,20.0,2.0100000000000002
387,Chase Claypool,0/1 Step,17.000000000000004,18,27,61.999999999999986,36.0,1.7222222222222219
388,Chase Claypool,3 Step,63.49999999999999,48,37,148.5,68.0,2.1838235294117645
389,Chase Claypool,5 Step,3.0,0,1,4.0,7.0,0.5714285714285714
392,Chase Edmonds,0/1 Step,10.3,0,13,23.299999999999997,15.0,1.5533333333333332
393,Chase Edmonds,3 Step,12.9,12,18,42.900000000000006,23.0,1.8652173913043482
394,Chase Edmonds,5 Step,15.800000000000002,6,21,42.8,24.0,1.7833333333333332
395,Chase Edmonds,7 Step,1.5,0,1,2.5,2.0,1.25
398,Chris Carson,0/1 Step,8.4,0,16,24.400000000000002,15.0,1.6266666666666667
399,Chris Carson,3 Step,10.200000000000001,6,11,27.2,13.0,2.0923076923076924
401,Chris Carson,7 Step,0.4,0,1,1.4,2.0,0.7
405,Chris Conley,0/1 Step,3.8000000000000003,0,6,9.799999999999999,8.0,1.2249999999999999
406,Chris Conley,3 Step,25.5,12,19,56.5,29.0,1.9482758620689655
407,Chris Conley,5 Step,8.400000000000002,0,7,15.400000000000002,15.0,1.0266666666666668
408,Chris Conley,7 Step,5.1000000000000005,0,1,6.1000000000000005,3.0,2.0333333333333337
412,Chris Godwin,0/1 Step,26.500000000000004,12,31,69.50000000000001,24.0,2.895833333333334
413,Chris Godwin,3 Step,23.200000000000003,6,20,49.2,28.0,1.7571428571428573
414,Chris Godwin,5 Step,31.300000000000004,6,15,52.300000000000004,15.0,3.486666666666667
415,Chris Godwin,7 Step,21.7,18,8,47.7,8.0,5.9625
419,Chris Herndon,0/1 Step,5.5,0,7,12.5,7.0,1.7857142857142858
420,Chris Herndon,3 Step,17.7,18,16,51.7,27.0,1.914814814814815
426,Chris Hogan,0/1 Step,2.7,0,6,8.7,8.0,1.0875
427,Chris Hogan,3 Step,9.1,0,8,17.1,17.0,1.0058823529411764
436,Chris Thompson,5 Step,1.5,0,4,5.5,7.0,0.7857142857142857
437,Chris Thompson,7 Step,2.0,0,2,4.0,2.0,2.0
445,Christian Kirk,0/1 Step,10.299999999999999,12,13,35.3,15.0,2.353333333333333
446,Christian Kirk,3 Step,23.799999999999997,12,18,53.800000000000004,26.0,2.0692307692307694
447,Christian Kirk,5 Step,19.599999999999998,6,11,36.599999999999994,27.0,1.3555555555555554
456,Clyde Edwards-Helaire,0/1 Step,10.3,0,12,22.3,14.0,1.592857142857143
457,Clyde Edwards-Helaire,3 Step,13.200000000000001,6,16,35.199999999999996,23.0,1.5304347826086955
458,Clyde Edwards-Helaire,5 Step,3.7,0,3,6.7,5.0,1.34
459,Clyde Edwards-Helaire,7 Step,3.0,0,2,5.0,2.0,2.5
466,Cole Beasley,0/1 Step,51.8,12,55,118.80000000000003,58.0,2.048275862068966
467,Cole Beasley,3 Step,36.6,12,22,70.6,24.0,2.9416666666666664
468,Cole Beasley,5 Step,11.4,0,7,18.400000000000002,9.0,2.0444444444444447
469,Cole Beasley,7 Step,2.3000000000000003,0,2,4.300000000000001,3.0,1.4333333333333336
472,Cole Kmet,0/1 Step,10.500000000000002,6,12,28.500000000000007,14.0,2.035714285714286
474,Cole Kmet,5 Step,0.6000000000000001,0,2,2.5999999999999996,5.0,0.5199999999999999
482,Collin Johnson,3 Step,5.5,0,6,11.5,11.0,1.0454545454545454
483,Collin Johnson,5 Step,17.8,12,8,37.800000000000004,11.0,3.436363636363637
484,Collin Johnson,7 Step,2.7,0,2,4.7,4.0,1.175
485,Cooper Kupp,0/1 Step,11.800000000000002,0,20,31.800000000000004,23.0,1.3826086956521741
486,Cooper Kupp,3 Step,63.800000000000004,6,48,117.8,61.0,1.9311475409836065
487,Cooper Kupp,5 Step,6.6,0,5,11.6,11.0,1.0545454545454545
488,Cooper Kupp,7 Step,15.0,6,10,31.000000000000004,12.0,2.5833333333333335
492,Cordarrelle Patterson,0/1 Step,4.8999999999999995,0,8,12.9,10.0,1.29
504,Corey Davis,0/1 Step,25.900000000000002,12,24,61.90000000000001,25.0,2.4760000000000004
505,Corey Davis,3 Step,29.9,6,22,57.89999999999999,34.0,1.702941176470588
506,Corey Davis,5 Step,31.5,6,16,53.49999999999999,23.0,2.326086956521739
507,Corey Davis,7 Step,9.9,6,2,17.9,4.0,4.475
515,Curtis Samuel,0/1 Step,14.200000000000003,6,23,43.199999999999996,29.0,1.489655172413793
516,Curtis Samuel,3 Step,22.1,0,18,40.10000000000001,25.0,1.6040000000000003
517,Curtis Samuel,5 Step,31.4,6,18,55.400000000000006,23.0,2.4086956521739133
518,Curtis Samuel,7 Step,9.200000000000001,0,4,13.200000000000001,4.0,3.3000000000000003
527,D'Andre Swift,0/1 Step,5.700000000000001,0,7,12.7,8.0,1.5875
528,D'Andre Swift,3 Step,17.100000000000005,6,22,45.10000000000001,28.0,1.610714285714286
529,D'Andre Swift,5 Step,6.0,6,8,20.0,10.0,2.0
530,D'Andre Swift,7 Step,0.5,0,1,1.5,2.0,0.75
536,DJ Chark Jr,0/1 Step,12.700000000000003,12,12,36.7,16.0,2.29375
537,DJ Chark Jr,3 Step,18.9,6,16,40.9,27.0,1.5148148148148148
538,DJ Chark Jr,5 Step,18.3,12,12,42.300000000000004,33.0,1.281818181818182
539,DJ Chark Jr,7 Step,13.9,0,8,21.9,12.0,1.825
543,DJ Moore,0/1 Step,23.3,12,20,55.3,30.0,1.8433333333333333
544,DJ Moore,3 Step,43.999999999999986,6,22,72.00000000000001,40.0,1.8000000000000003
545,DJ Moore,5 Step,37.400000000000006,6,16,59.400000000000006,31.0,1.9161290322580646
546,DJ Moore,7 Step,11.600000000000001,0,5,16.6,8.0,2.075
550,DK Metcalf,0/1 Step,42.29999999999999,24,37,103.30000000000001,50.0,2.0660000000000003
551,DK Metcalf,3 Step,45.10000000000001,24,23,92.10000000000002,34.0,2.7088235294117653
552,DK Metcalf,5 Step,39.800000000000004,12,15,66.80000000000001,25.0,2.6720000000000006
553,DK Metcalf,7 Step,13.600000000000003,6,7,26.6,12.0,2.216666666666667
558,DaeSean Hamilton,0/1 Step,11.000000000000002,12,9,32.0,11.0,2.909090909090909
559,DaeSean Hamilton,3 Step,13.200000000000001,0,11,24.2,24.0,1.0083333333333333
560,DaeSean Hamilton,5 Step,2.5,0,2,4.5,7.0,0.6428571428571429
561,DaeSean Hamilton,7 Step,3.8,0,2,5.8,3.0,1.9333333333333333
564,Dallas Goedert,0/1 Step,19.2,6,16,41.2,22.0,1.8727272727272728
565,Dallas Goedert,3 Step,15.0,12,16,43.0,26.0,1.6538461538461537
566,Dallas Goedert,5 Step,8.3,0,5,13.3,6.0,2.216666666666667
575,Dalton Schultz,0/1 Step,10.399999999999999,6,14,30.4,19.0,1.5999999999999999
576,Dalton Schultz,3 Step,29.399999999999995,12,30,71.4,45.0,1.586666666666667
578,Dalton Schultz,7 Step,1.7000000000000002,0,2,3.7,2.0,1.85
584,Dalvin Cook,3 Step,11.6,0,16,27.6,19.0,1.4526315789473685
585,Dalvin Cook,5 Step,5.8,0,7,12.8,8.0,1.6
586,Dalvin Cook,7 Step,1.3,0,2,3.3,4.0,0.825
594,Damiere Byrd,0/1 Step,14.599999999999998,0,15,29.6,20.0,1.48
595,Damiere Byrd,3 Step,16.7,0,13,29.700000000000003,21.0,1.4142857142857144
596,Damiere Byrd,5 Step,24.5,6,12,42.49999999999999,24.0,1.770833333333333
597,Damiere Byrd,7 Step,2.8,0,2,4.8,5.0,0.96
605,Dan Arnold,3 Step,17.7,12,10,39.69999999999999,15.0,2.646666666666666
606,Dan Arnold,5 Step,19.7,6,13,38.7,20.0,1.935
614,Danny Amendola,0/1 Step,8.0,0,13,21.000000000000004,16.0,1.3125000000000002
615,Danny Amendola,3 Step,19.2,0,14,33.199999999999996,25.0,1.3279999999999998
616,Danny Amendola,5 Step,23.6,0,11,34.6,20.0,1.73
617,Danny Amendola,7 Step,6.5,0,3,9.5,3.0,3.1666666666666665
623,Dare Ogunbowale,3 Step,0.9,0,4,4.9,11.0,0.4454545454545455
627,Darius Slayton,0/1 Step,18.1,6,16,40.10000000000001,29.0,1.3827586206896554
628,Darius Slayton,3 Step,38.900000000000006,12,21,71.89999999999999,36.0,1.997222222222222
629,Darius Slayton,5 Step,6.7,0,5,11.7,10.0,1.17
630,Darius Slayton,7 Step,7.1000000000000005,6,3,16.1,8.0,2.0125
635,Darnell Mooney,0/1 Step,9.4,6,15,30.400000000000006,19.0,1.6000000000000003
636,Darnell Mooney,3 Step,15.699999999999998,6,12,33.699999999999996,28.0,1.2035714285714285
637,Darnell Mooney,5 Step,13.8,0,8,21.8,15.0,1.4533333333333334
638,Darnell Mooney,7 Step,3.8000000000000003,0,2,5.800000000000001,5.0,1.1600000000000001
643,Darrel Williams,3 Step,8.5,0,14,22.5,15.0,1.5
645,Darrel Williams,7 Step,1.2000000000000002,0,1,2.2,1.0,2.2
657,Darrell Henderson Jr,7 Step,3.7,0,5,8.700000000000001,7.0,1.242857142857143
660,Darren Fells,3 Step,17.400000000000002,18,11,46.400000000000006,16.0,2.9000000000000004
665,Darren Waller,0/1 Step,27.8,18,25,70.80000000000001,35.0,2.022857142857143
666,Darren Waller,3 Step,49.2,12,39,100.20000000000003,53.0,1.8905660377358497
667,Darren Waller,5 Step,19.1,12,11,42.099999999999994,16.0,2.6312499999999996
668,Darren Waller,7 Step,5.300000000000001,0,4,9.3,10.0,0.93
674,Darrius Shepherd,5 Step,3.5,0,2,5.5,5.0,1.1
687,Davante Adams,0/1 Step,29.900000000000006,12,28,69.9,29.0,2.410344827586207
688,Davante Adams,3 Step,53.400000000000006,42,43,138.39999999999998,54.0,2.5629629629629624
689,Davante Adams,5 Step,28.700000000000003,24,17,69.69999999999999,24.0,2.9041666666666663
690,Davante Adams,7 Step,14.2,6,7,27.2,9.0,3.022222222222222
697,David Johnson,3 Step,11.4,12,12,35.4,18.0,1.9666666666666666
698,David Johnson,5 Step,12.2,0,11,23.2,14.0,1.657142857142857
699,David Johnson,7 Step,4.6000000000000005,0,4,8.6,5.0,1.72
702,David Montgomery,0/1 Step,8.5,6,15,29.5,18.0,1.6388888888888888
703,David Montgomery,3 Step,18.200000000000003,0,22,40.2,28.0,1.4357142857142857
704,David Montgomery,5 Step,11.100000000000001,6,8,25.099999999999998,10.0,2.51
705,David Montgomery,7 Step,3.0,0,3,6.0,3.0,2.0
709,David Moore,0/1 Step,8.2,12,15,35.2,22.0,1.6
711,David Moore,5 Step,16.1,6,6,28.1,9.0,3.1222222222222222
716,David Njoku,0/1 Step,7.300000000000002,0,8,15.300000000000002,10.0,1.5300000000000002
723,Dawson Knox,0/1 Step,5.800000000000001,6,5,16.800000000000004,11.0,1.5272727272727276
724,Dawson Knox,3 Step,12.200000000000001,6,11,29.199999999999996,15.0,1.9466666666666663
725,Dawson Knox,5 Step,7.200000000000001,0,7,14.2,8.0,1.775
726,Dawson Knox,7 Step,2.7,0,1,3.7,5.0,0.74
737,DeAndre Hopkins,0/1 Step,16.9,0,25,41.9,36.0,1.1638888888888888
738,DeAndre Hopkins,3 Step,64.1,36,47,147.10000000000002,58.0,2.5362068965517244
739,DeAndre Hopkins,5 Step,46.699999999999996,0,25,71.7,42.0,1.7071428571428573
740,DeAndre Hopkins,7 Step,4.2,0,3,7.2,3.0,2.4
750,DeSean Jackson,0/1 Step,3.0,0,3,6.0,6.0,1.0
751,DeSean Jackson,3 Step,5.200000000000001,0,6,11.2,12.0,0.9333333333333332
755,DeVante Parker,0/1 Step,14.8,0,13,27.800000000000008,23.0,1.2086956521739134
756,DeVante Parker,3 Step,50.0,12,38,100.00000000000001,64.0,1.5625000000000002
757,DeVante Parker,5 Step,8.9,0,5,13.9,7.0,1.9857142857142858
764,DeeJay Dallas,5 Step,4.699999999999999,0,6,10.7,6.0,1.7833333333333332
765,DeeJay Dallas,7 Step,0.30000000000000004,0,1,1.3,2.0,0.65
768,Deebo Samuel,0/1 Step,26.9,6,20,52.89999999999999,24.0,2.204166666666666
776,Demarcus Robinson,0/1 Step,9.700000000000001,0,12,21.700000000000003,11.0,1.9727272727272729
777,Demarcus Robinson,3 Step,19.1,0,17,36.099999999999994,21.0,1.7190476190476187
778,Demarcus Robinson,5 Step,10.900000000000002,12,9,31.900000000000002,13.0,2.453846153846154
791,Denzel Mims,3 Step,14.7,0,10,24.7,24.0,1.0291666666666666
792,Denzel Mims,5 Step,8.7,0,4,12.7,8.0,1.5875
793,Denzel Mims,7 Step,5.9,0,3,8.9,7.0,1.2714285714285716
797,Deon Yelder,7 Step,0.0,0,0,0.0,1.0,0.0
810,Derrick Henry,0/1 Step,2.4000000000000004,0,6,8.4,8.0,1.05
812,Derrick Henry,5 Step,2.8000000000000003,0,5,7.799999999999999,9.0,0.8666666666666666
813,Derrick Henry,7 Step,5.900000000000001,0,3,8.900000000000002,4.0,2.2250000000000005
819,Devin Asiasi,7 Step,0.0,0,0,0.0,2.0,0.0
820,Devin Duvernay,0/1 Step,5.7,0,8,13.700000000000001,9.0,1.5222222222222224
826,Devin Singletary,0/1 Step,11.5,0,19,30.5,19.0,1.605263157894737
827,Devin Singletary,3 Step,9.5,0,13,22.500000000000004,12.0,1.8750000000000002
829,Devin Singletary,7 Step,4.300000000000001,0,2,6.300000000000001,2.0,3.1500000000000004
835,Devine Ozigbo,5 Step,3.4,0,5,8.4,5.0,1.6800000000000002
838,Devonta Freeman,7 Step,1.8,0,1,2.8,3.0,0.9333333333333332
841,Devontae Booker,0/1 Step,3.7,0,7,10.700000000000001,8.0,1.3375000000000001
848,Dion Lewis,0/1 Step,4.0,0,6,10.0,8.0,1.25
849,Dion Lewis,3 Step,7.0,6,12,25.0,19.0,1.3157894736842106
851,Diontae Johnson,0/1 Step,28.299999999999997,18,36,82.30000000000003,49.0,1.6795918367346945
852,Diontae Johnson,3 Step,56.00000000000001,30,43,128.99999999999997,70.0,1.8428571428571425
853,Diontae Johnson,5 Step,9.5,0,8,17.5,8.0,2.1875
854,Diontae Johnson,7 Step,0.0,0,0,0.0,3.0,0.0
871,Donald Parham,7 Step,6.9,0,3,9.9,5.0,1.98
883,Dontrelle Inman,0/1 Step,4.800000000000001,0,5,9.799999999999999,7.0,1.4
885,Dontrelle Inman,5 Step,4.800000000000001,0,4,8.8,7.0,1.2571428571428573
888,Drew Sample,0/1 Step,13.600000000000003,6,15,34.599999999999994,18.0,1.9222222222222218
889,Drew Sample,3 Step,10.200000000000001,0,11,21.2,18.0,1.1777777777777778
890,Drew Sample,5 Step,4.700000000000001,0,5,9.700000000000001,7.0,1.385714285714286
895,Duke Johnson,0/1 Step,9.600000000000001,0,9,18.6,11.0,1.6909090909090911
896,Duke Johnson,3 Step,5.999999999999999,0,11,17.0,15.0,1.1333333333333333
897,Duke Johnson,5 Step,4.6000000000000005,6,5,15.600000000000001,7.0,2.2285714285714286
912,Emmanuel Sanders,0/1 Step,5.3999999999999995,0,10,15.4,10.0,1.54
913,Emmanuel Sanders,3 Step,18.9,12,21,51.89999999999999,29.0,1.7896551724137928
914,Emmanuel Sanders,5 Step,34.400000000000006,12,24,70.40000000000002,27.0,2.607407407407408
915,Emmanuel Sanders,7 Step,18.500000000000004,0,9,27.500000000000004,9.0,3.055555555555556
920,Equanimeous St. Brown,7 Step,5.1000000000000005,0,2,7.1000000000000005,3.0,2.3666666666666667
922,Eric Ebron,0/1 Step,24.500000000000004,24,25,73.5,33.0,2.227272727272727
923,Eric Ebron,3 Step,27.999999999999996,12,29,69.0,48.0,1.4375
924,Eric Ebron,5 Step,8.6,0,7,15.6,7.0,2.2285714285714286
925,Eric Ebron,7 Step,1.7000000000000002,0,1,2.7,2.0,1.35
933,Evan Engram,0/1 Step,30.6,12,33,75.60000000000001,50.0,1.5120000000000002
934,Evan Engram,3 Step,29.4,0,24,53.39999999999999,42.0,1.2714285714285711
936,Evan Engram,7 Step,1.2000000000000002,0,1,2.2,4.0,0.55
941,Ezekiel Elliott,0/1 Step,2.5,6,8,16.5,12.0,1.375
942,Ezekiel Elliott,3 Step,17.599999999999998,6,26,49.600000000000016,36.0,1.3777777777777782
943,Ezekiel Elliott,5 Step,5.400000000000001,0,7,12.400000000000002,10.0,1.2400000000000002
944,Ezekiel Elliott,7 Step,1.5,0,2,3.5,2.0,1.75
950,Foster Moreau,5 Step,7.1000000000000005,6,5,18.099999999999998,7.0,2.5857142857142854
956,Freddie Swain,0/1 Step,7.5,6,5,18.5,7.0,2.642857142857143
966,Gabe Nabers,7 Step,0.9,0,1,1.9,2.0,0.95
968,Gabriel Davis,0/1 Step,17.200000000000003,18,14,49.199999999999996,23.0,2.1391304347826083
969,Gabriel Davis,3 Step,37.00000000000001,12,18,67.0,22.0,3.0454545454545454
970,Gabriel Davis,5 Step,3.7,0,3,6.700000000000001,6.0,1.116666666666667
971,Gabriel Davis,7 Step,8.200000000000001,12,2,22.200000000000003,3.0,7.400000000000001
988,George Kittle,0/1 Step,19.3,6,16,41.3,22.0,1.8772727272727272
989,George Kittle,3 Step,29.0,6,17,52.0,21.0,2.4761904761904763
990,George Kittle,5 Step,4.0,0,4,8.0,6.0,1.3333333333333333
991,George Kittle,7 Step,1.4000000000000001,0,1,2.4000000000000004,3.0,0.8000000000000002
996,Gerald Everett,0/1 Step,6.3,0,7,13.3,9.0,1.4777777777777779
997,Gerald Everett,3 Step,18.9,6,15,39.9,29.0,1.3758620689655172
998,Gerald Everett,5 Step,5.300000000000001,0,5,10.3,7.0,1.4714285714285715
1003,Giovani Bernard,0/1 Step,6.900000000000001,0,13,19.9,13.0,1.5307692307692307
1004,Giovani Bernard,3 Step,11.699999999999998,12,21,44.7,30.0,1.49
1010,Golden Tate,0/1 Step,7.800000000000001,0,6,13.800000000000002,10.0,1.3800000000000003
1011,Golden Tate,3 Step,27.4,12,21,60.400000000000006,33.0,1.8303030303030305
1017,Greg Olsen,0/1 Step,7.7,6,8,21.700000000000003,14.0,1.5500000000000003
1018,Greg Olsen,3 Step,8.2,0,9,17.2,12.0,1.4333333333333333
1019,Greg Olsen,5 Step,5.5,0,5,10.5,8.0,1.3125
1023,Greg Ward,0/1 Step,10.8,0,16,26.8,26.0,1.0307692307692309
1024,Greg Ward,3 Step,16.900000000000006,24,14,54.90000000000001,21.0,2.6142857142857148
1025,Greg Ward,5 Step,3.3000000000000003,0,3,6.300000000000001,8.0,0.7875000000000001
1041,Harrison Bryant,3 Step,7.300000000000001,12,9,28.299999999999997,19.0,1.489473684210526
1043,Harrison Bryant,7 Step,6.0,0,4,10.0,5.0,2.0
1046,Hayden Hurst,0/1 Step,2.8000000000000003,0,3,5.800000000000001,13.0,0.44615384615384623
1047,Hayden Hurst,3 Step,27.9,12,31,70.9,45.0,1.5755555555555556
1048,Hayden Hurst,5 Step,15.200000000000001,12,12,39.199999999999996,17.0,2.3058823529411763
1049,Hayden Hurst,7 Step,2.1,0,3,5.1,4.0,1.275
1054,Henry Ruggs,0/1 Step,11.6,0,12,23.6,13.0,1.8153846153846156
1056,Henry Ruggs,5 Step,23.200000000000006,12,8,43.2,16.0,2.7
1057,Henry Ruggs,7 Step,6.3,0,2,8.3,4.0,2.075
1062,Hunter Henry,0/1 Step,12.200000000000001,6,16,34.2,20.0,1.7100000000000002
1063,Hunter Henry,3 Step,26.2,6,24,56.2,38.0,1.4789473684210528
1064,Hunter Henry,5 Step,12.0,0,10,22.0,16.0,1.375
1065,Hunter Henry,7 Step,3.2,0,3,6.2,8.0,0.775
1071,Hunter Renfrow,0/1 Step,12.600000000000001,6,16,34.6,23.0,1.5043478260869565
1072,Hunter Renfrow,3 Step,24.8,0,19,43.8,25.0,1.7519999999999998
1073,Hunter Renfrow,5 Step,20.299999999999997,6,11,37.3,16.0,2.33125
1077,Ian Thomas,0/1 Step,8.700000000000001,0,11,19.7,13.0,1.5153846153846153
1079,Ian Thomas,5 Step,1.0,0,2,3.0,7.0,0.42857142857142855
1080,Ian Thomas,7 Step,1.5,0,1,2.5,1.0,2.5
1085,Irv Smith,3 Step,16.5,24,16,56.5,19.0,2.973684210526316
1086,Irv Smith,5 Step,7.4,6,5,18.4,6.0,3.0666666666666664
1087,Irv Smith,7 Step,10.3,0,6,16.3,10.0,1.6300000000000001
1093,Isaiah Ford,0/1 Step,7.700000000000001,0,7,14.700000000000003,7.0,2.1000000000000005
1094,Isaiah Ford,3 Step,11.4,0,11,22.4,21.0,1.0666666666666667
1095,Isaiah Ford,5 Step,4.6000000000000005,0,5,9.600000000000001,11.0,0.8727272727272729
1099,Isaiah McKenzie,0/1 Step,16.7,30,18,64.7,20.0,3.2350000000000003
1106,Isaiah Wright,3 Step,4.5,0,7,11.5,13.0,0.8846153846153846
1107,Isaiah Wright,5 Step,9.0,0,9,18.0,10.0,1.8
1114,Ito Smith,0/1 Step,2.0,0,5,7.0,7.0,1.0
1117,Ito Smith,7 Step,3.1000000000000005,0,4,7.1000000000000005,4.0,1.7750000000000001
1119,J.D. McKissic,0/1 Step,13.200000000000001,0,23,36.2,27.0,1.3407407407407408
1120,J.D. McKissic,3 Step,25.4,0,35,60.400000000000006,46.0,1.3130434782608698
1121,J.D. McKissic,5 Step,17.400000000000006,6,18,41.4,23.0,1.8
1122,J.D. McKissic,7 Step,1.2000000000000002,0,2,3.2,4.0,0.8
1153,Jack Doyle,3 Step,14.600000000000001,6,14,34.6,17.0,2.0352941176470587
1155,Jack Doyle,7 Step,10.200000000000001,6,5,21.2,6.0,3.533333333333333
1158,Jacob Hollister,0/1 Step,5.200000000000001,0,5,10.200000000000001,8.0,1.2750000000000001
1159,Jacob Hollister,3 Step,9.200000000000001,12,8,29.2,12.0,2.433333333333333
1161,Jacob Hollister,7 Step,0.4,0,1,1.4,3.0,0.4666666666666666
1174,Jakeem Grant,0/1 Step,7.6000000000000005,0,7,14.599999999999998,7.0,2.0857142857142854
1175,Jakeem Grant,3 Step,18.900000000000002,6,19,43.9,30.0,1.4633333333333334
1176,Jakeem Grant,5 Step,3.4000000000000004,0,3,6.4,6.0,1.0666666666666667
1177,Jakeem Grant,7 Step,1.9000000000000001,0,1,2.9000000000000004,2.0,1.4500000000000002
1185,Jakob Johnson,7 Step,1.8000000000000003,0,2,3.8000000000000003,3.0,1.2666666666666668
1187,Jakobi Meyers,0/1 Step,11.799999999999999,0,10,21.8,14.0,1.5571428571428572
1188,Jakobi Meyers,3 Step,28.200000000000003,0,26,54.19999999999999,31.0,1.7483870967741932
1189,Jakobi Meyers,5 Step,28.800000000000008,0,17,45.8,23.0,1.9913043478260868
1190,Jakobi Meyers,7 Step,4.1,0,2,6.1,6.0,1.0166666666666666
1197,Jalen Guyton,3 Step,7.500000000000001,0,7,14.5,17.0,0.8529411764705882
1198,Jalen Guyton,5 Step,27.700000000000006,12,14,53.699999999999996,22.0,2.440909090909091
1199,Jalen Guyton,7 Step,19.400000000000002,6,6,31.400000000000002,11.0,2.854545454545455
1203,Jalen Reagor,0/1 Step,11.5,0,15,26.5,22.0,1.2045454545454546
1204,Jalen Reagor,3 Step,14.6,0,9,23.6,22.0,1.0727272727272728
1205,Jalen Reagor,5 Step,13.3,0,6,19.3,7.0,2.757142857142857
1209,Jalen Richard,0/1 Step,3.7,0,6,9.700000000000001,7.0,1.385714285714286
1210,Jalen Richard,3 Step,7.400000000000001,0,10,17.4,12.0,1.45
1214,Jamaal Williams,3 Step,10.2,6,18,34.2,16.0,2.1375
1215,Jamaal Williams,5 Step,8.9,0,8,16.900000000000002,6.0,2.816666666666667
1222,Jamal Agnew,7 Step,2.0,0,1,3.0,2.0,1.5
1225,James Conner,0/1 Step,1.9000000000000004,0,6,7.8999999999999995,7.0,1.1285714285714286
1226,James Conner,3 Step,12.7,0,20,32.7,20.0,1.6350000000000002
1228,James Conner,7 Step,3.1,0,2,5.1,3.0,1.7
1232,James O'Shaughnessy,3 Step,13.000000000000002,0,12,25.0,17.0,1.4705882352941178
1233,James O'Shaughnessy,5 Step,4.7,0,6,10.7,6.0,1.7833333333333332
1234,James O'Shaughnessy,7 Step,2.5,0,3,5.5,4.0,1.375
1238,James Robinson,0/1 Step,6.9,0,9,15.9,9.0,1.7666666666666666
1239,James Robinson,3 Step,12.200000000000003,12,18,42.2,23.0,1.8347826086956522
1240,James Robinson,5 Step,10.500000000000002,6,14,30.5,16.0,1.90625
1241,James Robinson,7 Step,3.6,0,3,6.6,4.0,1.65
1244,James Washington,0/1 Step,10.4,12,8,30.399999999999995,11.0,2.7636363636363632
1245,James Washington,3 Step,24.6,18,16,58.6,28.0,2.092857142857143
1246,James Washington,5 Step,7.1000000000000005,0,5,12.100000000000001,7.0,1.7285714285714289
1247,James Washington,7 Step,0.0,0,0,0.0,1.0,0.0
1251,James White,0/1 Step,5.2,0,6,11.2,10.0,1.1199999999999999
1252,James White,3 Step,16.400000000000002,6,22,44.400000000000006,27.0,1.6444444444444446
1253,James White,5 Step,3.9000000000000004,0,5,8.9,7.0,1.2714285714285716
1259,Jamison Crowder,0/1 Step,22.0,18,19,59.0,24.0,2.4583333333333335
1260,Jamison Crowder,3 Step,31.400000000000002,6,29,66.4,46.0,1.4434782608695653
1261,Jamison Crowder,5 Step,7.000000000000001,12,5,24.0,10.0,2.4
1262,Jamison Crowder,7 Step,6.2,0,2,8.2,3.0,2.733333333333333
1267,Jared Cook,3 Step,27.499999999999996,18,29,74.50000000000001,32.0,2.3281250000000004
1268,Jared Cook,5 Step,27.000000000000004,18,12,56.99999999999999,21.0,2.714285714285714
1269,Jared Cook,7 Step,1.3,0,1,2.3,3.0,0.7666666666666666
1271,Jarvis Landry,0/1 Step,12.8,0,20,32.8,16.0,2.05
1272,Jarvis Landry,3 Step,33.9,6,26,65.9,35.0,1.882857142857143
1273,Jarvis Landry,5 Step,16.1,12,13,41.1,18.0,2.283333333333333
1274,Jarvis Landry,7 Step,10.8,12,8,30.799999999999997,7.0,4.3999999999999995
1284,Jason Witten,5 Step,2.2,0,4,6.199999999999999,6.0,1.0333333333333332
1302,Jeff Smith,0/1 Step,3.3,0,5,8.3,7.0,1.1857142857142857
1303,Jeff Smith,3 Step,6.700000000000001,0,7,13.700000000000001,18.0,0.7611111111111112
1304,Jeff Smith,5 Step,1.8000000000000003,0,2,3.8000000000000003,8.0,0.47500000000000003
1305,Jeff Smith,7 Step,4.9,0,3,7.9,5.0,1.58
1307,Jeff Wilson,0/1 Step,3.2,6,3,12.2,7.0,1.7428571428571427
1308,Jeff Wilson,3 Step,5.300000000000001,6,5,16.3,13.0,1.2538461538461538
1310,Jeff Wilson,7 Step,0.4,0,1,1.4,2.0,0.7
1320,Jerick McKinnon,0/1 Step,9.600000000000001,6,10,25.599999999999998,12.0,2.1333333333333333
1321,Jerick McKinnon,3 Step,12.0,6,17,35.00000000000001,25.0,1.4000000000000004
1322,Jerick McKinnon,5 Step,2.5,0,3,5.5,5.0,1.1
1326,Jerry Jeudy,0/1 Step,9.2,0,9,18.2,23.0,0.7913043478260869
1327,Jerry Jeudy,3 Step,47.5,12,26,85.50000000000001,58.0,1.474137931034483
1328,Jerry Jeudy,5 Step,16.6,6,8,30.6,17.0,1.8
1329,Jerry Jeudy,7 Step,0.0,0,0,0.0,2.0,0.0
1335,Jesse James,5 Step,1.2,0,2,3.2,5.0,0.64
1336,Jesse James,7 Step,3.8000000000000003,0,2,5.800000000000001,3.0,1.9333333333333336
1339,Jimmy Graham,0/1 Step,11.800000000000002,12,16,39.800000000000004,27.0,1.4740740740740743
1340,Jimmy Graham,3 Step,19.199999999999996,30,21,70.20000000000002,28.0,2.5071428571428576
1347,Joe Mixon,0/1 Step,3.9000000000000004,6,6,15.9,7.0,2.2714285714285714
1354,John Brown,0/1 Step,21.000000000000004,6,21,48.00000000000001,23.0,2.086956521739131
1355,John Brown,3 Step,14.900000000000002,6,11,31.9,16.0,1.99375
1356,John Brown,5 Step,10.3,6,6,22.300000000000004,6.0,3.7166666666666672
1357,John Brown,7 Step,3.8000000000000007,0,2,5.800000000000001,2.0,2.9000000000000004
1363,John Hightower,0/1 Step,1.8000000000000003,0,4,5.800000000000001,8.0,0.7250000000000001
1364,John Hightower,3 Step,9.9,0,5,14.9,15.0,0.9933333333333334
1365,John Hightower,5 Step,0.0,0,0,0.0,5.0,0.0
1366,John Hightower,7 Step,5.0,0,1,6.0,3.0,2.0
1374,Jonathan Taylor,0/1 Step,4.9,0,6,10.9,7.0,1.5571428571428572
1375,Jonathan Taylor,3 Step,8.0,0,10,18.0,13.0,1.3846153846153846
1376,Jonathan Taylor,5 Step,8.9,6,8,22.900000000000002,6.0,3.816666666666667
1377,Jonathan Taylor,7 Step,3.7,0,6,9.7,6.0,1.6166666666666665
1382,Jonnu Smith,0/1 Step,17.000000000000004,6,17,40.0,24.0,1.6666666666666667
1383,Jonnu Smith,3 Step,16.9,24,16,56.9,25.0,2.276
1385,Jonnu Smith,7 Step,0.1,6,1,7.1,2.0,3.55
1390,Jordan Akins,3 Step,21.700000000000003,6,20,47.699999999999996,27.0,1.7666666666666666
1391,Jordan Akins,5 Step,13.000000000000002,0,10,23.0,13.0,1.7692307692307692
1396,Jordan Reed,0/1 Step,11.0,12,14,37.0,22.0,1.6818181818181819
1397,Jordan Reed,3 Step,11.1,12,11,34.1,22.0,1.55
1406,Jordan Wilkins,7 Step,0.8000000000000003,0,3,3.8000000000000003,3.0,1.2666666666666668
1410,Josh Adams,7 Step,1.1,0,1,2.1,1.0,2.1
1414,Josh Hill,7 Step,0.1,0,1,1.1,2.0,0.55
1418,Josh Jacobs,0/1 Step,4.1000000000000005,0,6,10.100000000000001,11.0,0.9181818181818183
1419,Josh Jacobs,3 Step,13.800000000000002,0,16,29.8,19.0,1.568421052631579
1420,Josh Jacobs,5 Step,4.4,0,6,10.4,8.0,1.3
1421,Josh Jacobs,7 Step,2.8000000000000003,0,3,5.800000000000001,4.0,1.4500000000000002
1426,Josh Reynolds,0/1 Step,5.1,0,6,11.1,8.0,1.3875
1427,Josh Reynolds,3 Step,36.50000000000001,6,28,70.5,41.0,1.7195121951219512
1428,Josh Reynolds,5 Step,14.3,6,9,29.3,13.0,2.253846153846154
1429,Josh Reynolds,7 Step,2.1,0,1,3.1,6.0,0.5166666666666667
1436,Joshua Kelley,5 Step,4.2,0,5,9.2,5.0,1.8399999999999999
1437,Joshua Kelley,7 Step,1.1,0,2,3.1,2.0,1.55
1440,JuJu Smith-Schuster,0/1 Step,23.099999999999998,12,30,65.1,34.0,1.914705882352941
1441,JuJu Smith-Schuster,3 Step,56.100000000000016,36,54,146.09999999999997,61.0,2.3950819672131143
1442,JuJu Smith-Schuster,5 Step,12.700000000000001,6,11,29.700000000000003,12.0,2.475
1443,JuJu Smith-Schuster,7 Step,5.1,6,3,14.1,4.0,3.525
1447,Julian Edelman,0/1 Step,6.2,0,6,12.200000000000001,8.0,1.5250000000000001
1448,Julian Edelman,3 Step,16.100000000000005,0,9,25.100000000000005,21.0,1.1952380952380954
1449,Julian Edelman,5 Step,3.4000000000000004,0,2,5.4,5.0,1.08
1450,Julian Edelman,7 Step,4.1,0,2,6.1,2.0,3.05
1453,Julio Jones,0/1 Step,14.2,0,13,27.2,16.0,1.7
1454,Julio Jones,3 Step,34.6,12,20,66.6,33.0,2.018181818181818
1455,Julio Jones,5 Step,12.399999999999999,6,8,26.400000000000002,10.0,2.64
1456,Julio Jones,7 Step,8.700000000000001,0,3,11.700000000000001,4.0,2.9250000000000003
1464,Justin Jackson,0/1 Step,1.2000000000000002,0,5,6.199999999999999,7.0,0.8857142857142856
1467,Justin Jackson,7 Step,1.6,0,3,4.6,3.0,1.5333333333333332
1471,Justin Jefferson,0/1 Step,15.900000000000002,0,13,28.899999999999995,18.0,1.6055555555555552
1472,Justin Jefferson,3 Step,67.4,24,39,130.4,56.0,2.3285714285714287
1473,Justin Jefferson,5 Step,34.099999999999994,12,20,66.10000000000001,29.0,2.2793103448275867
1474,Justin Jefferson,7 Step,16.4,0,6,22.400000000000002,10.0,2.24
1489,K.J. Hamler,0/1 Step,13.200000000000001,6,10,29.200000000000003,19.0,1.536842105263158
1490,K.J. Hamler,3 Step,18.7,0,15,33.699999999999996,26.0,1.296153846153846
1491,K.J. Hamler,5 Step,5.2,6,2,13.2,5.0,2.6399999999999997
1496,K.J. Hill,5 Step,4.0,0,2,6.0,6.0,1.0
1499,Kaden Smith,0/1 Step,7.5,0,11,18.5,13.0,1.4230769230769231
1510,Kalen Ballage,3 Step,5.8999999999999995,0,14,19.900000000000002,18.0,1.1055555555555556
1512,Kalen Ballage,7 Step,3.1,0,3,6.1,3.0,2.033333333333333
1521,Kareem Hunt,0/1 Step,2.3000000000000003,6,4,12.3,6.0,2.0500000000000003
1522,Kareem Hunt,3 Step,17.2,24,20,61.2,25.0,2.448
1523,Kareem Hunt,5 Step,3.2,0,4,7.200000000000001,6.0,1.2000000000000002
1524,Kareem Hunt,7 Step,1.5,0,2,3.5,2.0,1.75
1531,Ke'Shawn Vaughn,7 Step,0.0,0,0,0.0,2.0,0.0
1532,KeeSean Johnson,0/1 Step,3.2,0,6,9.2,8.0,1.15
1537,Keelan Cole,0/1 Step,8.800000000000002,6,10,24.8,12.0,2.066666666666667
1538,Keelan Cole,3 Step,33.199999999999996,6,29,68.2,43.0,1.586046511627907
1539,Keelan Cole,5 Step,14.0,6,9,29.0,22.0,1.3181818181818181
1540,Keelan Cole,7 Step,4.2,6,2,12.2,8.0,1.525
1544,Keenan Allen,0/1 Step,38.29999999999999,6,44,88.3,58.0,1.5224137931034483
1545,Keenan Allen,3 Step,23.9,18,25,66.9,44.0,1.5204545454545455
1546,Keenan Allen,5 Step,24.4,18,13,55.40000000000001,18.0,3.0777777777777784
1547,Keenan Allen,7 Step,3.9000000000000004,6,3,12.9,7.0,1.842857142857143
1555,Keith Smith,5 Step,4.3,0,5,9.3,5.0,1.86
1556,Keith Smith,7 Step,-0.2,0,1,0.8,3.0,0.26666666666666666
1559,Keke Coutee,0/1 Step,4.500000000000001,0,7,11.5,8.0,1.4375
1560,Keke Coutee,3 Step,10.500000000000002,6,11,27.500000000000004,12.0,2.291666666666667
1561,Keke Coutee,5 Step,14.700000000000001,0,7,21.700000000000003,11.0,1.9727272727272729
1566,Kendrick Bourne,0/1 Step,27.2,0,23,50.2,26.0,1.9307692307692308
1567,Kendrick Bourne,3 Step,20.8,0,16,36.800000000000004,29.0,1.2689655172413794
1568,Kendrick Bourne,5 Step,10.400000000000002,0,7,17.400000000000002,12.0,1.4500000000000002
1569,Kendrick Bourne,7 Step,4.9,0,3,7.9,4.0,1.975
1574,Kenny Golladay,5 Step,19.300000000000004,6,9,34.300000000000004,13.0,2.638461538461539
1575,Kenny Golladay,7 Step,4.9,0,3,7.9,6.0,1.3166666666666667
1579,Kenny Stills,5 Step,10.000000000000002,6,6,22.000000000000004,8.0,2.7500000000000004
1582,Kenyan Drake,0/1 Step,2.8000000000000003,0,5,7.800000000000001,6.0,1.3
1584,Kenyan Drake,5 Step,4.800000000000001,0,7,11.8,7.0,1.6857142857142857
1591,Kerryon Johnson,5 Step,6.1,6,5,17.1,6.0,2.85
1606,Kyle Juszczyk,5 Step,7.000000000000001,6,4,17.0,5.0,3.4
1607,Kyle Juszczyk,7 Step,3.3,0,2,5.3,4.0,1.325
1612,Kyle Rudolph,3 Step,14.499999999999998,0,12,26.5,15.0,1.7666666666666666
1613,Kyle Rudolph,5 Step,5.300000000000001,6,6,17.299999999999997,7.0,2.471428571428571
1618,La'Mical Perine,3 Step,5.400000000000001,0,8,13.4,11.0,1.2181818181818183
1626,Larry Fitzgerald,0/1 Step,15.099999999999996,0,22,37.10000000000001,25.0,1.4840000000000004
1627,Larry Fitzgerald,3 Step,16.2,6,17,39.2,25.0,1.568
1628,Larry Fitzgerald,5 Step,9.000000000000002,0,12,20.999999999999996,18.0,1.1666666666666665
1634,Latavius Murray,5 Step,5.300000000000001,6,6,17.3,6.0,2.8833333333333333
1635,Latavius Murray,7 Step,10.6,6,11,27.6,9.0,3.066666666666667
1637,Laviska Shenault,0/1 Step,9.100000000000001,12,11,32.1,16.0,2.00625
1638,Laviska Shenault,3 Step,23.300000000000004,0,21,44.3,25.0,1.7719999999999998
1639,Laviska Shenault,5 Step,15.6,18,15,48.6,23.0,2.11304347826087
1640,Laviska Shenault,7 Step,7.8,0,7,14.8,8.0,1.85
1650,Le'Veon Bell,7 Step,2.5,0,2,4.5,2.0,2.25
1663,Leonard Fournette,0/1 Step,10.3,6,15,31.3,12.0,2.6083333333333334
1664,Leonard Fournette,3 Step,17.600000000000005,0,23,40.6,21.0,1.9333333333333333
1672,Levine Toilolo,7 Step,2.7,0,2,4.7,2.0,2.35
1676,Logan Thomas,0/1 Step,12.800000000000002,6,20,38.8,22.0,1.7636363636363634
1677,Logan Thomas,3 Step,22.9,18,25,65.9,42.0,1.5690476190476192
1678,Logan Thomas,5 Step,23.6,6,22,51.6,30.0,1.72
1679,Logan Thomas,7 Step,10.7,6,6,22.700000000000003,9.0,2.5222222222222226
1693,Lynn Bowden Jr.,3 Step,8.700000000000001,0,8,16.7,15.0,1.1133333333333333
1699,Mack Hollins,0/1 Step,4.1000000000000005,0,5,9.100000000000001,6.0,1.5166666666666668
1701,Mack Hollins,5 Step,3.6,0,3,6.6,8.0,0.825
1704,Malcolm Brown,3 Step,6.8999999999999995,0,7,13.9,13.0,1.0692307692307692
1705,Malcolm Brown,5 Step,5.500000000000001,0,6,11.500000000000002,6.0,1.916666666666667
1706,Malcolm Brown,7 Step,1.5,0,3,4.5,5.0,0.9
1719,Marcedes Lewis,5 Step,2.8000000000000003,0,4,6.800000000000001,6.0,1.1333333333333335
1727,Marcus Johnson,5 Step,17.4,0,8,25.4,16.0,1.5875
1728,Marcus Johnson,7 Step,3.6,0,1,4.6,3.0,1.5333333333333332
1732,Mark Andrews,0/1 Step,22.500000000000004,24,24,70.5,33.0,2.1363636363636362
1733,Mark Andrews,3 Step,37.2,12,26,75.19999999999999,32.0,2.3499999999999996
1734,Mark Andrews,5 Step,12.9,6,7,25.9,8.0,3.2375
1748,Marquez Callaway,3 Step,13.299999999999999,0,13,26.300000000000004,13.0,2.0230769230769234
1749,Marquez Callaway,5 Step,5.1000000000000005,0,6,11.100000000000001,8.0,1.3875000000000002
1750,Marquez Callaway,7 Step,1.5,0,1,2.5,3.0,0.8333333333333334
1753,Marquez Valdes-Scantling,3 Step,47.7,24,17,88.7,31.0,2.861290322580645
1754,Marquez Valdes-Scantling,5 Step,22.400000000000006,6,10,38.4,15.0,2.56
1755,Marquez Valdes-Scantling,7 Step,2.6000000000000005,0,2,4.6000000000000005,6.0,0.7666666666666667
1759,Marquise Brown,0/1 Step,14.100000000000001,6,19,39.1,20.0,1.955
1760,Marquise Brown,3 Step,51.4,18,26,95.40000000000002,44.0,2.1681818181818184
1761,Marquise Brown,5 Step,15.599999999999998,6,9,30.6,15.0,2.04
1766,Marvin Hall,0/1 Step,3.2,0,5,8.2,8.0,1.025
1768,Marvin Hall,5 Step,16.5,6,7,29.5,10.0,2.95
1769,Marvin Hall,7 Step,10.7,6,2,18.7,4.0,4.675
1770,Marvin Jones,0/1 Step,8.600000000000001,6,15,29.6,21.0,1.4095238095238096
1771,Marvin Jones,3 Step,39.10000000000001,30,30,99.1,45.0,2.2022222222222223
1772,Marvin Jones,5 Step,24.100000000000005,6,15,45.1,23.0,1.9608695652173913
1773,Marvin Jones,7 Step,22.099999999999998,6,11,39.099999999999994,21.0,1.8619047619047617
1792,Mecole Hardman,0/1 Step,14.200000000000001,12,11,37.2,10.0,3.72
1793,Mecole Hardman,3 Step,19.9,6,13,38.9,19.0,2.0473684210526315
1794,Mecole Hardman,5 Step,12.400000000000002,0,11,23.399999999999995,14.0,1.671428571428571
1795,Mecole Hardman,7 Step,1.4000000000000001,0,1,2.4000000000000004,4.0,0.6000000000000001
1800,Melvin Gordon,0/1 Step,3.1,0,8,11.1,12.0,0.9249999999999999
1801,Melvin Gordon,3 Step,7.700000000000001,6,16,29.7,20.0,1.4849999999999999
1803,Melvin Gordon,7 Step,0.0,0,2,2.0,2.0,1.0
1809,Michael Gallup,0/1 Step,8.600000000000001,6,9,23.599999999999998,16.0,1.4749999999999999
1810,Michael Gallup,3 Step,50.60000000000001,18,27,95.60000000000001,50.0,1.9120000000000001
1811,Michael Gallup,5 Step,10.700000000000001,0,7,17.700000000000003,19.0,0.9315789473684212
1812,Michael Gallup,7 Step,3.3,6,2,11.3,3.0,3.766666666666667
1818,Michael Pittman Jr.,0/1 Step,15.8,0,16,31.799999999999997,17.0,1.8705882352941174
1819,Michael Pittman Jr.,3 Step,24.200000000000003,6,20,50.199999999999996,29.0,1.7310344827586206
1820,Michael Pittman Jr.,5 Step,12.8,0,5,17.8,9.0,1.9777777777777779
1821,Michael Pittman Jr.,7 Step,4.5,0,2,6.5,2.0,3.25
1825,Michael Thomas,0/1 Step,7.0,0,9,16.0,12.0,1.3333333333333333
1826,Michael Thomas,3 Step,13.7,6,15,34.7,20.0,1.735
1827,Michael Thomas,5 Step,16.299999999999997,0,10,26.3,12.0,2.191666666666667
1828,Michael Thomas,7 Step,11.800000000000002,0,8,19.8,9.0,2.2
1833,Mike Davis,0/1 Step,10.3,0,15,25.3,16.0,1.58125
1834,Mike Davis,3 Step,9.8,0,13,22.8,16.0,1.425
1835,Mike Davis,5 Step,7.6000000000000005,0,9,16.6,12.0,1.3833333333333335
1836,Mike Davis,7 Step,3.8000000000000003,0,7,10.8,8.0,1.35
1839,Mike Evans,0/1 Step,14.299999999999999,30,18,62.30000000000002,29.0,2.1482758620689664
1840,Mike Evans,3 Step,66.6,30,34,130.60000000000002,50.0,2.6120000000000005
1841,Mike Evans,5 Step,10.3,12,8,30.3,19.0,1.5947368421052632
1842,Mike Evans,7 Step,22.599999999999998,6,11,39.599999999999994,10.0,3.9599999999999995
1844,Mike Gesicki,0/1 Step,8.3,0,8,16.3,10.0,1.6300000000000001
1845,Mike Gesicki,3 Step,39.800000000000004,12,32,83.8,57.0,1.4701754385964911
1846,Mike Gesicki,5 Step,15.7,12,6,33.7,12.0,2.8083333333333336
1850,Mike Thomas,0/1 Step,5.6,6,6,17.6,7.0,2.5142857142857147
1855,Mike Williams,0/1 Step,14.8,0,13,27.8,25.0,1.112
1856,Mike Williams,3 Step,28.3,12,16,56.3,26.0,2.1653846153846152
1857,Mike Williams,5 Step,25.900000000000006,6,12,43.900000000000006,23.0,1.9086956521739133
1858,Mike Williams,7 Step,7.4,12,4,23.400000000000002,7.0,3.342857142857143
1863,Miles Boykin,0/1 Step,12.3,6,10,28.300000000000004,12.0,2.358333333333334
1864,Miles Boykin,3 Step,10.200000000000001,18,8,36.199999999999996,14.0,2.5857142857142854
1868,Miles Sanders,0/1 Step,10.500000000000002,0,15,25.5,17.0,1.5
1869,Miles Sanders,3 Step,6.4,0,9,15.4,25.0,0.616
1875,Mo Alie-Cox,3 Step,14.500000000000002,6,12,32.5,13.0,2.5
1876,Mo Alie-Cox,5 Step,14.2,0,11,25.2,11.0,2.290909090909091
1877,Mo Alie-Cox,7 Step,6.2,6,4,16.200000000000003,4.0,4.050000000000001
1880,Mohamed Sanu,0/1 Step,3.3000000000000003,0,4,7.300000000000001,6.0,1.2166666666666668
1883,Mohamed Sanu,7 Step,2.1,0,1,3.1,2.0,1.55
1890,Myles Gaskin,3 Step,18.899999999999995,0,22,40.89999999999999,25.0,1.6359999999999997
1892,Myles Gaskin,7 Step,0.7000000000000001,0,1,1.7000000000000002,1.0,1.7000000000000002
1896,N'Keal Harry,0/1 Step,4.4,6,6,16.4,10.0,1.64
1897,N'Keal Harry,3 Step,12.900000000000002,6,11,29.9,22.0,1.3590909090909091
1898,N'Keal Harry,5 Step,5.7,0,6,11.700000000000001,12.0,0.9750000000000001
1899,N'Keal Harry,7 Step,2.2,0,2,4.2,3.0,1.4000000000000001
1904,Nelson Agholor,0/1 Step,14.3,6,13,33.300000000000004,17.0,1.9588235294117649
1905,Nelson Agholor,3 Step,32.699999999999996,24,17,73.7,25.0,2.948
1906,Nelson Agholor,5 Step,28.9,12,12,52.9,31.0,1.7064516129032257
1907,Nelson Agholor,7 Step,15.899999999999999,18,6,39.900000000000006,10.0,3.9900000000000007
1921,Nick Chubb,7 Step,2.8000000000000003,0,2,4.8,2.0,2.4
1943,Noah Brown,0/1 Step,6.2,0,6,12.2,8.0,1.525
1949,Noah Fant,0/1 Step,9.0,0,12,21.0,20.0,1.05
1950,Noah Fant,3 Step,35.7,12,30,77.7,46.0,1.6891304347826088
1951,Noah Fant,5 Step,3.2,0,3,6.199999999999999,6.0,1.0333333333333332
1958,Nyheim Hines,0/1 Step,8.400000000000002,0,11,19.400000000000002,12.0,1.616666666666667
1959,Nyheim Hines,3 Step,26.200000000000003,6,30,62.19999999999998,33.0,1.8848484848484843
1960,Nyheim Hines,5 Step,12.300000000000002,18,13,43.3,17.0,2.5470588235294116
1967,OJ Howard,7 Step,3.7,12,2,17.700000000000003,2.0,8.850000000000001
1969,Odell Beckham,0/1 Step,1.9000000000000004,0,3,4.9,6.0,0.8166666666666668
1970,Odell Beckham,3 Step,10.400000000000002,6,10,26.400000000000002,16.0,1.6500000000000001
1971,Odell Beckham,5 Step,4.800000000000001,0,4,8.8,12.0,0.7333333333333334
1972,Odell Beckham,7 Step,4.1,0,2,6.1,3.0,2.033333333333333
1978,Olabisi Johnson,5 Step,8.7,0,7,15.7,10.0,1.5699999999999998
1979,Olabisi Johnson,7 Step,3.0,0,2,5.0,2.0,2.5
1982,Olamide Zaccheaus,0/1 Step,5.800000000000001,0,6,11.799999999999999,10.0,1.18
1983,Olamide Zaccheaus,3 Step,9.600000000000001,0,7,16.6,12.0,1.3833333333333335
1984,Olamide Zaccheaus,5 Step,8.200000000000001,6,4,18.200000000000003,5.0,3.6400000000000006
1989,Parris Campbell,5 Step,5.300000000000001,0,5,10.3,7.0,1.4714285714285715
1992,Patrick Laird,7 Step,0.9,0,1,1.9,1.0,1.9
2006,Peyton Barber,7 Step,0.7000000000000001,0,1,1.7000000000000002,2.0,0.8500000000000001
2020,Phillip Lindsay,7 Step,-0.20000000000000007,0,2,1.7999999999999998,2.0,0.8999999999999999
2024,Preston Williams,3 Step,17.099999999999998,24,10,51.099999999999994,19.0,2.689473684210526
2034,Quintez Cephus,0/1 Step,6.4,0,6,12.4,9.0,1.3777777777777778
2035,Quintez Cephus,3 Step,16.700000000000003,6,8,30.700000000000003,13.0,2.3615384615384616
2036,Quintez Cephus,5 Step,9.5,6,4,19.5,7.0,2.7857142857142856
2037,Quintez Cephus,7 Step,1.4000000000000001,0,1,2.4000000000000004,3.0,0.8000000000000002
2045,Randall Cobb,3 Step,17.3,12,21,50.300000000000004,29.0,1.73448275862069
2046,Randall Cobb,5 Step,20.200000000000003,6,9,35.20000000000001,9.0,3.9111111111111123
2052,Rashard Higgins,0/1 Step,5.2,0,5,10.2,7.0,1.457142857142857
2053,Rashard Higgins,3 Step,33.20000000000001,24,24,81.19999999999999,27.0,3.007407407407407
2054,Rashard Higgins,5 Step,18.6,0,9,27.599999999999998,11.0,2.509090909090909
2055,Rashard Higgins,7 Step,7.4,0,3,10.4,3.0,3.466666666666667
2058,Ray-Ray McCloud,0/1 Step,2.8,0,15,17.8,17.0,1.0470588235294118
2061,Reggie Bonnafon,7 Step,1.5,0,1,2.5,1.0,2.5
2067,Rex Burkhead,5 Step,2.5,0,3,5.5,5.0,1.1
2073,Richard Rodgers,0/1 Step,5.6,0,4,9.6,8.0,1.2
2074,Richard Rodgers,3 Step,19.6,6,13,38.599999999999994,13.0,2.969230769230769
2079,Richie James Jr.,0/1 Step,8.9,0,11,19.9,13.0,1.5307692307692307
2082,Richie James Jr.,7 Step,11.3,0,4,15.3,6.0,2.5500000000000003
2092,Rob Gronkowski,0/1 Step,22.1,12,20,54.1,24.0,2.254166666666667
2093,Rob Gronkowski,3 Step,29.200000000000006,6,17,52.2,37.0,1.4108108108108108
2094,Rob Gronkowski,5 Step,12.600000000000001,24,8,44.60000000000001,9.0,4.955555555555557
2095,Rob Gronkowski,7 Step,3.6,0,3,6.6,4.0,1.65
2099,Robby Anderson,0/1 Step,28.400000000000006,0,36,64.4,44.0,1.4636363636363638
2100,Robby Anderson,3 Step,45.6,6,35,86.6,52.0,1.6653846153846152
2101,Robby Anderson,5 Step,16.700000000000003,6,12,34.699999999999996,25.0,1.388
2102,Robby Anderson,7 Step,13.2,6,4,23.200000000000003,8.0,2.9000000000000004
2111,Robert Tonyan,3 Step,17.6,12,11,40.6,13.0,3.123076923076923
2112,Robert Tonyan,5 Step,19.1,30,14,63.099999999999994,15.0,4.206666666666666
2113,Robert Tonyan,7 Step,7.1000000000000005,12,6,25.099999999999998,5.0,5.02
2117,Robert Woods,0/1 Step,8.4,0,19,27.400000000000002,19.0,1.4421052631578948
2118,Robert Woods,3 Step,50.8,24,47,121.8,61.0,1.9967213114754099
2119,Robert Woods,5 Step,5.7,0,4,9.700000000000001,9.0,1.077777777777778
2120,Robert Woods,7 Step,6.1000000000000005,12,6,24.1,9.0,2.677777777777778
2126,Rodney Smith,5 Step,3.4000000000000004,0,4,7.4,5.0,1.48
2128,Ronald Jones II,0/1 Step,5.700000000000001,0,11,16.7,14.0,1.1928571428571428
2129,Ronald Jones II,3 Step,4.699999999999999,0,8,12.7,16.0,0.79375
2131,Ronald Jones II,7 Step,4.9,6,5,15.899999999999999,6.0,2.65
2135,Ross Dwelley,5 Step,5.2,6,4,15.2,5.0,3.04
2136,Ross Dwelley,7 Step,3.7,0,4,7.7,4.0,1.925
2141,Russell Gage,0/1 Step,11.900000000000002,6,17,34.9,22.0,1.5863636363636362
2142,Russell Gage,3 Step,44.10000000000001,12,35,91.1,64.0,1.4234375
2143,Russell Gage,5 Step,13.300000000000002,6,11,30.299999999999997,15.0,2.02
2144,Russell Gage,7 Step,1.6,0,2,3.6,3.0,1.2
2154,Ryan Izzo,3 Step,9.500000000000002,0,7,16.5,11.0,1.5
2155,Ryan Izzo,5 Step,8.9,0,4,12.9,6.0,2.15
2170,Sammy Watkins,0/1 Step,3.5999999999999996,6,5,14.6,7.0,2.085714285714286
2171,Sammy Watkins,3 Step,17.200000000000003,6,15,38.2,21.0,1.8190476190476192
2172,Sammy Watkins,5 Step,12.600000000000001,0,7,19.6,11.0,1.781818181818182
2180,Saquon Barkley,7 Step,4.1000000000000005,0,2,6.1000000000000005,2.0,3.0500000000000003
2182,Scotty Miller,0/1 Step,9.3,6,12,27.299999999999997,13.0,2.0999999999999996
2183,Scotty Miller,3 Step,33.99999999999999,18,17,69.00000000000001,30.0,2.3000000000000003
2184,Scotty Miller,5 Step,8.4,0,3,11.4,6.0,1.9000000000000001
2185,Scotty Miller,7 Step,5.4,0,2,7.4,5.0,1.48
2197,Sony Michel,7 Step,4.2,6,3,13.2,2.0,6.6
2200,Stefon Diggs,0/1 Step,57.00000000000001,12,63,131.99999999999997,63.0,2.095238095238095
2201,Stefon Diggs,3 Step,73.1,18,49,140.1,60.0,2.335
2202,Stefon Diggs,5 Step,22.799999999999997,18,15,55.8,18.0,3.0999999999999996
2203,Stefon Diggs,7 Step,18.500000000000004,0,10,28.5,12.0,2.375
2217,Sterling Shepard,0/1 Step,25.700000000000003,6,30,61.7,41.0,1.5048780487804878
2218,Sterling Shepard,3 Step,32.0,12,28,72.0,35.0,2.057142857142857
2220,Sterling Shepard,7 Step,3.1,0,2,5.1,3.0,1.7
2227,Steven Sims,0/1 Step,5.699999999999999,0,5,10.7,7.0,1.5285714285714285
2229,Steven Sims,5 Step,8.700000000000003,0,10,18.7,14.0,1.3357142857142856
2230,Steven Sims,7 Step,3.4000000000000004,0,2,5.4,3.0,1.8
2234,T.J. Hockenson,0/1 Step,8.6,0,10,18.599999999999998,16.0,1.1624999999999999
2235,T.J. Hockenson,3 Step,27.100000000000005,12,24,63.1,36.0,1.7527777777777778
2236,T.J. Hockenson,5 Step,24.099999999999998,12,21,57.099999999999994,29.0,1.9689655172413791
2237,T.J. Hockenson,7 Step,6.6,0,4,10.6,7.0,1.5142857142857142
2249,T.Y. Hilton,0/1 Step,6.700000000000001,6,9,21.700000000000003,11.0,1.9727272727272729
2250,T.Y. Hilton,3 Step,31.700000000000006,18,25,74.69999999999999,45.0,1.6599999999999997
2251,T.Y. Hilton,5 Step,35.10000000000001,6,19,60.100000000000016,33.0,1.8212121212121217
2252,T.Y. Hilton,7 Step,6.8,0,4,10.8,7.0,1.542857142857143
2280,Tee Higgins,0/1 Step,31.000000000000004,6,26,62.999999999999986,35.0,1.7999999999999996
2281,Tee Higgins,3 Step,52.300000000000004,12,30,94.3,40.0,2.3575
2282,Tee Higgins,5 Step,6.6000000000000005,0,4,10.6,14.0,0.7571428571428571
2283,Tee Higgins,7 Step,3.8000000000000003,12,4,19.8,6.0,3.3000000000000003
2293,Terry McLaurin,0/1 Step,36.49999999999999,6,35,77.49999999999999,43.0,1.8023255813953485
2294,Terry McLaurin,3 Step,41.7,18,23,82.7,44.0,1.8795454545454546
2295,Terry McLaurin,5 Step,19.400000000000006,0,16,35.400000000000006,22.0,1.6090909090909093
2296,Terry McLaurin,7 Step,8.1,0,7,15.1,11.0,1.3727272727272728
2306,Tim Patrick,0/1 Step,17.1,18,16,51.099999999999994,21.0,2.433333333333333
2307,Tim Patrick,3 Step,29.799999999999997,0,17,46.80000000000001,33.0,1.4181818181818184
2308,Tim Patrick,5 Step,5.5,0,5,10.5,10.0,1.05
2309,Tim Patrick,7 Step,2.1,0,1,3.1,3.0,1.0333333333333334
2315,Todd Gurley,5 Step,6.5,0,7,13.5,9.0,1.5
2316,Todd Gurley,7 Step,3.8000000000000003,0,8,11.8,10.0,1.1800000000000002
2319,Tony Pollard,0/1 Step,3.9000000000000004,0,7,10.9,7.0,1.5571428571428572
2320,Tony Pollard,3 Step,11.300000000000002,0,14,25.3,22.0,1.1500000000000001
2322,Tony Pollard,7 Step,1.9000000000000001,0,2,3.9,2.0,1.95
2326,Travis Fulgham,0/1 Step,11.8,6,12,29.8,18.0,1.6555555555555557
2327,Travis Fulgham,3 Step,23.599999999999998,12,12,47.6,27.0,1.762962962962963
2328,Travis Fulgham,5 Step,12.200000000000003,6,7,25.2,16.0,1.575
2339,Travis Kelce,0/1 Step,9.9,6,12,27.900000000000002,9.0,3.1
2340,Travis Kelce,3 Step,81.69999999999999,42,63,186.70000000000002,57.0,3.2754385964912283
2341,Travis Kelce,5 Step,43.70000000000001,12,23,78.69999999999999,38.0,2.0710526315789473
2342,Travis Kelce,7 Step,24.8,0,11,35.8,12.0,2.983333333333333
2351,Trayveon Williams,7 Step,1.3,0,1,2.3,1.0,2.3
2354,Tre'Quan Smith,3 Step,10.9,6,13,29.9,15.0,1.9933333333333332
2355,Tre'Quan Smith,5 Step,20.000000000000004,0,13,33.00000000000001,21.0,1.5714285714285718
2356,Tre'Quan Smith,7 Step,11.4,18,7,36.4,8.0,4.55
2364,Trent Taylor,0/1 Step,6.800000000000001,0,5,11.8,6.0,1.9666666666666668
2365,Trent Taylor,3 Step,2.4000000000000004,0,4,6.3999999999999995,11.0,0.5818181818181818
2375,Trey Burton,3 Step,19.2,18,20,57.2,31.0,1.8451612903225807
2376,Trey Burton,5 Step,3.8000000000000003,0,5,8.8,11.0,0.8
2377,Trey Burton,7 Step,3.2,0,2,5.2,2.0,2.6
2390,Ty Johnson,3 Step,5.300000000000001,6,9,20.3,14.0,1.45
2397,Tyler Boyd,0/1 Step,26.2,6,27,59.20000000000001,35.0,1.6914285714285717
2398,Tyler Boyd,3 Step,52.199999999999996,24,43,119.19999999999999,60.0,1.9866666666666666
2399,Tyler Boyd,5 Step,3.9000000000000004,0,4,7.900000000000001,6.0,1.3166666666666669
2400,Tyler Boyd,7 Step,0.0,0,0,0.0,3.0,0.0
2409,Tyler Conklin,7 Step,0.0,0,0,0.0,2.0,0.0
2415,Tyler Eifert,0/1 Step,5.7,6,7,18.7,10.0,1.8699999999999999
2416,Tyler Eifert,3 Step,19.000000000000004,6,17,41.99999999999999,33.0,1.2727272727272725
2417,Tyler Eifert,5 Step,4.2,0,6,10.2,11.0,0.9272727272727272
2418,Tyler Eifert,7 Step,4.1000000000000005,0,4,8.1,5.0,1.6199999999999999
2428,Tyler Higbee,0/1 Step,5.8,12,10,27.8,12.0,2.316666666666667
2429,Tyler Higbee,3 Step,24.0,0,21,45.0,27.0,1.6666666666666667
2431,Tyler Higbee,7 Step,7.9,6,4,17.9,5.0,3.5799999999999996
2435,Tyler Johnson,0/1 Step,6.9,6,6,18.9,6.0,3.15
2439,Tyler Kroft,0/1 Step,5.4,0,5,10.4,7.0,1.4857142857142858
2445,Tyler Lockett,0/1 Step,20.800000000000004,0,24,44.800000000000004,32.0,1.4000000000000001
2446,Tyler Lockett,3 Step,22.000000000000004,24,25,71.0,35.0,2.0285714285714285
2447,Tyler Lockett,5 Step,26.9,12,18,56.89999999999999,25.0,2.276
2448,Tyler Lockett,7 Step,18.2,12,9,39.199999999999996,14.0,2.8
2454,Tyreek Hill,0/1 Step,11.4,6,15,32.4,17.0,1.9058823529411764
2455,Tyreek Hill,3 Step,34.199999999999996,6,27,67.19999999999999,34.0,1.9764705882352938
2456,Tyreek Hill,5 Step,56.39999999999999,30,25,111.4,32.0,3.48125
2457,Tyreek Hill,7 Step,15.100000000000001,18,5,38.099999999999994,7.0,5.442857142857142
2469,Tyron Johnson,5 Step,17.0,6,6,29.000000000000004,9.0,3.2222222222222228
2470,Tyron Johnson,7 Step,17.900000000000002,6,6,29.900000000000002,7.0,4.271428571428571
2475,Van Jefferson,3 Step,10.900000000000002,6,11,27.900000000000002,14.0,1.992857142857143
2476,Van Jefferson,5 Step,5.6,0,4,9.6,5.0,1.92
2477,Van Jefferson,7 Step,1.6,0,1,2.6,3.0,0.8666666666666667
2480,Vance McDonald,0/1 Step,4.000000000000001,0,7,11.0,9.0,1.2222222222222223
2488,Virgil Green,7 Step,1.4000000000000001,0,1,2.4000000000000004,2.0,1.2000000000000002
2492,Vyncint Smith,7 Step,1.3,0,1,2.3,1.0,2.3
2493,Wayne Gallman,0/1 Step,5.7,0,8,13.700000000000001,10.0,1.37
2495,Wayne Gallman,7 Step,1.6,0,2,3.6,2.0,1.8
2499,Will Dissly,0/1 Step,4.4,0,6,10.400000000000002,7.0,1.485714285714286
2501,Will Dissly,5 Step,8.1,0,7,15.100000000000001,8.0,1.8875000000000002
2506,Will Fuller V,0/1 Step,9.200000000000001,0,8,17.200000000000003,9.0,1.9111111111111114
2507,Will Fuller V,3 Step,44.00000000000001,30,25,99.00000000000001,36.0,2.7500000000000004
2508,Will Fuller V,5 Step,20.200000000000003,12,10,42.2,16.0,2.6375
2509,Will Fuller V,7 Step,2.8000000000000003,0,2,4.800000000000001,5.0,0.9600000000000002
2515,Willie Snead IV,0/1 Step,15.8,12,16,43.800000000000004,18.0,2.4333333333333336
2516,Willie Snead IV,3 Step,24.099999999999998,6,17,47.1,21.0,2.242857142857143
2521,Zach Ertz,0/1 Step,9.6,6,11,26.6,27.0,0.9851851851851853
2522,Zach Ertz,3 Step,15.299999999999999,0,12,27.299999999999997,23.0,1.1869565217391302
2523,Zach Ertz,5 Step,4.3,0,5,9.3,12.0,0.775
2524,Zach Ertz,7 Step,0.9,0,1,1.9,2.0,0.95
2529,Zach Pascal,0/1 Step,5.5,0,6,11.5,8.0,1.4375
2530,Zach Pascal,3 Step,18.7,30,17,65.69999999999999,25.0,2.6279999999999997
2531,Zach Pascal,5 Step,34.1,6,18,58.1,26.0,2.2346153846153847
2532,Zach Pascal,7 Step,4.1000000000000005,0,3,7.1,5.0,1.42
2543,Zay Jones,5 Step,4.200000000000001,0,5,9.200000000000001,7.0,1.3142857142857145
