team,playerName,RunDirection_descr,touch,FP_yards,FP_TD,FP_fumbleLost,FP_total,FP/Touch,plays,totalPlays,freq
GB,Aaron Jones,Left A Gap,53,32.2,18,0,50.199999999999996,0.9471698113207546,53,226,0.2345132743362832
GB,Aaron Jones,Left D Gap,30,11.400000000000002,0,0,11.400000000000002,0.38000000000000006,30,226,0.13274336283185842
GB,Aaron Jones,Left Off-Tackle Gap Unknown,41,24.200000000000003,18,0,42.20000000000001,1.029268292682927,41,226,0.18141592920353983
GB,Aaron Jones,Right A Gap,49,33.5,24,0,57.49999999999999,1.173469387755102,49,226,0.2168141592920354
GB,Aaron Jones,Right D Gap,24,12.500000000000004,0,0,12.500000000000004,0.5208333333333335,24,226,0.10619469026548672
GB,Aaron Jones,Right Off-Tackle Gap Unknown,29,12.500000000000002,0,0,12.500000000000002,0.4310344827586208,29,226,0.12831858407079647
GB,Aaron Rodgers,Left D Gap,9,5.500000000000001,6,0,11.500000000000002,1.277777777777778,9,37,0.24324324324324326
GB,Aaron Rodgers,Middle,16,-1.0,0,-1,-2.0000000000000004,-0.12500000000000003,16,37,0.43243243243243246
GB,Aaron Rodgers,Right D Gap,12,7.199999999999999,18,0,25.199999999999996,2.0999999999999996,12,37,0.32432432432432434
MIN,Alexander Mattison,Left A Gap,14,4.4,0,0,4.4,0.31428571428571433,14,96,0.14583333333333334
MIN,Alexander Mattison,Left Off-Tackle Gap Unknown,29,13.8,0,0,13.8,0.47586206896551725,29,96,0.3020833333333333
MIN,Alexander Mattison,Right A Gap,14,7.800000000000001,6,0,13.8,0.9857142857142858,14,96,0.14583333333333334
MIN,Alexander Mattison,Right D Gap,8,3.9000000000000004,0,0,3.9000000000000004,0.48750000000000004,8,96,0.08333333333333333
MIN,Alexander Mattison,Right Off-Tackle Gap Unknown,31,17.499999999999996,6,0,23.499999999999996,0.7580645161290321,31,96,0.3229166666666667
NO,Alvin Kamara,Left A Gap,38,26.7,12,0,38.699999999999996,1.018421052631579,38,232,0.16379310344827586
NO,Alvin Kamara,Left D Gap,21,3.5,12,0,15.5,0.7380952380952381,21,232,0.09051724137931035
NO,Alvin Kamara,Left Off-Tackle Gap Unknown,69,35.20000000000001,36,0,71.20000000000005,1.0318840579710151,69,232,0.2974137931034483
NO,Alvin Kamara,Right A Gap,43,16.0,6,0,22.000000000000007,0.5116279069767443,43,232,0.1853448275862069
NO,Alvin Kamara,Right D Gap,12,10.200000000000001,0,0,10.200000000000001,0.8500000000000001,12,232,0.05172413793103448
NO,Alvin Kamara,Right Off-Tackle Gap Unknown,49,21.700000000000003,36,0,57.7,1.1775510204081634,49,232,0.21120689655172414
NO,Andy Dalton,Middle,11,2.5999999999999996,0,0,2.5999999999999996,0.23636363636363633,11,17,0.6470588235294118
NO,Andy Dalton,Right D Gap,6,2.2,0,0,2.2,0.3666666666666667,6,17,0.35294117647058826
PIT,Anthony McFarland Jr.,Left Off-Tackle Gap Unknown,12,4.500000000000001,0,0,4.500000000000001,0.37500000000000006,12,25,0.48
PIT,Anthony McFarland Jr.,Right A Gap,6,2.4,0,0,2.4,0.39999999999999997,6,25,0.24
PIT,Anthony McFarland Jr.,Right D Gap,7,2.1,0,0,2.1,0.3,7,25,0.28
WAS,Antonio Gibson,Left A Gap,35,13.000000000000002,12,0,25.000000000000007,0.7142857142857145,35,189,0.18518518518518517
WAS,Antonio Gibson,Left D Gap,15,6.900000000000001,6,0,12.899999999999999,0.8599999999999999,15,189,0.07936507936507936
WAS,Antonio Gibson,Left Off-Tackle Gap Unknown,37,15.300000000000002,12,0,27.300000000000004,0.737837837837838,37,189,0.19576719576719576
WAS,Antonio Gibson,Right A Gap,40,18.999999999999996,24,0,43.0,1.075,40,189,0.21164021164021163
WAS,Antonio Gibson,Right D Gap,20,12.400000000000002,6,0,18.400000000000002,0.9200000000000002,20,189,0.10582010582010581
WAS,Antonio Gibson,Right Off-Tackle Gap Unknown,42,17.9,6,0,23.900000000000006,0.5690476190476191,42,189,0.2222222222222222
LAC,Austin Ekeler,Left A Gap,19,10.0,0,0,10.0,0.5263157894736842,19,117,0.1623931623931624
LAC,Austin Ekeler,Left D Gap,15,6.000000000000001,0,0,6.000000000000001,0.4000000000000001,15,117,0.1282051282051282
LAC,Austin Ekeler,Left Off-Tackle Gap Unknown,26,10.000000000000002,0,0,10.000000000000002,0.3846153846153847,26,117,0.2222222222222222
LAC,Austin Ekeler,Right A Gap,25,14.599999999999998,0,0,14.599999999999998,0.584,25,117,0.21367521367521367
LAC,Austin Ekeler,Right D Gap,9,2.9000000000000004,0,0,2.9000000000000004,0.32222222222222224,9,117,0.07692307692307693
LAC,Austin Ekeler,Right Off-Tackle Gap Unknown,23,10.0,6,0,16.0,0.6956521739130435,23,117,0.19658119658119658
CAR,Baker Mayfield,Left D Gap,15,11.400000000000002,0,0,11.400000000000002,0.7600000000000001,15,57,0.2631578947368421
CAR,Baker Mayfield,Left Off-Tackle Gap Unknown,7,2.4000000000000004,0,0,2.4000000000000004,0.3428571428571429,7,57,0.12280701754385964
CAR,Baker Mayfield,Middle,22,-1.0999999999999999,0,-1,-2.1000000000000005,-0.09545454545454547,22,57,0.38596491228070173
CAR,Baker Mayfield,Right A Gap,7,1.8,0,0,1.8,0.2571428571428572,7,57,0.12280701754385964
CAR,Baker Mayfield,Right D Gap,6,2.5,6,0,8.5,1.4166666666666667,6,57,0.10526315789473684
TB,Blaine Gabbert,Middle,7,-0.2,0,0,-0.2,-0.028571428571428574,7,7,1.0
PHI,Boston Scott,Left A Gap,13,6.2,0,0,6.2,0.47692307692307695,13,77,0.16883116883116883
PHI,Boston Scott,Left D Gap,6,2.9000000000000004,0,0,2.9000000000000004,0.4833333333333334,6,77,0.07792207792207792
PHI,Boston Scott,Left Off-Tackle Gap Unknown,24,15.400000000000002,6,0,21.40000000000001,0.891666666666667,24,77,0.3116883116883117
PHI,Boston Scott,Right A Gap,13,6.3,0,0,6.3,0.4846153846153846,13,77,0.16883116883116883
PHI,Boston Scott,Right Off-Tackle Gap Unknown,21,8.400000000000002,0,0,8.400000000000002,0.4000000000000001,21,77,0.2727272727272727
SF,Brandon Aiyuk,Right D Gap,6,7.700000000000001,12,0,19.700000000000003,3.2833333333333337,6,6,1.0
LAR,Cam Akers,Left A Gap,22,6.200000000000001,0,0,6.200000000000001,0.28181818181818186,22,195,0.11282051282051282
LAR,Cam Akers,Left D Gap,12,3.0000000000000004,0,0,3.0000000000000004,0.25000000000000006,12,195,0.06153846153846154
LAR,Cam Akers,Left Off-Tackle Gap Unknown,56,25.600000000000012,12,-1,36.60000000000001,0.6535714285714287,56,195,0.28717948717948716
LAR,Cam Akers,Right A Gap,30,10.900000000000002,12,0,22.9,0.7633333333333333,30,195,0.15384615384615385
LAR,Cam Akers,Right D Gap,19,11.700000000000001,0,0,11.700000000000001,0.6157894736842106,19,195,0.09743589743589744
LAR,Cam Akers,Right Off-Tackle Gap Unknown,56,33.0,6,0,38.99999999999999,0.6964285714285713,56,195,0.28717948717948716
WAS,Carson Wentz,Left A Gap,10,7.499999999999999,6,0,13.499999999999998,1.3499999999999999,10,43,0.23255813953488372
WAS,Carson Wentz,Left Off-Tackle Gap Unknown,6,2.6999999999999997,6,-1,7.699999999999999,1.2833333333333332,6,43,0.13953488372093023
WAS,Carson Wentz,Middle,12,1.2000000000000002,12,0,13.200000000000001,1.1,12,43,0.27906976744186046
WAS,Carson Wentz,Right A Gap,7,4.2,0,0,4.2,0.6,7,43,0.16279069767441862
WAS,Carson Wentz,Right D Gap,8,5.300000000000001,6,0,11.3,1.4125,8,43,0.18604651162790697
PIT,Chase Claypool,Left D Gap,9,1.2,12,0,13.2,1.4666666666666666,9,9,1.0
MIA,Chase Edmonds,Left A Gap,29,13.200000000000003,0,0,13.200000000000003,0.4551724137931035,29,99,0.29292929292929293
MIA,Chase Edmonds,Left D Gap,12,0.4999999999999999,0,0,0.4999999999999999,0.04166666666666666,12,99,0.12121212121212122
MIA,Chase Edmonds,Left Off-Tackle Gap Unknown,16,8.2,0,0,8.2,0.5125,16,99,0.16161616161616163
MIA,Chase Edmonds,Right A Gap,29,17.300000000000004,6,0,23.3,0.803448275862069,29,99,0.29292929292929293
MIA,Chase Edmonds,Right D Gap,6,2.3000000000000003,0,0,2.3000000000000003,0.38333333333333336,6,99,0.06060606060606061
MIA,Chase Edmonds,Right Off-Tackle Gap Unknown,7,2.7,0,0,2.7,0.38571428571428573,7,99,0.0707070707070707
SEA,Chris Carson,Left A Gap,31,12.4,12,0,24.399999999999995,0.7870967741935482,31,163,0.1901840490797546
SEA,Chris Carson,Left D Gap,17,8.700000000000001,6,0,14.700000000000001,0.8647058823529412,17,163,0.10429447852760736
SEA,Chris Carson,Left Off-Tackle Gap Unknown,30,11.300000000000002,0,0,11.300000000000002,0.37666666666666676,30,163,0.18404907975460122
SEA,Chris Carson,Right A Gap,28,15.200000000000001,6,0,21.199999999999996,0.757142857142857,28,163,0.17177914110429449
SEA,Chris Carson,Right D Gap,12,5.1,0,0,5.1,0.425,12,163,0.0736196319018405
SEA,Chris Carson,Right Off-Tackle Gap Unknown,45,25.600000000000005,6,0,31.60000000000001,0.7022222222222224,45,163,0.27607361963190186
CAR,Christian McCaffrey,Left A Gap,7,2.5999999999999996,6,0,8.6,1.2285714285714284,7,53,0.1320754716981132
CAR,Christian McCaffrey,Left Off-Tackle Gap Unknown,14,5.1000000000000005,0,0,5.1000000000000005,0.3642857142857143,14,53,0.2641509433962264
CAR,Christian McCaffrey,Right A Gap,13,3.9000000000000004,6,0,9.9,0.7615384615384616,13,53,0.24528301886792453
CAR,Christian McCaffrey,Right Off-Tackle Gap Unknown,19,6.9,6,0,12.900000000000002,0.6789473684210527,19,53,0.3584905660377358
KC,Clyde Edwards-Helaire,Left A Gap,36,19.700000000000003,12,0,31.7,0.8805555555555555,36,198,0.18181818181818182
KC,Clyde Edwards-Helaire,Left D Gap,29,12.200000000000003,0,0,12.200000000000003,0.4206896551724139,29,198,0.14646464646464646
KC,Clyde Edwards-Helaire,Left Off-Tackle Gap Unknown,30,10.6,0,0,10.6,0.35333333333333333,30,198,0.15151515151515152
KC,Clyde Edwards-Helaire,Right A Gap,35,14.8,12,0,26.8,0.7657142857142857,35,198,0.17676767676767677
KC,Clyde Edwards-Helaire,Right D Gap,26,14.900000000000002,6,0,20.900000000000002,0.8038461538461539,26,198,0.13131313131313133
KC,Clyde Edwards-Helaire,Right Off-Tackle Gap Unknown,42,16.7,0,0,16.7,0.3976190476190476,42,198,0.21212121212121213
ATL,Cordarrelle Patterson,Left D Gap,21,9.700000000000001,0,0,9.700000000000001,0.46190476190476193,21,65,0.3230769230769231
ATL,Cordarrelle Patterson,Left Off-Tackle Gap Unknown,15,4.1000000000000005,0,0,4.1000000000000005,0.2733333333333334,15,65,0.23076923076923078
ATL,Cordarrelle Patterson,Right A Gap,7,2.0,0,0,2.0,0.2857142857142857,7,65,0.1076923076923077
ATL,Cordarrelle Patterson,Right D Gap,13,7.1,6,0,13.100000000000001,1.0076923076923079,13,65,0.2
ATL,Cordarrelle Patterson,Right Off-Tackle Gap Unknown,9,3.2,0,0,3.2,0.35555555555555557,9,65,0.13846153846153847
WAS,Curtis Samuel,Left D Gap,6,1.0,0,0,1.0,0.16666666666666666,6,30,0.2
WAS,Curtis Samuel,Right A Gap,8,4.4,0,0,4.4,0.55,8,30,0.26666666666666666
WAS,Curtis Samuel,Right D Gap,16,9.0,0,0,9.0,0.5625,16,30,0.5333333333333333
DET,D'Andre Swift,Left A Gap,23,9.500000000000002,12,0,21.5,0.9347826086956522,23,116,0.19827586206896552
DET,D'Andre Swift,Left D Gap,12,6.6000000000000005,0,0,6.6000000000000005,0.55,12,116,0.10344827586206896
DET,D'Andre Swift,Left Off-Tackle Gap Unknown,22,7.4,12,0,19.4,0.8818181818181817,22,116,0.1896551724137931
DET,D'Andre Swift,Right A Gap,34,20.3,18,-2,36.3,1.0676470588235294,34,116,0.29310344827586204
DET,D'Andre Swift,Right Off-Tackle Gap Unknown,25,12.600000000000003,6,0,18.599999999999998,0.7439999999999999,25,116,0.21551724137931033
CLE,D'Ernest Johnson,Left Off-Tackle Gap Unknown,16,11.899999999999999,0,0,11.899999999999999,0.7437499999999999,16,25,0.64
CLE,D'Ernest Johnson,Right Off-Tackle Gap Unknown,9,2.9999999999999996,0,0,2.9999999999999996,0.33333333333333326,9,25,0.36
CAR,D'Onta Foreman,Right Off-Tackle Gap Unknown,11,5.6000000000000005,0,0,5.6000000000000005,0.5090909090909091,11,11,1.0
MIN,Dalvin Cook,Left A Gap,48,19.600000000000005,6,-1,24.60000000000001,0.5125000000000002,48,319,0.15047021943573669
MIN,Dalvin Cook,Left D Gap,29,15.1,6,0,21.1,0.7275862068965517,29,319,0.09090909090909091
MIN,Dalvin Cook,Left Off-Tackle Gap Unknown,100,59.40000000000001,42,0,101.39999999999999,1.014,100,319,0.31347962382445144
MIN,Dalvin Cook,Right A Gap,36,20.399999999999995,24,0,44.400000000000006,1.2333333333333334,36,319,0.11285266457680251
MIN,Dalvin Cook,Right D Gap,17,8.5,0,0,8.5,0.5,17,319,0.05329153605015674
MIN,Dalvin Cook,Right Off-Tackle Gap Unknown,89,38.70000000000002,18,-1,55.70000000000001,0.6258426966292135,89,319,0.27899686520376177
NE,Damien Harris,Left A Gap,23,13.199999999999996,6,0,19.200000000000003,0.8347826086956524,23,139,0.16546762589928057
NE,Damien Harris,Left D Gap,22,5.600000000000002,0,0,5.600000000000002,0.25454545454545463,22,139,0.15827338129496402
NE,Damien Harris,Left Off-Tackle Gap Unknown,20,8.200000000000001,0,0,8.200000000000001,0.41000000000000003,20,139,0.14388489208633093
NE,Damien Harris,Right A Gap,29,17.700000000000003,0,0,17.700000000000003,0.610344827586207,29,139,0.20863309352517986
NE,Damien Harris,Right D Gap,14,7.500000000000002,6,0,13.500000000000002,0.9642857142857144,14,139,0.10071942446043165
NE,Damien Harris,Right Off-Tackle Gap Unknown,31,17.800000000000004,0,0,17.800000000000004,0.5741935483870969,31,139,0.22302158273381295
NYG,Daniel Jones,Left D Gap,10,10.3,0,0,10.3,1.03,10,60,0.16666666666666666
NYG,Daniel Jones,Left Off-Tackle Gap Unknown,13,12.9,12,0,24.900000000000002,1.9153846153846155,13,60,0.21666666666666667
NYG,Daniel Jones,Middle,20,-0.6,0,-1,-1.600000000000001,-0.08000000000000004,20,60,0.3333333333333333
NYG,Daniel Jones,Right D Gap,17,19.6,0,0,19.6,1.1529411764705884,17,60,0.2833333333333333
ARI,Darrel Williams,Left A Gap,10,4.6000000000000005,6,0,10.600000000000001,1.06,10,63,0.15873015873015872
ARI,Darrel Williams,Left Off-Tackle Gap Unknown,15,6.5,0,0,6.5,0.43333333333333335,15,63,0.23809523809523808
ARI,Darrel Williams,Right A Gap,18,8.400000000000002,6,0,14.400000000000002,0.8000000000000002,18,63,0.2857142857142857
ARI,Darrel Williams,Right D Gap,9,3.6000000000000005,0,0,3.6000000000000005,0.4000000000000001,9,63,0.14285714285714285
ARI,Darrel Williams,Right Off-Tackle Gap Unknown,11,5.0,0,0,5.0,0.45454545454545453,11,63,0.1746031746031746
CHI,Darrynton Evans,Left Off-Tackle Gap Unknown,7,2.0999999999999996,0,0,2.0999999999999996,0.29999999999999993,7,7,1.0
CHI,David Montgomery,Left A Gap,45,19.700000000000003,12,0,31.700000000000006,0.7044444444444445,45,262,0.1717557251908397
CHI,David Montgomery,Left D Gap,23,8.299999999999999,6,0,14.300000000000002,0.6217391304347827,23,262,0.08778625954198473
CHI,David Montgomery,Left Off-Tackle Gap Unknown,60,28.199999999999996,18,0,46.19999999999999,0.7699999999999998,60,262,0.22900763358778625
CHI,David Montgomery,Right A Gap,51,24.1,6,0,30.1,0.5901960784313726,51,262,0.1946564885496183
CHI,David Montgomery,Right D Gap,15,5.9,0,0,5.9,0.39333333333333337,15,262,0.05725190839694656
CHI,David Montgomery,Right Off-Tackle Gap Unknown,68,25.400000000000006,6,0,31.400000000000006,0.461764705882353,68,262,0.2595419847328244
CHI,David Moore,Left D Gap,6,3.6,0,0,3.6,0.6,6,6,1.0
SF,Deebo Samuel,Left D Gap,8,4.500000000000001,0,0,4.500000000000001,0.5625000000000001,8,8,1.0
LV,Derek Carr,Middle,14,-0.4,6,0,5.6000000000000005,0.4,14,27,0.5185185185185185
LV,Derek Carr,Right D Gap,13,7.4,6,-1,12.400000000000002,0.953846153846154,13,27,0.48148148148148145
TEN,Derrick Henry,Left A Gap,54,30.6,30,0,60.59999999999999,1.122222222222222,54,404,0.13366336633663367
TEN,Derrick Henry,Left D Gap,42,14.700000000000005,12,0,26.700000000000003,0.6357142857142858,42,404,0.10396039603960396
TEN,Derrick Henry,Left Off-Tackle Gap Unknown,106,50.899999999999984,6,0,56.89999999999999,0.5367924528301886,106,404,0.2623762376237624
TEN,Derrick Henry,Right A Gap,66,31.5,24,0,55.499999999999986,0.8409090909090907,66,404,0.16336633663366337
TEN,Derrick Henry,Right D Gap,42,26.000000000000007,0,-2,24.000000000000007,0.5714285714285716,42,404,0.10396039603960396
TEN,Derrick Henry,Right Off-Tackle Gap Unknown,94,60.100000000000016,36,0,96.1,1.0223404255319148,94,404,0.23267326732673269
CLE,Deshaun Watson,Left D Gap,31,16.0,6,0,22.0,0.7096774193548387,31,89,0.34831460674157305
CLE,Deshaun Watson,Left Off-Tackle Gap Unknown,11,6.800000000000001,6,0,12.8,1.1636363636363638,11,89,0.12359550561797752
CLE,Deshaun Watson,Middle,13,-0.6,0,-1,-1.6,-0.12307692307692308,13,89,0.14606741573033707
CLE,Deshaun Watson,Right A Gap,6,3.7000000000000006,0,0,3.7000000000000006,0.6166666666666668,6,89,0.06741573033707865
CLE,Deshaun Watson,Right D Gap,21,12.7,6,0,18.699999999999996,0.8904761904761903,21,89,0.23595505617977527
CLE,Deshaun Watson,Right Off-Tackle Gap Unknown,7,6.1000000000000005,0,0,6.1000000000000005,0.8714285714285716,7,89,0.07865168539325842
BUF,Devin Singletary,Left A Gap,24,9.700000000000001,6,0,15.700000000000001,0.6541666666666667,24,175,0.13714285714285715
BUF,Devin Singletary,Left D Gap,27,13.200000000000003,6,-1,18.2,0.674074074074074,27,175,0.15428571428571428
BUF,Devin Singletary,Left Off-Tackle Gap Unknown,52,31.300000000000004,6,0,37.3,0.7173076923076922,52,175,0.29714285714285715
BUF,Devin Singletary,Right A Gap,32,10.9,0,0,10.9,0.340625,32,175,0.18285714285714286
BUF,Devin Singletary,Right D Gap,18,5.4,0,0,5.4,0.30000000000000004,18,175,0.10285714285714286
BUF,Devin Singletary,Right Off-Tackle Gap Unknown,22,6.5,0,0,6.5,0.29545454545454547,22,175,0.12571428571428572
SEA,Drew Lock,Left D Gap,7,4.200000000000001,6,0,10.200000000000001,1.4571428571428573,7,36,0.19444444444444445
SEA,Drew Lock,Middle,11,-1.4999999999999998,0,0,-1.4999999999999998,-0.13636363636363635,11,36,0.3055555555555556
SEA,Drew Lock,Right A Gap,7,4.5,6,0,10.5,1.5,7,36,0.19444444444444445
SEA,Drew Lock,Right D Gap,11,5.6000000000000005,6,0,11.599999999999998,1.0545454545454545,11,36,0.3055555555555556
DAL,Ezekiel Elliott,Left A Gap,38,10.400000000000002,0,-1,9.400000000000002,0.24736842105263163,38,248,0.1532258064516129
DAL,Ezekiel Elliott,Left D Gap,19,9.700000000000001,0,0,9.700000000000001,0.5105263157894737,19,248,0.07661290322580645
DAL,Ezekiel Elliott,Left Off-Tackle Gap Unknown,55,24.799999999999997,12,-2,34.79999999999999,0.6327272727272726,55,248,0.2217741935483871
DAL,Ezekiel Elliott,Right A Gap,60,23.799999999999997,6,0,29.8,0.4966666666666667,60,248,0.24193548387096775
DAL,Ezekiel Elliott,Right D Gap,13,8.700000000000003,0,-1,7.700000000000001,0.5923076923076924,13,248,0.05241935483870968
DAL,Ezekiel Elliott,Right Off-Tackle Gap Unknown,63,22.5,18,0,40.499999999999986,0.6428571428571427,63,248,0.2540322580645161
PHI,Gardner Minshew,Left D Gap,6,3.4,0,0,3.4,0.5666666666666667,6,14,0.42857142857142855
PHI,Gardner Minshew,Right D Gap,8,3.900000000000001,0,0,3.900000000000001,0.4875000000000001,8,14,0.5714285714285714
BAL,Gus Edwards,Left A Gap,23,7.600000000000001,6,0,13.599999999999998,0.5913043478260869,23,161,0.14285714285714285
BAL,Gus Edwards,Left Off-Tackle Gap Unknown,36,17.600000000000005,18,-1,34.599999999999994,0.9611111111111109,36,161,0.2236024844720497
BAL,Gus Edwards,Right A Gap,47,22.800000000000004,6,0,28.800000000000008,0.6127659574468087,47,161,0.2919254658385093
BAL,Gus Edwards,Right D Gap,9,6.7,0,0,6.7,0.7444444444444445,9,161,0.055900621118012424
BAL,Gus Edwards,Right Off-Tackle Gap Unknown,46,26.200000000000006,6,0,32.2,0.7000000000000001,46,161,0.2857142857142857
BUF,Isaiah McKenzie,Right D Gap,7,0.8,0,0,0.8,0.1142857142857143,7,7,1.0
WAS,J.D. McKissic,Left A Gap,14,5.1000000000000005,0,0,5.1000000000000005,0.3642857142857143,14,87,0.16091954022988506
WAS,J.D. McKissic,Left D Gap,11,0.6,0,0,0.6,0.05454545454545454,11,87,0.12643678160919541
WAS,J.D. McKissic,Left Off-Tackle Gap Unknown,14,7.600000000000001,0,0,7.600000000000001,0.5428571428571429,14,87,0.16091954022988506
WAS,J.D. McKissic,Right A Gap,19,9.900000000000002,12,0,21.9,1.1526315789473685,19,87,0.21839080459770116
WAS,J.D. McKissic,Right D Gap,9,4.300000000000001,0,0,4.300000000000001,0.47777777777777786,9,87,0.10344827586206896
WAS,J.D. McKissic,Right Off-Tackle Gap Unknown,20,9.599999999999998,0,0,9.599999999999998,0.47999999999999987,20,87,0.22988505747126436
BAL,J.K. Dobbins,Left A Gap,10,4.0,0,0,4.0,0.4,10,158,0.06329113924050633
BAL,J.K. Dobbins,Left D Gap,27,22.199999999999996,6,0,28.199999999999996,1.0444444444444443,27,158,0.17088607594936708
BAL,J.K. Dobbins,Left Off-Tackle Gap Unknown,21,17.500000000000004,30,0,47.499999999999986,2.2619047619047614,21,158,0.13291139240506328
BAL,J.K. Dobbins,Right A Gap,24,7.3,6,0,13.299999999999999,0.5541666666666666,24,158,0.1518987341772152
BAL,J.K. Dobbins,Right D Gap,25,15.799999999999999,0,0,15.799999999999999,0.632,25,158,0.15822784810126583
BAL,J.K. Dobbins,Right Off-Tackle Gap Unknown,51,23.600000000000005,18,0,41.6,0.8156862745098039,51,158,0.3227848101265823
CLE,Jacoby Brissett,Middle,11,0.6,6,0,6.6000000000000005,0.6000000000000001,11,11,1.0
PHI,Jalen Hurts,Left D Gap,13,8.3,0,-1,7.300000000000002,0.5615384615384617,13,57,0.22807017543859648
PHI,Jalen Hurts,Left Off-Tackle Gap Unknown,8,2.900000000000001,6,0,8.9,1.1125,8,57,0.14035087719298245
PHI,Jalen Hurts,Middle,9,1.0,0,0,1.0,0.1111111111111111,9,57,0.15789473684210525
PHI,Jalen Hurts,Right D Gap,17,10.400000000000002,6,0,16.400000000000002,0.9647058823529413,17,57,0.2982456140350877
PHI,Jalen Hurts,Right Off-Tackle Gap Unknown,10,6.999999999999999,0,-1,5.999999999999999,0.5999999999999999,10,57,0.17543859649122806
DET,Jamaal Williams,Left A Gap,37,19.6,12,0,31.6,0.8540540540540541,37,141,0.2624113475177305
DET,Jamaal Williams,Left D Gap,7,3.2000000000000006,0,0,3.2000000000000006,0.45714285714285724,7,141,0.04964539007092199
DET,Jamaal Williams,Left Off-Tackle Gap Unknown,19,7.200000000000001,0,0,7.200000000000001,0.3789473684210527,19,141,0.1347517730496454
DET,Jamaal Williams,Right A Gap,38,16.6,0,0,16.6,0.4368421052631579,38,141,0.2695035460992908
DET,Jamaal Williams,Right D Gap,12,5.3,0,0,5.3,0.44166666666666665,12,141,0.0851063829787234
DET,Jamaal Williams,Right Off-Tackle Gap Unknown,28,11.199999999999996,0,0,11.199999999999996,0.39999999999999986,28,141,0.19858156028368795
NO,Jameis Winston,Middle,7,-0.9,0,0,-0.9,-0.1285714285714286,7,7,1.0
ARI,James Conner,Left A Gap,20,9.3,0,0,9.3,0.465,20,184,0.10869565217391304
ARI,James Conner,Left D Gap,14,7.4,0,0,7.4,0.5285714285714286,14,184,0.07608695652173914
ARI,James Conner,Left Off-Tackle Gap Unknown,45,15.3,6,0,21.30000000000001,0.4733333333333336,45,184,0.24456521739130435
ARI,James Conner,Right A Gap,42,16.1,24,0,40.10000000000001,0.9547619047619049,42,184,0.22826086956521738
ARI,James Conner,Right D Gap,11,10.000000000000002,0,0,10.000000000000002,0.9090909090909093,11,184,0.059782608695652176
ARI,James Conner,Right Off-Tackle Gap Unknown,52,19.099999999999998,12,0,31.1,0.5980769230769231,52,184,0.2826086956521739
JAX,James Robinson,Left A Gap,47,29.0,6,0,35.00000000000001,0.74468085106383,47,250,0.188
JAX,James Robinson,Left D Gap,13,7.9,0,0,7.9,0.6076923076923078,13,250,0.052
JAX,James Robinson,Left Off-Tackle Gap Unknown,62,30.00000000000001,12,0,42.00000000000001,0.6774193548387097,62,250,0.248
JAX,James Robinson,Right A Gap,55,26.200000000000003,18,0,44.199999999999996,0.8036363636363636,55,250,0.22
JAX,James Robinson,Right D Gap,17,6.3,0,0,6.3,0.37058823529411766,17,250,0.068
JAX,James Robinson,Right Off-Tackle Gap Unknown,56,19.000000000000004,24,0,42.99999999999999,0.7678571428571427,56,250,0.224
DET,Jared Goff,Left D Gap,13,4.8,6,0,10.8,0.8307692307692308,13,48,0.2708333333333333
DET,Jared Goff,Middle,23,-1.6000000000000003,0,0,-1.6000000000000003,-0.06956521739130436,23,48,0.4791666666666667
DET,Jared Goff,Right D Gap,12,4.500000000000001,0,-1,3.500000000000001,0.29166666666666674,12,48,0.25
KC,Jerick McKinnon,Left A Gap,12,3.1000000000000005,0,0,3.1000000000000005,0.25833333333333336,12,88,0.13636363636363635
KC,Jerick McKinnon,Left D Gap,14,4.4,0,0,4.4,0.31428571428571433,14,88,0.1590909090909091
KC,Jerick McKinnon,Left Off-Tackle Gap Unknown,16,4.6000000000000005,12,0,16.6,1.0375,16,88,0.18181818181818182
KC,Jerick McKinnon,Right A Gap,13,5.8999999999999995,0,0,5.8999999999999995,0.4538461538461538,13,88,0.14772727272727273
KC,Jerick McKinnon,Right D Gap,12,9.3,0,0,9.3,0.775,12,88,0.13636363636363635
KC,Jerick McKinnon,Right Off-Tackle Gap Unknown,21,6.4,18,0,24.399999999999995,1.1619047619047618,21,88,0.23863636363636365
CIN,Joe Burrow,Middle,10,3.5000000000000004,6,0,9.5,0.95,10,18,0.5555555555555556
CIN,Joe Burrow,Right A Gap,8,2.4000000000000004,6,0,8.4,1.05,8,18,0.4444444444444444
CIN,Joe Mixon,Left A Gap,36,18.000000000000004,12,0,30.0,0.8333333333333334,36,121,0.2975206611570248
CIN,Joe Mixon,Left D Gap,15,6.6000000000000005,0,0,6.6000000000000005,0.44000000000000006,15,121,0.12396694214876033
CIN,Joe Mixon,Left Off-Tackle Gap Unknown,19,3.8000000000000007,0,0,3.8000000000000007,0.20000000000000004,19,121,0.15702479338842976
CIN,Joe Mixon,Right A Gap,18,7.9,0,0,7.9,0.4388888888888889,18,121,0.1487603305785124
CIN,Joe Mixon,Right D Gap,8,1.5,0,-1,0.5000000000000003,0.06250000000000004,8,121,0.06611570247933884
CIN,Joe Mixon,Right Off-Tackle Gap Unknown,25,7.000000000000001,6,0,13.0,0.52,25,121,0.2066115702479339
IND,Jonathan Taylor,Left A Gap,56,26.6,6,0,32.599999999999994,0.5821428571428571,56,267,0.20973782771535582
IND,Jonathan Taylor,Left D Gap,31,15.499999999999998,6,0,21.499999999999996,0.6935483870967741,31,267,0.11610486891385768
IND,Jonathan Taylor,Left Off-Tackle Gap Unknown,42,19.500000000000004,12,0,31.500000000000007,0.7500000000000002,42,267,0.15730337078651685
IND,Jonathan Taylor,Right A Gap,75,37.5,42,0,79.49999999999999,1.0599999999999998,75,267,0.2808988764044944
IND,Jonathan Taylor,Right D Gap,24,17.700000000000003,18,0,35.699999999999996,1.4874999999999998,24,267,0.0898876404494382
IND,Jonathan Taylor,Right Off-Tackle Gap Unknown,39,17.2,0,-1,16.2,0.41538461538461535,39,267,0.14606741573033707
BUF,Josh Allen,Left A Gap,9,6.900000000000001,6,0,12.9,1.4333333333333333,9,131,0.06870229007633588
BUF,Josh Allen,Left D Gap,25,12.400000000000002,12,-1,23.400000000000002,0.936,25,131,0.19083969465648856
BUF,Josh Allen,Left Off-Tackle Gap Unknown,14,6.900000000000002,0,0,6.900000000000002,0.492857142857143,14,131,0.10687022900763359
BUF,Josh Allen,Middle,30,-1.8000000000000007,0,-2,-3.8000000000000007,-0.12666666666666668,30,131,0.22900763358778625
BUF,Josh Allen,Right A Gap,18,12.8,12,0,24.800000000000004,1.377777777777778,18,131,0.13740458015267176
BUF,Josh Allen,Right D Gap,25,16.1,24,0,40.09999999999999,1.6039999999999994,25,131,0.19083969465648856
BUF,Josh Allen,Right Off-Tackle Gap Unknown,10,8.1,0,-1,7.1,0.71,10,131,0.07633587786259542
LV,Josh Jacobs,Left A Gap,42,18.1,6,0,24.1,0.5738095238095239,42,280,0.15
LV,Josh Jacobs,Left D Gap,17,8.200000000000001,6,0,14.200000000000001,0.8352941176470589,17,280,0.060714285714285714
LV,Josh Jacobs,Left Off-Tackle Gap Unknown,67,22.400000000000002,30,-1,51.40000000000001,0.7671641791044778,67,280,0.2392857142857143
LV,Josh Jacobs,Right A Gap,48,22.500000000000004,18,-1,39.5,0.8229166666666666,48,280,0.17142857142857143
LV,Josh Jacobs,Right D Gap,22,9.8,12,0,21.800000000000004,0.9909090909090911,22,280,0.07857142857142857
LV,Josh Jacobs,Right Off-Tackle Gap Unknown,84,28.9,0,0,28.9,0.34404761904761905,84,280,0.3
LAC,Joshua Kelley,Left A Gap,26,11.100000000000001,0,-1,10.100000000000001,0.3884615384615385,26,105,0.24761904761904763
LAC,Joshua Kelley,Left Off-Tackle Gap Unknown,28,9.200000000000003,0,-1,8.200000000000001,0.29285714285714287,28,105,0.26666666666666666
LAC,Joshua Kelley,Right A Gap,32,9.200000000000001,12,0,21.199999999999996,0.6624999999999999,32,105,0.3047619047619048
LAC,Joshua Kelley,Right Off-Tackle Gap Unknown,19,4.300000000000001,0,0,4.300000000000001,0.22631578947368425,19,105,0.18095238095238095
LAC,Justin Herbert,Left D Gap,11,7.800000000000001,0,0,7.800000000000001,0.7090909090909091,11,50,0.22
LAC,Justin Herbert,Left Off-Tackle Gap Unknown,7,5.000000000000001,0,0,5.000000000000001,0.7142857142857144,7,50,0.14
LAC,Justin Herbert,Middle,16,-0.6,12,0,11.400000000000002,0.7125000000000001,16,50,0.32
LAC,Justin Herbert,Right D Gap,9,6.2,12,0,18.2,2.022222222222222,9,50,0.18
LAC,Justin Herbert,Right Off-Tackle Gap Unknown,7,3.5,0,0,3.5,0.5,7,50,0.14
CLE,Kareem Hunt,Left A Gap,18,7.000000000000001,6,0,13.0,0.7222222222222222,18,217,0.08294930875576037
CLE,Kareem Hunt,Left D Gap,31,11.799999999999999,6,0,17.799999999999997,0.5741935483870967,31,217,0.14285714285714285
CLE,Kareem Hunt,Left Off-Tackle Gap Unknown,56,26.200000000000006,24,0,50.20000000000001,0.8964285714285716,56,217,0.25806451612903225
CLE,Kareem Hunt,Right A Gap,30,10.000000000000002,0,0,10.000000000000002,0.33333333333333337,30,217,0.1382488479262673
CLE,Kareem Hunt,Right D Gap,17,9.8,12,0,21.8,1.2823529411764707,17,217,0.07834101382488479
CLE,Kareem Hunt,Right Off-Tackle Gap Unknown,65,28.499999999999993,6,0,34.49999999999999,0.5307692307692307,65,217,0.2995391705069124
TB,Ke'Shawn Vaughn,Left A Gap,7,3.8000000000000007,0,0,3.8000000000000007,0.5428571428571429,7,25,0.28
TB,Ke'Shawn Vaughn,Right A Gap,9,4.4,0,-1,3.4,0.37777777777777777,9,25,0.36
TB,Ke'Shawn Vaughn,Right Off-Tackle Gap Unknown,9,4.6000000000000005,0,0,4.6000000000000005,0.5111111111111112,9,25,0.36
LV,Kenyan Drake,Left A Gap,64,29.60000000000001,18,0,47.6,0.74375,64,243,0.26337448559670784
LV,Kenyan Drake,Left D Gap,10,2.1,0,0,2.1,0.21000000000000002,10,243,0.0411522633744856
LV,Kenyan Drake,Left Off-Tackle Gap Unknown,47,18.5,18,-1,35.50000000000001,0.7553191489361704,47,243,0.1934156378600823
LV,Kenyan Drake,Right A Gap,66,23.000000000000014,24,0,47.000000000000014,0.7121212121212124,66,243,0.2716049382716049
LV,Kenyan Drake,Right D Gap,17,7.9,0,0,7.9,0.4647058823529412,17,243,0.06995884773662552
LV,Kenyan Drake,Right Off-Tackle Gap Unknown,39,16.700000000000003,0,0,16.700000000000003,0.4282051282051283,39,243,0.16049382716049382
MIN,Kirk Cousins,Middle,10,-0.6,0,-1,-1.6,-0.16,10,10,1.0
SF,Kyle Juszczyk,Left A Gap,7,3.2,0,0,3.2,0.4571428571428572,7,17,0.4117647058823529
SF,Kyle Juszczyk,Right A Gap,10,3.2000000000000006,12,0,15.2,1.52,10,17,0.5882352941176471
ARI,Kyler Murray,Left A Gap,7,2.9,0,0,2.9,0.41428571428571426,7,135,0.05185185185185185
ARI,Kyler Murray,Left D Gap,37,26.7,36,0,62.699999999999974,1.694594594594594,37,135,0.2740740740740741
ARI,Kyler Murray,Left Off-Tackle Gap Unknown,23,15.600000000000001,12,0,27.599999999999994,1.1999999999999997,23,135,0.17037037037037037
ARI,Kyler Murray,Middle,14,-2.3,0,0,-2.3,-0.16428571428571428,14,135,0.1037037037037037
ARI,Kyler Murray,Right A Gap,9,6.700000000000001,0,0,6.700000000000001,0.7444444444444446,9,135,0.06666666666666667
ARI,Kyler Murray,Right D Gap,32,24.6,12,0,36.60000000000001,1.1437500000000003,32,135,0.23703703703703705
ARI,Kyler Murray,Right Off-Tackle Gap Unknown,13,8.200000000000001,12,0,20.200000000000003,1.553846153846154,13,135,0.0962962962962963
BAL,Lamar Jackson,Left A Gap,6,5.2,0,0,5.2,0.8666666666666667,6,191,0.031413612565445025
BAL,Lamar Jackson,Left D Gap,50,26.700000000000003,12,0,38.699999999999996,0.7739999999999999,50,191,0.2617801047120419
BAL,Lamar Jackson,Left Off-Tackle Gap Unknown,7,10.5,6,0,16.5,2.357142857142857,7,191,0.03664921465968586
BAL,Lamar Jackson,Middle,18,1.2999999999999996,6,-1,6.300000000000002,0.3500000000000001,18,191,0.09424083769633508
BAL,Lamar Jackson,Right A Gap,23,14.899999999999999,6,-1,19.9,0.8652173913043477,23,191,0.12041884816753927
BAL,Lamar Jackson,Right D Gap,51,30.200000000000006,0,0,30.200000000000006,0.5921568627450982,51,191,0.2670157068062827
BAL,Lamar Jackson,Right Off-Tackle Gap Unknown,36,34.900000000000006,24,0,58.900000000000006,1.6361111111111113,36,191,0.18848167539267016
TB,Leonard Fournette,Left A Gap,35,16.600000000000005,12,0,28.600000000000005,0.8171428571428573,35,166,0.21084337349397592
TB,Leonard Fournette,Left D Gap,8,2.7,0,0,2.7,0.3375,8,166,0.04819277108433735
TB,Leonard Fournette,Left Off-Tackle Gap Unknown,30,8.300000000000002,6,0,14.3,0.4766666666666667,30,166,0.18072289156626506
TB,Leonard Fournette,Right A Gap,62,26.699999999999992,30,0,56.699999999999996,0.914516129032258,62,166,0.37349397590361444
TB,Leonard Fournette,Right D Gap,6,2.5000000000000004,0,0,2.5000000000000004,0.41666666666666674,6,166,0.03614457831325301
TB,Leonard Fournette,Right Off-Tackle Gap Unknown,25,11.099999999999998,6,0,17.099999999999998,0.6839999999999999,25,166,0.15060240963855423
TEN,Logan Woodside,Middle,6,-0.7999999999999999,0,0,-0.7999999999999999,-0.13333333333333333,6,6,1.0
PIT,Mason Rudolph,Middle,6,-0.7000000000000001,0,0,-0.7000000000000001,-0.11666666666666668,6,6,1.0
BUF,Matt Barkley,Middle,6,-0.6,0,0,-0.6,-0.09999999999999999,6,6,1.0
NYG,Matt Breida,Left A Gap,13,7.1000000000000005,0,0,7.1000000000000005,0.5461538461538462,13,53,0.24528301886792453
NYG,Matt Breida,Left Off-Tackle Gap Unknown,16,7.500000000000001,0,-1,6.500000000000002,0.4062500000000001,16,53,0.3018867924528302
NYG,Matt Breida,Right A Gap,9,3.3000000000000003,0,0,3.3000000000000003,0.3666666666666667,9,53,0.16981132075471697
NYG,Matt Breida,Right Off-Tackle Gap Unknown,15,6.300000000000001,0,0,6.300000000000001,0.42000000000000004,15,53,0.2830188679245283
IND,Matt Ryan,Middle,11,0.20000000000000004,0,-1,-0.7999999999999999,-0.07272727272727272,11,19,0.5789473684210527
IND,Matt Ryan,Right D Gap,8,6.300000000000001,6,0,12.299999999999999,1.5374999999999999,8,19,0.42105263157894735
LAR,Matthew Stafford,Left Off-Tackle Gap Unknown,7,4.300000000000001,0,0,4.300000000000001,0.6142857142857144,7,16,0.4375
LAR,Matthew Stafford,Middle,9,-0.4,0,-1,-1.4000000000000001,-0.15555555555555556,9,16,0.5625
KC,Michael Burton,Right A Gap,6,1.7000000000000002,0,0,1.7000000000000002,0.2833333333333334,6,6,1.0
BAL,Mike Davis,Left A Gap,41,12.299999999999999,12,-1,23.29999999999999,0.568292682926829,41,167,0.24550898203592814
BAL,Mike Davis,Left D Gap,11,5.500000000000001,0,0,5.500000000000001,0.5000000000000001,11,167,0.0658682634730539
BAL,Mike Davis,Left Off-Tackle Gap Unknown,38,16.200000000000003,18,0,34.2,0.9,38,167,0.2275449101796407
BAL,Mike Davis,Right A Gap,35,11.299999999999999,6,0,17.300000000000004,0.4942857142857144,35,167,0.20958083832335328
BAL,Mike Davis,Right D Gap,7,2.0000000000000004,0,0,2.0000000000000004,0.28571428571428575,7,167,0.041916167664670656
BAL,Mike Davis,Right Off-Tackle Gap Unknown,35,18.800000000000004,0,0,18.800000000000004,0.5371428571428573,35,167,0.20958083832335328
PHI,Miles Sanders,Left A Gap,33,33.70000000000001,24,0,57.70000000000002,1.748484848484849,33,167,0.19760479041916168
PHI,Miles Sanders,Left D Gap,11,3.7,0,0,3.7,0.33636363636363636,11,167,0.0658682634730539
PHI,Miles Sanders,Left Off-Tackle Gap Unknown,30,12.400000000000004,0,-1,11.400000000000004,0.3800000000000001,30,167,0.17964071856287425
PHI,Miles Sanders,Right A Gap,38,14.7,6,-1,19.7,0.5184210526315789,38,167,0.2275449101796407
PHI,Miles Sanders,Right D Gap,10,6.500000000000001,0,0,6.500000000000001,0.6500000000000001,10,167,0.059880239520958084
PHI,Miles Sanders,Right Off-Tackle Gap Unknown,45,17.9,6,0,23.9,0.5311111111111111,45,167,0.2694610778443114
CLE,Nick Chubb,Left A Gap,10,2.0,0,0,2.0,0.2,10,226,0.04424778761061947
CLE,Nick Chubb,Left D Gap,41,21.999999999999993,12,0,34.0,0.8292682926829268,41,226,0.18141592920353983
CLE,Nick Chubb,Left Off-Tackle Gap Unknown,68,44.0,6,-1,49.0,0.7205882352941176,68,226,0.3008849557522124
CLE,Nick Chubb,Right A Gap,24,10.299999999999999,24,0,34.300000000000004,1.429166666666667,24,226,0.10619469026548672
CLE,Nick Chubb,Right D Gap,27,15.800000000000004,18,0,33.8,1.2518518518518518,27,226,0.11946902654867257
CLE,Nick Chubb,Right Off-Tackle Gap Unknown,56,28.400000000000002,12,0,40.39999999999999,0.7214285714285713,56,226,0.24778761061946902
IND,Nick Foles,Middle,13,-1.1,6,0,4.900000000000001,0.376923076923077,13,13,1.0
LV,Nick Mullens,Middle,7,-0.19999999999999998,0,0,-0.19999999999999998,-0.02857142857142857,7,7,1.0
IND,Nyheim Hines,Left A Gap,30,15.200000000000005,12,0,27.2,0.9066666666666666,30,92,0.32608695652173914
IND,Nyheim Hines,Left Off-Tackle Gap Unknown,14,13.8,0,0,13.8,0.9857142857142858,14,92,0.15217391304347827
IND,Nyheim Hines,Right A Gap,31,13.299999999999999,6,0,19.299999999999997,0.6225806451612902,31,92,0.33695652173913043
IND,Nyheim Hines,Right D Gap,7,0.19999999999999996,0,0,0.19999999999999996,0.028571428571428564,7,92,0.07608695652173914
IND,Nyheim Hines,Right Off-Tackle Gap Unknown,10,2.0000000000000004,0,0,2.0000000000000004,0.20000000000000004,10,92,0.10869565217391304
KC,Patrick Mahomes,Left D Gap,26,21.900000000000006,6,0,27.900000000000002,1.0730769230769233,26,73,0.3561643835616438
KC,Patrick Mahomes,Middle,21,-2.2000000000000006,0,0,-2.2000000000000006,-0.10476190476190479,21,73,0.2876712328767123
KC,Patrick Mahomes,Right D Gap,20,11.4,12,0,23.399999999999995,1.1699999999999997,20,73,0.273972602739726
KC,Patrick Mahomes,Right Off-Tackle Gap Unknown,6,4.5,0,0,4.5,0.75,6,73,0.0821917808219178
IND,Phillip Lindsay,Left A Gap,12,3.7,0,0,3.7,0.30833333333333335,12,119,0.10084033613445378
IND,Phillip Lindsay,Left D Gap,9,3.4,0,0,3.4,0.37777777777777777,9,119,0.07563025210084033
IND,Phillip Lindsay,Left Off-Tackle Gap Unknown,32,16.4,6,0,22.400000000000002,0.7000000000000001,32,119,0.2689075630252101
IND,Phillip Lindsay,Right A Gap,21,5.1,0,0,5.1,0.24285714285714283,21,119,0.17647058823529413
IND,Phillip Lindsay,Right D Gap,8,6.6,0,0,6.6,0.825,8,119,0.06722689075630252
IND,Phillip Lindsay,Right Off-Tackle Gap Unknown,37,15.600000000000003,0,0,15.600000000000003,0.4216216216216217,37,119,0.31092436974789917
MIA,Raheem Mostert,Left A Gap,6,0.6,0,-1,-0.4,-0.06666666666666667,6,109,0.05504587155963303
MIA,Raheem Mostert,Left D Gap,18,10.399999999999999,6,0,16.399999999999995,0.9111111111111109,18,109,0.1651376146788991
MIA,Raheem Mostert,Left Off-Tackle Gap Unknown,31,13.399999999999997,0,0,13.399999999999997,0.4322580645161289,31,109,0.28440366972477066
MIA,Raheem Mostert,Right A Gap,11,3.3000000000000003,0,0,3.3000000000000003,0.30000000000000004,11,109,0.10091743119266056
MIA,Raheem Mostert,Right D Gap,17,22.799999999999997,12,0,34.8,2.0470588235294116,17,109,0.1559633027522936
MIA,Raheem Mostert,Right Off-Tackle Gap Unknown,26,11.800000000000002,0,0,11.800000000000002,0.45384615384615395,26,109,0.23853211009174313
HOU,Rex Burkhead,Left A Gap,10,4.8999999999999995,0,0,4.8999999999999995,0.48999999999999994,10,64,0.15625
HOU,Rex Burkhead,Left D Gap,14,5.1000000000000005,6,0,11.1,0.7928571428571428,14,64,0.21875
HOU,Rex Burkhead,Left Off-Tackle Gap Unknown,16,5.5,6,0,11.499999999999998,0.7187499999999999,16,64,0.25
HOU,Rex Burkhead,Right A Gap,14,5.300000000000001,6,0,11.3,0.8071428571428572,14,64,0.21875
HOU,Rex Burkhead,Right Off-Tackle Gap Unknown,10,5.0,0,0,5.0,0.5,10,64,0.15625
TEN,Robert Woods,Left D Gap,17,11.0,12,-1,22.000000000000004,1.2941176470588238,17,23,0.7391304347826086
TEN,Robert Woods,Right D Gap,6,3.8000000000000007,0,0,3.8000000000000007,0.6333333333333334,6,23,0.2608695652173913
DEN,Russell Wilson,Left A Gap,6,4.800000000000001,0,0,4.800000000000001,0.8000000000000002,6,86,0.06976744186046512
DEN,Russell Wilson,Left D Gap,13,11.900000000000004,6,0,17.900000000000006,1.3769230769230774,13,86,0.1511627906976744
DEN,Russell Wilson,Middle,25,3.500000000000002,6,-2,7.500000000000005,0.3000000000000002,25,86,0.29069767441860467
DEN,Russell Wilson,Right A Gap,10,6.1,0,0,6.1,0.61,10,86,0.11627906976744186
DEN,Russell Wilson,Right D Gap,22,21.400000000000002,0,0,21.400000000000002,0.9727272727272728,22,86,0.2558139534883721
DEN,Russell Wilson,Right Off-Tackle Gap Unknown,10,9.100000000000001,0,0,9.100000000000001,0.9100000000000001,10,86,0.11627906976744186
TEN,Ryan Tannehill,Left D Gap,10,7.500000000000001,12,0,19.5,1.95,10,35,0.2857142857142857
TEN,Ryan Tannehill,Middle,13,2.7755575615628914e-17,6,0,6.0,0.46153846153846156,13,35,0.37142857142857144
TEN,Ryan Tannehill,Right D Gap,12,11.000000000000002,18,0,29.0,2.4166666666666665,12,35,0.34285714285714286
CAR,Sam Darnold,Middle,7,-0.7,0,0,-0.7,-0.09999999999999999,7,23,0.30434782608695654
CAR,Sam Darnold,Right D Gap,10,4.5,6,0,10.500000000000002,1.0500000000000003,10,23,0.43478260869565216
CAR,Sam Darnold,Right Off-Tackle Gap Unknown,6,7.900000000000001,6,0,13.900000000000002,2.316666666666667,6,23,0.2608695652173913
CIN,Samaje Perine,Left A Gap,16,6.6000000000000005,0,0,6.6000000000000005,0.41250000000000003,16,56,0.2857142857142857
CIN,Samaje Perine,Left Off-Tackle Gap Unknown,11,5.9,6,0,11.9,1.0818181818181818,11,56,0.19642857142857142
CIN,Samaje Perine,Right A Gap,16,7.8,12,0,19.8,1.2375,16,56,0.2857142857142857
CIN,Samaje Perine,Right Off-Tackle Gap Unknown,13,4.4,0,0,4.4,0.3384615384615385,13,56,0.23214285714285715
NYG,Saquon Barkley,Right A Gap,6,2.5,0,0,2.5,0.4166666666666667,6,12,0.5
NYG,Saquon Barkley,Right D Gap,6,1.2000000000000002,0,0,1.2000000000000002,0.20000000000000004,6,12,0.5
MIA,Sony Michel,Left A Gap,8,3.2,0,0,3.2,0.4,8,77,0.1038961038961039
MIA,Sony Michel,Left D Gap,7,8.4,0,0,8.4,1.2,7,77,0.09090909090909091
MIA,Sony Michel,Left Off-Tackle Gap Unknown,25,18.8,0,0,18.8,0.752,25,77,0.3246753246753247
MIA,Sony Michel,Right A Gap,18,6.0,6,0,12.0,0.6666666666666666,18,77,0.23376623376623376
MIA,Sony Michel,Right Off-Tackle Gap Unknown,19,8.399999999999999,0,0,8.399999999999999,0.44210526315789467,19,77,0.24675324675324675
NO,Taysom Hill,Left A Gap,8,2.9000000000000004,0,0,2.9000000000000004,0.36250000000000004,8,83,0.0963855421686747
NO,Taysom Hill,Left D Gap,11,5.1,6,0,11.1,1.009090909090909,11,83,0.13253012048192772
NO,Taysom Hill,Left Off-Tackle Gap Unknown,15,7.400000000000001,6,-2,11.400000000000002,0.7600000000000001,15,83,0.18072289156626506
NO,Taysom Hill,Right D Gap,18,13.2,12,0,25.200000000000003,1.4000000000000001,18,83,0.21686746987951808
NO,Taysom Hill,Right Off-Tackle Gap Unknown,31,17.200000000000003,24,-1,40.2,1.2967741935483872,31,83,0.37349397590361444
MIA,Teddy Bridgewater,Left A Gap,6,6.1000000000000005,0,0,6.1000000000000005,1.0166666666666668,6,51,0.11764705882352941
MIA,Teddy Bridgewater,Left D Gap,6,3.2,0,0,3.2,0.5333333333333333,6,51,0.11764705882352941
MIA,Teddy Bridgewater,Middle,13,1.5999999999999994,6,-1,6.600000000000002,0.5076923076923079,13,51,0.2549019607843137
MIA,Teddy Bridgewater,Right A Gap,8,5.6,18,0,23.6,2.95,8,51,0.1568627450980392
MIA,Teddy Bridgewater,Right D Gap,10,4.9,0,0,4.9,0.49000000000000005,10,51,0.19607843137254902
MIA,Teddy Bridgewater,Right Off-Tackle Gap Unknown,8,5.0,6,0,11.0,1.375,8,51,0.1568627450980392
NYJ,Tevin Coleman,Right Off-Tackle Gap Unknown,8,4.3,0,0,4.3,0.5375,8,8,1.0
DET,Tim Boyle,Middle,13,-0.8999999999999999,0,0,-0.8999999999999999,-0.06923076923076922,13,13,1.0
TB,Tom Brady,Middle,35,-1.0999999999999999,6,-1,3.9000000000000044,0.11142857142857156,35,35,1.0
DAL,Tony Pollard,Left A Gap,23,7.100000000000001,6,0,13.100000000000001,0.5695652173913044,23,98,0.23469387755102042
DAL,Tony Pollard,Left D Gap,12,5.2,0,0,5.2,0.43333333333333335,12,98,0.12244897959183673
DAL,Tony Pollard,Left Off-Tackle Gap Unknown,17,6.500000000000001,6,0,12.5,0.7352941176470589,17,98,0.17346938775510204
DAL,Tony Pollard,Right A Gap,24,16.8,12,0,28.8,1.2,24,98,0.24489795918367346
DAL,Tony Pollard,Right Off-Tackle Gap Unknown,22,7.7,0,0,7.7,0.35000000000000003,22,98,0.22448979591836735
MIA,Tua Tagovailoa,Left D Gap,8,3.000000000000001,0,0,3.000000000000001,0.3750000000000001,8,21,0.38095238095238093
MIA,Tua Tagovailoa,Middle,13,-0.6000000000000001,0,0,-0.6000000000000001,-0.04615384615384616,13,21,0.6190476190476191
NE,Ty Montgomery,Right D Gap,7,3.0000000000000004,0,0,3.0000000000000004,0.42857142857142866,7,7,1.0
MIA,Tyreek Hill,Left D Gap,10,9.0,0,0,9.0,0.9,10,17,0.5882352941176471
MIA,Tyreek Hill,Right D Gap,7,6.1000000000000005,12,0,18.1,2.585714285714286,7,17,0.4117647058823529
BUF,Zack Moss,Left A Gap,22,9.8,0,0,9.8,0.4454545454545455,22,121,0.18181818181818182
BUF,Zack Moss,Left D Gap,13,7.5,6,0,13.499999999999998,1.0384615384615383,13,121,0.10743801652892562
BUF,Zack Moss,Left Off-Tackle Gap Unknown,23,7.6000000000000005,6,0,13.600000000000001,0.591304347826087,23,121,0.19008264462809918
BUF,Zack Moss,Right A Gap,21,9.400000000000002,6,0,15.400000000000002,0.7333333333333334,21,121,0.17355371900826447
BUF,Zack Moss,Right D Gap,16,6.4,6,0,12.400000000000002,0.7750000000000001,16,121,0.1322314049586777
BUF,Zack Moss,Right Off-Tackle Gap Unknown,26,9.799999999999999,0,0,9.799999999999999,0.37692307692307686,26,121,0.21487603305785125
