team,playerName,blockingSchemeType_descr,touch,FP_yards,FP_TD,FP_fumbleLost,FP_total,FP/Touch,plays,totalPlays,freq
GB,Aaron Jones,Duo,16,6.500000000000001,12,0,18.499999999999996,1.1562499999999998,16,173,0.09248554913294797
GB,Aaron Jones,Pull Across,11,3.5,0,0,3.5,0.3181818181818182,11,173,0.06358381502890173
GB,Aaron Jones,Split Zone,18,5.5,0,0,5.5,0.3055555555555556,18,173,0.10404624277456648
GB,Aaron Jones,Zone,128,66.90000000000006,12,-1,77.90000000000003,0.6085937500000003,128,173,0.7398843930635838
GB,Aaron Rodgers,Pass Protection,14,10.200000000000001,12,0,22.2,1.5857142857142856,14,30,0.4666666666666667
GB,Aaron Rodgers,Zone,16,-0.4999999999999999,6,0,5.500000000000001,0.34375000000000006,16,30,0.5333333333333333
MIN,Alexander Mattison,Pull Across,9,3.1,6,0,9.1,1.011111111111111,9,124,0.07258064516129033
MIN,Alexander Mattison,Split Zone,15,8.8,0,0,8.8,0.5866666666666667,15,124,0.12096774193548387
MIN,Alexander Mattison,Zone,100,35.20000000000001,12,-1,46.199999999999996,0.46199999999999997,100,124,0.8064516129032258
NO,Alvin Kamara,Duo,28,10.400000000000004,6,0,16.400000000000002,0.5857142857142857,28,235,0.11914893617021277
NO,Alvin Kamara,Pass Protection,6,1.3,0,0,1.3,0.21666666666666667,6,235,0.02553191489361702
NO,Alvin Kamara,Pull Across,24,7.800000000000001,0,0,7.800000000000001,0.325,24,235,0.10212765957446808
NO,Alvin Kamara,Pull Front,13,7.1000000000000005,0,0,7.1000000000000005,0.5461538461538462,13,235,0.05531914893617021
NO,Alvin Kamara,Pull Outside Numbers,8,5.200000000000001,0,0,5.200000000000001,0.6500000000000001,8,235,0.03404255319148936
NO,Alvin Kamara,Split Zone,26,9.700000000000001,6,0,15.700000000000005,0.603846153846154,26,235,0.11063829787234042
NO,Alvin Kamara,Zone,130,50.599999999999994,6,0,56.599999999999994,0.4353846153846153,130,235,0.5531914893617021
NO,Andy Dalton,Pass Protection,10,7.600000000000001,0,0,7.600000000000001,0.7600000000000001,10,10,1.0
WAS,Antonio Gibson,Duo,8,0.8000000000000002,0,0,0.8000000000000002,0.10000000000000002,8,253,0.03162055335968379
WAS,Antonio Gibson,Pull 2,9,4.6000000000000005,0,0,4.6000000000000005,0.5111111111111112,9,253,0.03557312252964427
WAS,Antonio Gibson,Pull Across,28,10.599999999999996,0,0,10.599999999999996,0.37857142857142845,28,253,0.11067193675889328
WAS,Antonio Gibson,Pull Outside Numbers,10,4.1000000000000005,0,0,4.1000000000000005,0.41000000000000003,10,253,0.039525691699604744
WAS,Antonio Gibson,Split Zone,46,18.299999999999997,0,-1,17.3,0.3760869565217391,46,253,0.18181818181818182
WAS,Antonio Gibson,Zone,152,64.70000000000003,42,-2,104.70000000000003,0.6888157894736844,152,253,0.6007905138339921
LAC,Austin Ekeler,Duo,25,10.800000000000002,18,0,28.800000000000004,1.1520000000000001,25,192,0.13020833333333334
LAC,Austin Ekeler,Pull Across,26,9.000000000000002,18,0,26.999999999999996,1.0384615384615383,26,192,0.13541666666666666
LAC,Austin Ekeler,Pull Front,6,2.2,6,0,8.2,1.3666666666666665,6,192,0.03125
LAC,Austin Ekeler,Split Zone,29,11.2,18,0,29.199999999999992,1.0068965517241377,29,192,0.15104166666666666
LAC,Austin Ekeler,Zone,106,53.3,12,0,65.3,0.6160377358490565,106,192,0.5520833333333334
CAR,Baker Mayfield,Pass Protection,14,10.200000000000001,6,0,16.199999999999996,1.1571428571428568,14,32,0.4375
CAR,Baker Mayfield,Slide Right,6,1.7000000000000002,0,0,1.7000000000000002,0.2833333333333334,6,32,0.1875
CAR,Baker Mayfield,Zone,12,0.30000000000000004,0,0,0.30000000000000004,0.025000000000000005,12,32,0.375
TB,Blaine Gabbert,Zone,9,-0.7,0,0,-0.7,-0.07777777777777778,9,9,1.0
PHI,Boston Scott,Pull Across,7,4.199999999999999,6,0,10.2,1.457142857142857,7,77,0.09090909090909091
PHI,Boston Scott,Pull Front,9,7.900000000000001,6,-1,12.9,1.4333333333333333,9,77,0.11688311688311688
PHI,Boston Scott,Split Zone,10,7.6000000000000005,6,0,13.6,1.3599999999999999,10,77,0.12987012987012986
PHI,Boston Scott,Zone,51,19.200000000000006,30,0,49.19999999999999,0.964705882352941,51,77,0.6623376623376623
CIN,Brandon Allen,Zone,6,-0.09999999999999998,0,0,-0.09999999999999998,-0.016666666666666663,6,6,1.0
LV,Brandon Bolden,Duo,6,1.7000000000000002,0,0,1.7000000000000002,0.2833333333333334,6,35,0.17142857142857143
LV,Brandon Bolden,Pull Across,13,7.500000000000001,0,0,7.500000000000001,0.576923076923077,13,35,0.37142857142857144
LV,Brandon Bolden,Zone,16,7.500000000000001,6,0,13.5,0.84375,16,35,0.45714285714285713
NE,Brian Hoyer,Zone,11,-0.7999999999999999,0,0,-0.7999999999999999,-0.07272727272727272,11,11,1.0
LAR,Cam Akers,Duo,11,3.1000000000000005,0,0,3.1000000000000005,0.28181818181818186,11,70,0.15714285714285714
LAR,Cam Akers,Split Zone,11,3.4000000000000004,0,0,3.4000000000000004,0.30909090909090914,11,70,0.15714285714285714
LAR,Cam Akers,Zone,48,12.700000000000003,0,-2,10.700000000000001,0.22291666666666668,48,70,0.6857142857142857
WAS,Carson Wentz,Pass Protection,22,15.6,0,0,15.6,0.7090909090909091,22,49,0.4489795918367347
WAS,Carson Wentz,Zone,27,1.7000000000000002,6,-1,6.700000000000002,0.24814814814814823,27,49,0.5510204081632653
BUF,Case Keenum,Zone,8,0.30000000000000004,0,0,0.30000000000000004,0.037500000000000006,8,8,1.0
DAL,CeeDee Lamb,Zone,6,5.0,0,0,5.0,0.8333333333333334,6,6,1.0
KC,Chad Henne,Zone,7,-0.4,0,0,-0.4,-0.05714285714285715,7,7,1.0
PIT,Chase Claypool,Zone,10,4.4,0,0,4.4,0.44000000000000006,10,10,1.0
MIA,Chase Edmonds,Pass Protection,8,4.000000000000001,0,0,4.000000000000001,0.5000000000000001,8,110,0.07272727272727272
MIA,Chase Edmonds,Pull Across,14,7.300000000000001,6,0,13.299999999999997,0.9499999999999998,14,110,0.12727272727272726
MIA,Chase Edmonds,Split Zone,13,3.3000000000000007,6,0,9.3,0.7153846153846154,13,110,0.11818181818181818
MIA,Chase Edmonds,Zone,75,42.00000000000002,0,0,42.00000000000002,0.5600000000000003,75,110,0.6818181818181818
SEA,Chris Carson,Pull Across,6,3.3000000000000003,0,0,3.3000000000000003,0.55,6,42,0.14285714285714285
SEA,Chris Carson,Zone,36,17.000000000000004,18,-1,34.00000000000001,0.9444444444444446,36,42,0.8571428571428571
CIN,Chris Evans,Zone,12,5.6000000000000005,0,0,5.6000000000000005,0.46666666666666673,12,12,1.0
CAR,Christian McCaffrey,Duo,16,7.800000000000001,0,0,7.800000000000001,0.48750000000000004,16,90,0.17777777777777778
CAR,Christian McCaffrey,Pull 2,7,3.1999999999999997,0,0,3.1999999999999997,0.45714285714285713,7,90,0.07777777777777778
CAR,Christian McCaffrey,Pull Across,11,5.300000000000001,0,0,5.300000000000001,0.48181818181818187,11,90,0.12222222222222222
CAR,Christian McCaffrey,Zone,56,24.599999999999994,6,0,30.59999999999999,0.5464285714285713,56,90,0.6222222222222222
CAR,Chuba Hubbard,Duo,22,6.2,0,0,6.2,0.2818181818181818,22,166,0.13253012048192772
CAR,Chuba Hubbard,Pull 2,7,3.5000000000000004,0,0,3.5000000000000004,0.5000000000000001,7,166,0.04216867469879518
CAR,Chuba Hubbard,Pull Across,20,5.300000000000001,12,0,17.299999999999997,0.8649999999999999,20,166,0.12048192771084337
CAR,Chuba Hubbard,Pull Outside Numbers,9,4.1000000000000005,6,0,10.100000000000001,1.1222222222222225,9,166,0.05421686746987952
CAR,Chuba Hubbard,Split Zone,10,5.700000000000001,0,0,5.700000000000001,0.5700000000000001,10,166,0.060240963855421686
CAR,Chuba Hubbard,Zone,98,36.70000000000001,12,-1,47.700000000000024,0.48673469387755125,98,166,0.5903614457831325
KC,Clyde Edwards-Helaire,Duo,7,3.9000000000000004,6,0,9.9,1.4142857142857144,7,121,0.05785123966942149
KC,Clyde Edwards-Helaire,Pull Across,15,5.1000000000000005,0,0,5.1000000000000005,0.34,15,121,0.12396694214876033
KC,Clyde Edwards-Helaire,Split Zone,14,5.9,0,-2,3.900000000000001,0.27857142857142864,14,121,0.11570247933884298
KC,Clyde Edwards-Helaire,Zone,85,42.9,12,0,54.9,0.6458823529411765,85,121,0.7024793388429752
ARI,Colt McCoy,Pass Protection,8,2.1000000000000005,0,0,2.1000000000000005,0.26250000000000007,8,21,0.38095238095238093
ARI,Colt McCoy,Zone,13,0.9999999999999999,0,0,0.9999999999999999,0.07692307692307691,13,21,0.6190476190476191
LAR,Cooper Kupp,Zone,6,2.3000000000000003,0,0,2.3000000000000003,0.38333333333333336,6,6,1.0
DAL,Cooper Rush,Zone,8,-1.0000000000000002,0,0,-1.0000000000000002,-0.12500000000000003,8,8,1.0
ATL,Cordarrelle Patterson,Duo,11,3.0000000000000004,0,0,3.0000000000000004,0.27272727272727276,11,145,0.07586206896551724
ATL,Cordarrelle Patterson,Pull Outside Numbers,7,6.700000000000001,6,0,12.700000000000001,1.8142857142857145,7,145,0.04827586206896552
ATL,Cordarrelle Patterson,Split Zone,16,8.600000000000003,0,0,8.600000000000003,0.5375000000000002,16,145,0.1103448275862069
ATL,Cordarrelle Patterson,Zone,111,38.89999999999999,30,0,68.90000000000002,0.6207207207207209,111,145,0.7655172413793103
DET,Craig Reynolds,Pull Across,18,9.299999999999997,0,0,9.299999999999997,0.5166666666666665,18,48,0.375
DET,Craig Reynolds,Split Zone,13,3.3000000000000003,0,0,3.3000000000000003,0.2538461538461539,13,48,0.2708333333333333
DET,Craig Reynolds,Zone,17,6.6000000000000005,0,0,6.6000000000000005,0.38823529411764707,17,48,0.3541666666666667
DET,D'Andre Swift,Duo,10,2.5,0,0,2.5,0.25,10,142,0.07042253521126761
DET,D'Andre Swift,Pass Protection,13,10.4,0,0,10.4,0.8,13,142,0.09154929577464789
DET,D'Andre Swift,Pull 2,7,4.9,0,0,4.9,0.7000000000000001,7,142,0.04929577464788732
DET,D'Andre Swift,Pull Across,28,8.6,0,0,8.6,0.3071428571428571,28,142,0.19718309859154928
DET,D'Andre Swift,Split Zone,19,8.299999999999999,6,0,14.3,0.7526315789473684,19,142,0.13380281690140844
DET,D'Andre Swift,Zone,65,24.5,24,0,48.50000000000001,0.7461538461538463,65,142,0.45774647887323944
CLE,D'Ernest Johnson,Pass Protection,7,2.9,0,0,2.9,0.41428571428571426,7,85,0.08235294117647059
CLE,D'Ernest Johnson,Pull Across,33,14.700000000000001,6,0,20.700000000000006,0.6272727272727274,33,85,0.38823529411764707
CLE,D'Ernest Johnson,Split Zone,10,2.4000000000000004,6,0,8.4,0.8400000000000001,10,85,0.11764705882352941
CLE,D'Ernest Johnson,Zone,35,26.6,6,0,32.60000000000001,0.9314285714285717,35,85,0.4117647058823529
CAR,D'Onta Foreman,Duo,18,7.900000000000001,6,0,13.9,0.7722222222222223,18,132,0.13636363636363635
CAR,D'Onta Foreman,Pull Across,11,7.600000000000001,0,0,7.600000000000001,0.690909090909091,11,132,0.08333333333333333
CAR,D'Onta Foreman,Split Zone,15,4.1000000000000005,0,0,4.1000000000000005,0.2733333333333334,15,132,0.11363636363636363
CAR,D'Onta Foreman,Zone,88,40.59999999999999,12,-1,51.59999999999999,0.5863636363636362,88,132,0.6666666666666666
DAL,Dak Prescott,Pass Protection,19,13.100000000000001,6,-1,18.1,0.9526315789473685,19,46,0.41304347826086957
DAL,Dak Prescott,Zone,27,0.5000000000000002,0,-2,-1.5000000000000002,-0.055555555555555566,27,46,0.5869565217391305
MIN,Dalvin Cook,Duo,6,3.4000000000000004,0,0,3.4000000000000004,0.5666666666666668,6,247,0.024291497975708502
MIN,Dalvin Cook,Pass Protection,9,4.500000000000001,0,0,4.500000000000001,0.5000000000000001,9,247,0.03643724696356275
MIN,Dalvin Cook,Pull Across,25,9.600000000000001,6,0,15.600000000000001,0.6240000000000001,25,247,0.10121457489878542
MIN,Dalvin Cook,Pull Front,6,4.1,6,0,10.1,1.6833333333333333,6,247,0.024291497975708502
MIN,Dalvin Cook,Pull Outside Numbers,7,9.4,0,0,9.4,1.342857142857143,7,247,0.02834008097165992
MIN,Dalvin Cook,Split Zone,28,12.800000000000006,0,-1,11.800000000000006,0.42142857142857165,28,247,0.11336032388663968
MIN,Dalvin Cook,Zone,166,72.79999999999997,24,-1,95.79999999999997,0.5771084337349396,166,247,0.6720647773279352
NE,Damien Harris,Duo,35,13.199999999999998,24,-1,36.199999999999996,1.0342857142857143,35,204,0.1715686274509804
NE,Damien Harris,Pass Protection,13,8.100000000000001,0,0,8.100000000000001,0.6230769230769232,13,204,0.06372549019607843
NE,Damien Harris,Pull Across,40,19.7,6,-1,24.7,0.6174999999999999,40,204,0.19607843137254902
NE,Damien Harris,Pull Front,10,7.7,6,0,13.7,1.3699999999999999,10,204,0.049019607843137254
NE,Damien Harris,Pull Outside Numbers,18,7.5,6,0,13.5,0.75,18,204,0.08823529411764706
NE,Damien Harris,Wham,13,6.999999999999999,0,0,6.999999999999999,0.5384615384615384,13,204,0.06372549019607843
NE,Damien Harris,Zone,75,29.500000000000004,48,0,77.50000000000003,1.0333333333333337,75,204,0.36764705882352944
ATL,Damien Williams,Split Zone,7,1.3,0,0,1.3,0.18571428571428572,7,31,0.22580645161290322
ATL,Damien Williams,Zone,24,13.3,6,0,19.3,0.8041666666666667,24,31,0.7741935483870968
NYG,Daniel Jones,Pass Protection,19,13.3,6,-1,18.299999999999994,0.9631578947368418,19,47,0.40425531914893614
NYG,Daniel Jones,Zone,28,10.800000000000002,6,0,16.799999999999997,0.5999999999999999,28,47,0.5957446808510638
ARI,Darrel Williams,Duo,10,3.8999999999999995,0,0,3.8999999999999995,0.38999999999999996,10,144,0.06944444444444445
ARI,Darrel Williams,Pull 2,7,3.5,0,0,3.5,0.5,7,144,0.04861111111111111
ARI,Darrel Williams,Pull Across,30,15.4,24,0,39.400000000000006,1.3133333333333335,30,144,0.20833333333333334
ARI,Darrel Williams,Split Zone,22,6.4,6,0,12.400000000000002,0.5636363636363637,22,144,0.1527777777777778
ARI,Darrel Williams,Zone,75,28.0,6,0,33.99999999999999,0.45333333333333325,75,144,0.5208333333333334
CHI,David Montgomery,Duo,17,4.900000000000001,6,0,10.900000000000002,0.6411764705882355,17,212,0.08018867924528301
CHI,David Montgomery,Pull 2,6,0.19999999999999996,0,0,0.19999999999999996,0.033333333333333326,6,212,0.02830188679245283
CHI,David Montgomery,Pull Across,16,5.1,6,0,11.1,0.69375,16,212,0.07547169811320754
CHI,David Montgomery,Split Zone,27,8.900000000000002,0,0,8.900000000000002,0.3296296296296297,27,212,0.12735849056603774
CHI,David Montgomery,Zone,146,59.09999999999998,30,-1,88.09999999999997,0.6034246575342463,146,212,0.6886792452830188
HOU,Davis Mills,Pass Protection,10,4.2,0,0,4.2,0.42000000000000004,10,18,0.5555555555555556
HOU,Davis Mills,Zone,8,0.2,0,0,0.2,0.025,8,18,0.4444444444444444
SF,Deebo Samuel,Pull Across,19,9.999999999999998,6,0,15.999999999999998,0.8421052631578947,19,77,0.24675324675324675
SF,Deebo Samuel,Pull Outside Numbers,7,11.799999999999997,18,0,29.8,4.257142857142857,7,77,0.09090909090909091
SF,Deebo Samuel,Split Zone,16,10.3,6,0,16.3,1.01875,16,77,0.2077922077922078
SF,Deebo Samuel,Zone,35,14.500000000000004,18,0,32.49999999999999,0.9285714285714284,35,77,0.45454545454545453
LV,Derek Carr,Pass Protection,17,11.100000000000001,6,0,17.1,1.0058823529411764,17,36,0.4722222222222222
LV,Derek Carr,Zone,19,0.10000000000000014,0,0,0.10000000000000014,0.00526315789473685,19,36,0.5277777777777778
TEN,Derrick Henry,Duo,24,8.100000000000001,12,0,20.1,0.8375,24,231,0.1038961038961039
TEN,Derrick Henry,Pull Across,26,8.700000000000001,0,0,8.700000000000001,0.33461538461538465,26,231,0.11255411255411256
TEN,Derrick Henry,Pull Outside Numbers,9,5.9,0,0,5.9,0.6555555555555556,9,231,0.03896103896103896
TEN,Derrick Henry,Split Zone,13,3.9000000000000004,0,0,3.9000000000000004,0.30000000000000004,13,231,0.05627705627705628
TEN,Derrick Henry,Zone,159,70.3,54,0,124.30000000000004,0.7817610062893084,159,231,0.6883116883116883
BUF,Devin Singletary,Pull 2,26,14.3,6,0,20.299999999999994,0.7807692307692305,26,199,0.1306532663316583
BUF,Devin Singletary,Pull Across,37,18.5,18,0,36.5,0.9864864864864865,37,199,0.18592964824120603
BUF,Devin Singletary,Pull Front,8,4.3999999999999995,0,0,4.3999999999999995,0.5499999999999999,8,199,0.04020100502512563
BUF,Devin Singletary,Pull Outside Numbers,6,1.1000000000000003,0,0,1.1000000000000003,0.18333333333333338,6,199,0.03015075376884422
BUF,Devin Singletary,Split Zone,25,16.4,6,0,22.4,0.8959999999999999,25,199,0.12562814070351758
BUF,Devin Singletary,Zone,97,39.30000000000003,30,0,69.30000000000003,0.7144329896907219,97,199,0.48743718592964824
TEN,Dontrell Hilliard,Duo,7,6.5,6,0,12.5,1.7857142857142858,7,48,0.14583333333333334
TEN,Dontrell Hilliard,Split Zone,6,3.1,0,0,3.1,0.5166666666666667,6,48,0.125
TEN,Dontrell Hilliard,Zone,35,12.299999999999999,0,-1,11.299999999999999,0.32285714285714284,35,48,0.7291666666666666
SEA,Drew Lock,Pass Protection,7,4.800000000000001,12,0,16.8,2.4,7,7,1.0
SF,Elijah Mitchell,Pull Across,46,16.3,6,0,22.30000000000001,0.48478260869565243,46,247,0.1862348178137652
SF,Elijah Mitchell,Split Zone,56,30.200000000000014,12,0,42.20000000000001,0.7535714285714288,56,247,0.22672064777327935
SF,Elijah Mitchell,Zone,145,64.80000000000003,18,0,82.80000000000004,0.571034482758621,145,247,0.5870445344129555
ARI,Eno Benjamin,Zone,28,10.600000000000001,6,0,16.599999999999998,0.5928571428571427,28,28,1.0
DAL,Ezekiel Elliott,Duo,31,18.8,6,0,24.800000000000004,0.8000000000000002,31,248,0.125
DAL,Ezekiel Elliott,Pass Protection,6,3.1000000000000005,0,0,3.1000000000000005,0.5166666666666667,6,248,0.024193548387096774
DAL,Ezekiel Elliott,Pull 2,12,6.300000000000001,12,0,18.3,1.5250000000000001,12,248,0.04838709677419355
DAL,Ezekiel Elliott,Pull Across,28,9.5,12,0,21.5,0.7678571428571429,28,248,0.11290322580645161
DAL,Ezekiel Elliott,Pull Front,7,2.4000000000000004,0,0,2.4000000000000004,0.3428571428571429,7,248,0.028225806451612902
DAL,Ezekiel Elliott,Pull Outside Numbers,10,5.800000000000001,0,0,5.800000000000001,0.5800000000000001,10,248,0.04032258064516129
DAL,Ezekiel Elliott,Split Zone,13,4.3,6,0,10.3,0.7923076923076924,13,248,0.05241935483870968
DAL,Ezekiel Elliott,Zone,141,54.39999999999999,24,-1,77.40000000000005,0.5489361702127663,141,248,0.5685483870967742
BUF,Isaiah McKenzie,Zone,6,3.3,0,0,3.3,0.5499999999999999,6,6,1.0
WAS,J.D. McKissic,Pull Across,7,3.3,6,0,9.3,1.3285714285714287,7,42,0.16666666666666666
WAS,J.D. McKissic,Split Zone,7,3.8000000000000003,0,0,3.8000000000000003,0.5428571428571429,7,42,0.16666666666666666
WAS,J.D. McKissic,Zone,28,12.9,6,0,18.900000000000002,0.675,28,42,0.6666666666666666
CIN,Ja'Marr Chase,Zone,9,4.1000000000000005,0,0,4.1000000000000005,0.4555555555555556,9,9,1.0
CLE,Jacoby Brissett,Pass Protection,8,5.1000000000000005,6,0,11.099999999999998,1.3874999999999997,8,15,0.5333333333333333
CLE,Jacoby Brissett,Zone,7,0.6000000000000001,0,0,0.6000000000000001,0.08571428571428573,7,15,0.4666666666666667
PHI,Jalen Hurts,Pass Protection,49,41.6,12,0,53.599999999999994,1.093877551020408,49,137,0.35766423357664234
PHI,Jalen Hurts,Pull 2,12,7.5,0,0,7.5,0.625,12,137,0.08759124087591241
PHI,Jalen Hurts,Pull Across,7,2.7,0,-1,1.7000000000000004,0.2428571428571429,7,137,0.051094890510948905
PHI,Jalen Hurts,Split Zone,11,6.200000000000001,0,0,6.200000000000001,0.5636363636363637,11,137,0.08029197080291971
PHI,Jalen Hurts,Zone,58,22.200000000000006,48,-1,69.19999999999999,1.1931034482758618,58,137,0.4233576642335766
DET,Jamaal Williams,Duo,17,4.999999999999999,6,0,10.999999999999998,0.6470588235294117,17,146,0.11643835616438356
DET,Jamaal Williams,Pull Across,36,17.599999999999998,0,0,17.599999999999998,0.4888888888888888,36,146,0.2465753424657534
DET,Jamaal Williams,Split Zone,23,8.5,0,0,8.5,0.3695652173913043,23,146,0.15753424657534246
DET,Jamaal Williams,Zone,70,27.5,6,0,33.50000000000001,0.47857142857142865,70,146,0.4794520547945205
NO,Jameis Winston,Pass Protection,17,14.400000000000002,6,0,20.400000000000002,1.2000000000000002,17,29,0.5862068965517241
NO,Jameis Winston,Zone,12,0.6000000000000001,0,0,0.6000000000000001,0.05000000000000001,12,29,0.41379310344827586
ARI,James Conner,Duo,10,2.7,0,0,2.7,0.27,10,202,0.04950495049504951
ARI,James Conner,Pass Protection,7,4.6,0,0,4.6,0.6571428571428571,7,202,0.034653465346534656
ARI,James Conner,Pull 2,8,2.5,0,0,2.5,0.3125,8,202,0.039603960396039604
ARI,James Conner,Pull Across,27,10.499999999999998,12,0,22.499999999999996,0.8333333333333331,27,202,0.13366336633663367
ARI,James Conner,Pull Front,8,1.9000000000000004,6,0,7.899999999999999,0.9874999999999998,8,202,0.039603960396039604
ARI,James Conner,Split Zone,24,7.3999999999999995,0,0,7.3999999999999995,0.3083333333333333,24,202,0.1188118811881188
ARI,James Conner,Zone,118,44.90000000000004,78,0,122.9,1.0415254237288136,118,202,0.5841584158415841
JAX,James Robinson,Duo,13,5.300000000000001,6,0,11.3,0.8692307692307693,13,158,0.08227848101265822
JAX,James Robinson,Pull Across,20,11.700000000000001,0,0,11.700000000000001,0.5850000000000001,20,158,0.12658227848101267
JAX,James Robinson,Pull Front,7,3.2,12,0,15.200000000000001,2.1714285714285717,7,158,0.04430379746835443
JAX,James Robinson,Pull Outside Numbers,6,3.3000000000000003,0,0,3.3000000000000003,0.55,6,158,0.0379746835443038
JAX,James Robinson,Split Zone,22,6.800000000000001,12,-1,17.799999999999997,0.809090909090909,22,158,0.13924050632911392
JAX,James Robinson,Zone,90,44.2,18,-1,61.19999999999999,0.6799999999999998,90,158,0.569620253164557
DET,Jared Goff,Pass Protection,10,5.6000000000000005,0,-1,4.6000000000000005,0.4600000000000001,10,10,1.0
DEN,Javonte Williams,Duo,20,11.700000000000001,0,0,11.700000000000001,0.5850000000000001,20,195,0.10256410256410256
DEN,Javonte Williams,Pull 2,6,6.200000000000001,0,0,6.200000000000001,1.0333333333333334,6,195,0.03076923076923077
DEN,Javonte Williams,Pull Across,46,21.300000000000004,0,0,21.300000000000004,0.46304347826086967,46,195,0.2358974358974359
DEN,Javonte Williams,Split Zone,33,14.800000000000002,0,0,14.800000000000002,0.44848484848484854,33,195,0.16923076923076924
DEN,Javonte Williams,Zone,90,32.3,24,-1,55.29999999999998,0.6144444444444442,90,195,0.46153846153846156
KC,Jerick McKinnon,Pull 2,6,2.7000000000000006,0,0,2.7000000000000006,0.4500000000000001,6,39,0.15384615384615385
KC,Jerick McKinnon,Pull Across,8,4.800000000000001,0,0,4.800000000000001,0.6000000000000001,8,39,0.20512820512820512
KC,Jerick McKinnon,Zone,25,12.200000000000001,0,0,12.200000000000001,0.48800000000000004,25,39,0.6410256410256411
SF,Jimmy Garoppolo,Pass Protection,7,2.5,0,0,2.5,0.35714285714285715,7,39,0.1794871794871795
SF,Jimmy Garoppolo,Zone,32,2.8000000000000003,18,-1,19.799999999999994,0.6187499999999998,32,39,0.8205128205128205
CIN,Joe Burrow,Pass Protection,25,14.500000000000002,12,0,26.499999999999996,1.0599999999999998,25,48,0.5208333333333334
CIN,Joe Burrow,Zone,23,-0.4,0,0,-0.4,-0.017391304347826087,23,48,0.4791666666666667
CIN,Joe Mixon,Duo,48,20.000000000000004,6,0,26.000000000000004,0.5416666666666667,48,358,0.1340782122905028
CIN,Joe Mixon,Pass Protection,9,6.1000000000000005,0,0,6.1000000000000005,0.6777777777777778,9,358,0.025139664804469275
CIN,Joe Mixon,Pull 2,6,3.6000000000000005,0,0,3.6000000000000005,0.6000000000000001,6,358,0.01675977653631285
CIN,Joe Mixon,Pull Across,13,4.3999999999999995,0,0,4.3999999999999995,0.3384615384615384,13,358,0.036312849162011177
CIN,Joe Mixon,Pull Front,8,3.1000000000000005,0,0,3.1000000000000005,0.38750000000000007,8,358,0.0223463687150838
CIN,Joe Mixon,Pull Outside Numbers,25,9.6,6,0,15.6,0.624,25,358,0.06983240223463687
CIN,Joe Mixon,Split Zone,47,16.000000000000004,6,0,22.000000000000007,0.4680851063829789,47,358,0.13128491620111732
CIN,Joe Mixon,Zone,202,85.0,66,-1,149.99999999999991,0.7425742574257421,202,358,0.5642458100558659
IND,Jonathan Taylor,Duo,24,9.0,0,0,9.0,0.375,24,323,0.07430340557275542
IND,Jonathan Taylor,Pull Across,20,5.500000000000001,6,0,11.500000000000002,0.5750000000000001,20,323,0.06191950464396285
IND,Jonathan Taylor,Pull Outside Numbers,7,2.9000000000000004,0,0,2.9000000000000004,0.4142857142857143,7,323,0.021671826625386997
IND,Jonathan Taylor,Split Zone,54,35.800000000000004,0,-1,34.800000000000004,0.6444444444444445,54,323,0.16718266253869968
IND,Jonathan Taylor,Wham,13,14.600000000000001,12,0,26.599999999999998,2.046153846153846,13,323,0.04024767801857585
IND,Jonathan Taylor,Zone,205,105.69999999999999,90,-1,194.70000000000007,0.949756097560976,205,323,0.6346749226006192
GB,Jordan Love,Pass Protection,6,3.3000000000000003,0,0,3.3000000000000003,0.55,6,12,0.5
GB,Jordan Love,Zone,6,-0.6,0,0,-0.6,-0.09999999999999999,6,12,0.5
BUF,Josh Allen,Pass Protection,48,43.2,6,0,49.20000000000001,1.0250000000000001,48,124,0.3870967741935484
BUF,Josh Allen,Pull 2,17,9.3,18,0,27.299999999999997,1.6058823529411763,17,124,0.13709677419354838
BUF,Josh Allen,Pull Across,7,3.7000000000000006,6,0,9.700000000000001,1.385714285714286,7,124,0.056451612903225805
BUF,Josh Allen,Pull Outside Numbers,11,11.700000000000001,6,0,17.700000000000003,1.6090909090909093,11,124,0.08870967741935484
BUF,Josh Allen,Zone,41,10.800000000000006,0,-2,8.800000000000002,0.21463414634146347,41,124,0.33064516129032256
LV,Josh Jacobs,Duo,13,3.3000000000000007,6,0,9.299999999999997,0.7153846153846152,13,220,0.05909090909090909
LV,Josh Jacobs,Pull 2,9,2.5999999999999996,6,0,8.600000000000001,0.9555555555555557,9,220,0.04090909090909091
LV,Josh Jacobs,Pull Across,23,8.4,0,0,8.4,0.3652173913043478,23,220,0.10454545454545454
LV,Josh Jacobs,Split Zone,49,27.200000000000003,12,0,39.20000000000001,0.8000000000000002,49,220,0.22272727272727272
LV,Josh Jacobs,Zone,126,52.20000000000002,30,-1,81.20000000000002,0.6444444444444446,126,220,0.5727272727272728
LAC,Joshua Kelley,Zone,17,4.5,0,0,4.5,0.2647058823529412,17,17,1.0
CHI,Justin Fields,Pass Protection,33,26.900000000000006,0,0,26.900000000000006,0.8151515151515153,33,64,0.515625
CHI,Justin Fields,Slide Left,8,6.9,6,0,12.9,1.6125,8,64,0.125
CHI,Justin Fields,Split Zone,7,1.7000000000000002,0,-1,0.7000000000000003,0.10000000000000005,7,64,0.109375
CHI,Justin Fields,Zone,16,3.3,6,0,9.300000000000002,0.5812500000000002,16,64,0.25
LAC,Justin Herbert,Pass Protection,32,25.50000000000001,18,0,43.500000000000014,1.3593750000000004,32,56,0.5714285714285714
LAC,Justin Herbert,Zone,24,1.9999999999999996,0,0,1.9999999999999996,0.08333333333333331,24,56,0.42857142857142855
CLE,Kareem Hunt,Pass Protection,6,7.000000000000001,0,0,7.000000000000001,1.1666666666666667,6,68,0.08823529411764706
CLE,Kareem Hunt,Pull 2,8,3.8,6,0,9.799999999999999,1.2249999999999999,8,68,0.11764705882352941
CLE,Kareem Hunt,Pull Across,18,11.9,12,0,23.9,1.3277777777777777,18,68,0.2647058823529412
CLE,Kareem Hunt,Zone,36,12.800000000000002,12,0,24.799999999999997,0.6888888888888888,36,68,0.5294117647058824
TB,Ke'Shawn Vaughn,Duo,12,5.9,6,0,11.900000000000002,0.9916666666666668,12,43,0.27906976744186046
TB,Ke'Shawn Vaughn,Pull Across,11,3.600000000000001,0,0,3.600000000000001,0.3272727272727274,11,43,0.2558139534883721
TB,Ke'Shawn Vaughn,Zone,20,10.099999999999998,12,0,22.1,1.105,20,43,0.46511627906976744
ATL,Keith Smith,Zone,9,3.0999999999999996,0,0,3.0999999999999996,0.3444444444444444,9,9,1.0
MIN,Kene Nwangwu,Zone,9,2.6,0,0,2.6,0.2888888888888889,9,9,1.0
PHI,Kenneth Gainwell,Duo,6,2.0,0,0,2.0,0.3333333333333333,6,57,0.10526315789473684
PHI,Kenneth Gainwell,Split Zone,7,2.7,6,0,8.7,1.2428571428571427,7,57,0.12280701754385964
PHI,Kenneth Gainwell,Zone,44,18.9,18,0,36.89999999999999,0.8386363636363634,44,57,0.7719298245614035
LV,Kenyan Drake,Pull Across,14,3.4,0,0,3.4,0.24285714285714285,14,57,0.24561403508771928
LV,Kenyan Drake,Split Zone,15,9.300000000000002,6,0,15.300000000000002,1.0200000000000002,15,57,0.2631578947368421
LV,Kenyan Drake,Zone,28,10.9,6,0,16.9,0.6035714285714285,28,57,0.49122807017543857
CHI,Khalil Herbert,Pull Across,8,3.1000000000000005,0,0,3.1000000000000005,0.38750000000000007,8,98,0.08163265306122448
CHI,Khalil Herbert,Split Zone,15,6.7,0,0,6.7,0.44666666666666666,15,98,0.15306122448979592
CHI,Khalil Herbert,Zone,75,32.60000000000001,12,0,44.6,0.5946666666666667,75,98,0.7653061224489796
MIN,Kirk Cousins,Pass Protection,11,9.300000000000002,0,0,9.300000000000002,0.8454545454545457,11,24,0.4583333333333333
MIN,Kirk Cousins,Zone,13,-0.9,6,0,5.1,0.3923076923076923,13,24,0.5416666666666666
SF,Kyle Juszczyk,Zone,8,2.2,6,0,8.2,1.025,8,8,1.0
ARI,Kyler Murray,Pass Protection,38,26.6,12,0,38.60000000000001,1.0157894736842108,38,73,0.5205479452054794
ARI,Kyler Murray,Zone,35,10.3,18,0,28.299999999999994,0.8085714285714284,35,73,0.4794520547945205
GB,Kylin Hill,Zone,6,1.2,0,0,1.2,0.19999999999999998,6,6,1.0
BAL,Lamar Jackson,Pass Protection,36,29.299999999999997,6,0,35.300000000000004,0.9805555555555556,36,121,0.2975206611570248
BAL,Lamar Jackson,Pull 2,21,12.000000000000004,0,-1,11.000000000000002,0.523809523809524,21,121,0.17355371900826447
BAL,Lamar Jackson,Pull Across,29,15.7,0,0,15.7,0.5413793103448276,29,121,0.2396694214876033
BAL,Lamar Jackson,Split Zone,8,3.9000000000000004,0,0,3.9000000000000004,0.48750000000000004,8,121,0.06611570247933884
BAL,Lamar Jackson,Zone,27,8.0,12,-1,19.0,0.7037037037037037,27,121,0.2231404958677686
TB,Leonard Fournette,Duo,48,18.7,18,0,36.7,0.7645833333333334,48,179,0.2681564245810056
TB,Leonard Fournette,Pull Across,39,23.800000000000004,12,0,35.80000000000002,0.9179487179487185,39,179,0.21787709497206703
TB,Leonard Fournette,Pull Front,6,3.4,0,0,3.4,0.5666666666666667,6,179,0.0335195530726257
TB,Leonard Fournette,Split Zone,17,3.7999999999999994,0,0,3.7999999999999994,0.22352941176470584,17,179,0.09497206703910614
TB,Leonard Fournette,Zone,69,23.699999999999996,24,0,47.7,0.691304347826087,69,179,0.3854748603351955
TEN,Logan Woodside,Zone,6,-0.6,0,0,-0.6,-0.09999999999999999,6,6,1.0
NE,Mac Jones,Pass Protection,17,12.399999999999999,0,0,12.399999999999999,0.7294117647058823,17,44,0.38636363636363635
NE,Mac Jones,Zone,27,2.3000000000000007,0,-1,1.3000000000000007,0.048148148148148176,27,44,0.6136363636363636
ATL,Marcus Mariota,Zone,7,6.8,6,0,12.799999999999999,1.8285714285714285,7,7,1.0
HOU,Marlon Mack,Zone,16,6.200000000000001,0,0,6.200000000000001,0.38750000000000007,16,16,1.0
NYG,Matt Breida,Pull 2,6,5.200000000000001,0,0,5.200000000000001,0.8666666666666668,6,15,0.4
NYG,Matt Breida,Zone,9,3.1,0,0,3.1,0.34444444444444444,9,15,0.6
IND,Matt Ryan,Pass Protection,11,5.6000000000000005,0,-1,4.6000000000000005,0.4181818181818182,11,34,0.3235294117647059
IND,Matt Ryan,Zone,23,0.30000000000000016,0,0,0.30000000000000016,0.013043478260869571,23,34,0.6764705882352942
LAR,Matthew Stafford,Pass Protection,13,7.1,0,-1,6.1,0.46923076923076923,13,46,0.2826086956521739
LAR,Matthew Stafford,Zone,33,-0.9999999999999999,12,0,11.000000000000002,0.33333333333333337,33,46,0.717391304347826
KC,Mecole Hardman,Zone,8,5.500000000000001,6,0,11.5,1.4375,8,8,1.0
KC,Michael Burton,Zone,10,3.0000000000000004,6,0,8.999999999999998,0.8999999999999998,10,10,1.0
NYJ,Michael Carter,Pull Across,33,11.000000000000002,6,0,17.0,0.5151515151515151,33,133,0.24812030075187969
NYJ,Michael Carter,Split Zone,25,8.1,12,0,20.100000000000005,0.8040000000000002,25,133,0.18796992481203006
NYJ,Michael Carter,Zone,75,35.599999999999994,0,0,35.599999999999994,0.47466666666666657,75,133,0.5639097744360902
BAL,Mike Davis,Duo,6,1.9000000000000001,0,0,1.9000000000000001,0.3166666666666667,6,137,0.043795620437956206
BAL,Mike Davis,Pull Across,6,3.0000000000000004,0,0,3.0000000000000004,0.5000000000000001,6,137,0.043795620437956206
BAL,Mike Davis,Pull Outside Numbers,9,3.6,0,0,3.6,0.4,9,137,0.06569343065693431
BAL,Mike Davis,Split Zone,15,4.300000000000001,0,-1,3.3000000000000003,0.22000000000000003,15,137,0.10948905109489052
BAL,Mike Davis,Zone,101,37.2,18,0,55.2,0.5465346534653466,101,137,0.7372262773722628
PHI,Miles Sanders,Duo,7,2.8,0,0,2.8,0.39999999999999997,7,132,0.05303030303030303
PHI,Miles Sanders,Pull 2,11,11.4,0,0,11.4,1.0363636363636364,11,132,0.08333333333333333
PHI,Miles Sanders,Pull Across,8,1.3000000000000003,0,0,1.3000000000000003,0.16250000000000003,8,132,0.06060606060606061
PHI,Miles Sanders,Pull Front,6,2.5000000000000004,0,0,2.5000000000000004,0.41666666666666674,6,132,0.045454545454545456
PHI,Miles Sanders,Split Zone,18,7.800000000000002,0,0,7.800000000000002,0.4333333333333334,18,132,0.13636363636363635
PHI,Miles Sanders,Zone,82,41.59999999999998,0,-1,40.59999999999998,0.49512195121951197,82,132,0.6212121212121212
PIT,Najee Harris,Duo,32,11.000000000000004,0,0,11.000000000000004,0.3437500000000001,32,313,0.10223642172523961
PIT,Najee Harris,Pass Protection,15,4.300000000000001,0,0,4.300000000000001,0.28666666666666674,15,313,0.04792332268370607
PIT,Najee Harris,Pull Across,42,13.399999999999999,6,0,19.400000000000002,0.46190476190476193,42,313,0.134185303514377
PIT,Najee Harris,Pull Front,9,1.8,6,0,7.8,0.8666666666666667,9,313,0.02875399361022364
PIT,Najee Harris,Pull Outside Numbers,6,1.0,0,0,1.0,0.16666666666666666,6,313,0.019169329073482427
PIT,Najee Harris,Split Zone,53,24.5,12,0,36.499999999999986,0.6886792452830186,53,313,0.16932907348242812
PIT,Najee Harris,Zone,156,65.0,18,0,82.99999999999993,0.5320512820512816,156,313,0.4984025559105431
CLE,Nick Chubb,Duo,15,8.3,0,0,8.3,0.5533333333333333,15,217,0.06912442396313365
CLE,Nick Chubb,Pull 2,21,9.300000000000002,0,0,9.300000000000002,0.44285714285714295,21,217,0.0967741935483871
CLE,Nick Chubb,Pull Across,63,38.70000000000001,24,0,62.70000000000001,0.9952380952380954,63,217,0.2903225806451613
CLE,Nick Chubb,Pull Outside Numbers,16,12.8,6,0,18.8,1.175,16,217,0.07373271889400922
CLE,Nick Chubb,Split Zone,13,1.5999999999999999,0,0,1.5999999999999999,0.12307692307692307,13,217,0.059907834101382486
CLE,Nick Chubb,Zone,89,49.00000000000002,18,-1,66.0,0.7415730337078652,89,217,0.41013824884792627
IND,Nyheim Hines,Duo,6,2.3000000000000003,0,0,2.3000000000000003,0.38333333333333336,6,48,0.125
IND,Nyheim Hines,Pull Across,8,3.8000000000000007,0,0,3.8000000000000007,0.4750000000000001,8,48,0.16666666666666666
IND,Nyheim Hines,Split Zone,6,2.5,0,0,2.5,0.4166666666666667,6,48,0.125
IND,Nyheim Hines,Zone,28,15.600000000000003,12,0,27.6,0.9857142857142858,28,48,0.5833333333333334
KC,Patrick Mahomes,Pass Protection,56,48.6,18,-2,64.60000000000001,1.1535714285714287,56,73,0.7671232876712328
KC,Patrick Mahomes,Zone,17,-2.1000000000000005,0,0,-2.1000000000000005,-0.12352941176470592,17,73,0.2328767123287671
IND,Phillip Lindsay,Duo,7,2.1,0,0,2.1,0.3,7,77,0.09090909090909091
IND,Phillip Lindsay,Pull Across,25,6.5,0,0,6.5,0.26,25,77,0.3246753246753247
IND,Phillip Lindsay,Split Zone,9,2.6000000000000005,0,0,2.6000000000000005,0.288888888888889,9,77,0.11688311688311688
IND,Phillip Lindsay,Zone,36,11.900000000000002,0,0,11.900000000000002,0.3305555555555556,36,77,0.4675324675324675
SEA,Rashaad Penny,Duo,15,9.3,0,0,9.3,0.62,15,111,0.13513513513513514
SEA,Rashaad Penny,Pull Across,15,11.0,6,0,16.999999999999996,1.133333333333333,15,111,0.13513513513513514
SEA,Rashaad Penny,Split Zone,21,17.6,12,0,29.599999999999998,1.4095238095238094,21,111,0.1891891891891892
SEA,Rashaad Penny,Zone,60,32.900000000000006,18,0,50.900000000000006,0.8483333333333334,60,111,0.5405405405405406
HOU,Rex Burkhead,Duo,26,7.800000000000002,0,0,7.800000000000002,0.30000000000000004,26,112,0.23214285714285715
HOU,Rex Burkhead,Pull Across,28,9.900000000000004,0,0,9.900000000000004,0.3535714285714287,28,112,0.25
HOU,Rex Burkhead,Split Zone,13,3.8,0,0,3.8,0.29230769230769227,13,112,0.11607142857142858
HOU,Rex Burkhead,Zone,45,16.500000000000004,18,0,34.49999999999999,0.7666666666666665,45,112,0.4017857142857143
NE,Rhamondre Stevenson,Duo,19,7.800000000000002,6,0,13.8,0.7263157894736842,19,130,0.14615384615384616
NE,Rhamondre Stevenson,Pass Protection,8,5.6000000000000005,0,0,5.6000000000000005,0.7000000000000001,8,130,0.06153846153846154
NE,Rhamondre Stevenson,Pull Across,32,13.299999999999999,0,0,13.299999999999999,0.41562499999999997,32,130,0.24615384615384617
NE,Rhamondre Stevenson,Pull Front,6,1.7000000000000002,0,0,1.7000000000000002,0.2833333333333334,6,130,0.046153846153846156
NE,Rhamondre Stevenson,Pull Outside Numbers,17,10.700000000000001,6,0,16.700000000000003,0.9823529411764708,17,130,0.13076923076923078
NE,Rhamondre Stevenson,Split Zone,7,2.6,0,0,2.6,0.37142857142857144,7,130,0.05384615384615385
NE,Rhamondre Stevenson,Zone,41,16.400000000000002,18,0,34.399999999999984,0.8390243902439021,41,130,0.3153846153846154
ARI,Rondale Moore,Zone,6,4.7,0,0,4.7,0.7833333333333333,6,6,1.0
DEN,Russell Wilson,Pass Protection,20,15.200000000000006,12,0,27.200000000000003,1.36,20,32,0.625
DEN,Russell Wilson,Zone,12,0.8000000000000002,0,0,0.8000000000000002,0.06666666666666668,12,32,0.375
TEN,Ryan Tannehill,Pass Protection,14,13.500000000000004,12,0,25.5,1.8214285714285714,14,47,0.2978723404255319
TEN,Ryan Tannehill,Zone,33,5.800000000000002,24,-1,28.79999999999999,0.8727272727272725,33,47,0.7021276595744681
CAR,Sam Darnold,Pass Protection,19,16.7,12,0,28.700000000000003,1.510526315789474,19,40,0.475
CAR,Sam Darnold,Zone,21,0.8,12,-1,11.799999999999999,0.5619047619047619,21,40,0.525
CIN,Samaje Perine,Duo,7,4.500000000000001,0,0,4.500000000000001,0.642857142857143,7,50,0.14
CIN,Samaje Perine,Split Zone,11,4.6000000000000005,0,0,4.6000000000000005,0.4181818181818182,11,50,0.22
CIN,Samaje Perine,Zone,32,12.1,6,0,18.1,0.565625,32,50,0.64
NYG,Saquon Barkley,Duo,16,6.4,0,0,6.4,0.4,16,149,0.10738255033557047
NYG,Saquon Barkley,Pull Across,37,15.0,0,0,15.0,0.40540540540540543,37,149,0.2483221476510067
NYG,Saquon Barkley,Split Zone,28,9.299999999999999,6,-1,14.3,0.5107142857142858,28,149,0.18791946308724833
NYG,Saquon Barkley,Zone,68,28.400000000000002,6,0,34.4,0.5058823529411764,68,149,0.4563758389261745
MIA,Sony Michel,Duo,50,17.5,12,0,29.5,0.59,50,234,0.21367521367521367
MIA,Sony Michel,Pull Across,14,3.7000000000000006,0,0,3.7000000000000006,0.26428571428571435,14,234,0.05982905982905983
MIA,Sony Michel,Split Zone,22,6.3999999999999995,0,0,6.3999999999999995,0.2909090909090909,22,234,0.09401709401709402
MIA,Sony Michel,Zone,148,64.89999999999999,12,-1,75.89999999999996,0.5128378378378375,148,234,0.6324786324786325
WAS,Taylor Heinicke,Pass Protection,30,22.5,6,0,28.5,0.95,30,48,0.625
WAS,Taylor Heinicke,Zone,18,2.1999999999999993,0,0,2.1999999999999993,0.12222222222222218,18,48,0.375
NO,Taysom Hill,Pass Protection,10,9.200000000000001,0,0,9.200000000000001,0.9200000000000002,10,59,0.1694915254237288
NO,Taysom Hill,Pull Across,35,15.400000000000002,24,0,39.400000000000006,1.125714285714286,35,59,0.5932203389830508
NO,Taysom Hill,Zone,14,4.000000000000001,0,0,4.000000000000001,0.28571428571428575,14,59,0.23728813559322035
MIA,Teddy Bridgewater,Pass Protection,13,8.9,6,-1,13.899999999999999,1.0692307692307692,13,28,0.4642857142857143
MIA,Teddy Bridgewater,Zone,15,0.7,6,0,6.700000000000001,0.4466666666666667,15,28,0.5357142857142857
NYJ,Tevin Coleman,Pull Across,18,8.299999999999999,0,0,8.299999999999999,0.461111111111111,18,79,0.22784810126582278
NYJ,Tevin Coleman,Pull Front,6,5.2,0,0,5.2,0.8666666666666667,6,79,0.0759493670886076
NYJ,Tevin Coleman,Split Zone,10,6.000000000000001,0,0,6.000000000000001,0.6000000000000001,10,79,0.12658227848101267
NYJ,Tevin Coleman,Zone,45,16.3,0,0,16.3,0.3622222222222222,45,79,0.569620253164557
TB,Tom Brady,Pass Protection,11,7.6,0,-1,6.6,0.6,11,29,0.3793103448275862
TB,Tom Brady,Zone,18,0.5000000000000001,12,0,12.500000000000004,0.6944444444444446,18,29,0.6206896551724138
DAL,Tony Pollard,Duo,18,6.900000000000001,0,0,6.900000000000001,0.3833333333333334,18,131,0.13740458015267176
DAL,Tony Pollard,Pull 2,7,2.8000000000000003,0,0,2.8000000000000003,0.4,7,131,0.05343511450381679
DAL,Tony Pollard,Pull Across,17,10.2,0,0,10.2,0.6,17,131,0.1297709923664122
DAL,Tony Pollard,Pull Outside Numbers,7,10.600000000000001,6,0,16.6,2.3714285714285714,7,131,0.05343511450381679
DAL,Tony Pollard,Split Zone,8,4.7,0,0,4.7,0.5875,8,131,0.061068702290076333
DAL,Tony Pollard,Zone,74,38.3,6,0,44.3,0.5986486486486486,74,131,0.5648854961832062
JAX,Trevor Lawrence,Pass Protection,26,20.8,6,0,26.8,1.0307692307692309,26,60,0.43333333333333335
JAX,Trevor Lawrence,Zone,34,8.500000000000002,6,0,14.500000000000002,0.42647058823529416,34,60,0.5666666666666667
CHI,Trevor Siemian,Zone,6,-0.2,0,0,-0.2,-0.03333333333333333,6,6,1.0
SF,Trey Lance,Pass Protection,13,8.6,0,0,8.6,0.6615384615384615,13,31,0.41935483870967744
SF,Trey Lance,Pull Across,8,3.2,0,0,3.2,0.4,8,31,0.25806451612903225
SF,Trey Lance,Zone,10,1.2000000000000004,0,0,1.2000000000000004,0.12000000000000004,10,31,0.3225806451612903
MIA,Tua Tagovailoa,Pass Protection,12,8.399999999999999,0,0,8.399999999999999,0.6999999999999998,12,34,0.35294117647058826
MIA,Tua Tagovailoa,Zone,22,0.30000000000000016,12,0,12.3,0.5590909090909091,22,34,0.6470588235294118
NE,Ty Montgomery,Zone,8,0.9,0,0,0.9,0.1125,8,8,1.0
BAL,Tyler Huntley,Pass Protection,22,19.0,12,-1,30.0,1.3636363636363635,22,44,0.5
BAL,Tyler Huntley,Pull 2,7,3.9000000000000004,0,0,3.9000000000000004,0.5571428571428572,7,44,0.1590909090909091
BAL,Tyler Huntley,Pull Across,7,4.300000000000001,0,0,4.300000000000001,0.6142857142857144,7,44,0.1590909090909091
BAL,Tyler Huntley,Zone,8,1.3,0,0,1.3,0.1625,8,44,0.18181818181818182
MIA,Tyreek Hill,Zone,6,4.3,0,0,4.3,0.7166666666666667,6,6,1.0
NYG,Tyrod Taylor,Pass Protection,10,9.200000000000001,18,0,27.2,2.7199999999999998,10,10,1.0
NYJ,Zach Wilson,Pass Protection,13,15.700000000000001,6,0,21.7,1.669230769230769,13,25,0.52
NYJ,Zach Wilson,Zone,12,0.6000000000000001,18,0,18.599999999999998,1.5499999999999998,12,25,0.48
BUF,Zack Moss,Pass Protection,9,5.7,0,0,5.7,0.6333333333333333,9,84,0.10714285714285714
BUF,Zack Moss,Pull Across,11,3.8,12,0,15.8,1.4363636363636365,11,84,0.13095238095238096
BUF,Zack Moss,Split Zone,22,7.3999999999999995,0,0,7.3999999999999995,0.33636363636363636,22,84,0.2619047619047619
BUF,Zack Moss,Zone,42,12.6,6,0,18.599999999999998,0.4428571428571428,42,84,0.5
